Preparing immutable observed pitch schedules...

--- Rep 1/20 (seed=42) ---

--- Rep 2/20 (seed=1000045) ---

--- Rep 3/20 (seed=2000048) ---

--- Rep 4/20 (seed=3000051) ---

--- Rep 5/20 (seed=4000054) ---

--- Rep 6/20 (seed=5000057) ---

--- Rep 7/20 (seed=6000060) ---

--- Rep 8/20 (seed=7000063) ---

--- Rep 9/20 (seed=8000066) ---

--- Rep 10/20 (seed=9000069) ---

--- Rep 11/20 (seed=10000072) ---

--- Rep 12/20 (seed=11000075) ---

--- Rep 13/20 (seed=12000078) ---

--- Rep 14/20 (seed=13000081) ---

--- Rep 15/20 (seed=14000084) ---

--- Rep 16/20 (seed=15000087) ---

--- Rep 17/20 (seed=16000090) ---

--- Rep 18/20 (seed=17000093) ---

--- Rep 19/20 (seed=18000096) ---

--- Rep 20/20 (seed=19000099) ---

=== Held-out next-pitch resolution (B+D) ===
  n=708908  NLL=0.6888  Brier=0.3342
  conditioning: observed pitch + prior history; launch marginalized; includes continuation

=== Marginal outcome calibration ===
  outcome   real%    sim%   ratio      recal
       K   22.58   20.24   0.896     0.1096
      BB    8.18   13.27   1.622    -0.4834
     HBP    1.11    1.32   1.190    -0.1737
      1B   14.20   13.75   0.968     0.0322
      2B    4.26    3.28   0.769     0.2622
      3B    0.38    0.29   0.764     0.2688
      HR    2.99    3.20   1.069    -0.0670
     out   46.30   44.67   0.965     0.0360
       E    0.00    0.00     nan        nan

=== Score distribution ===
                   real      sim
  mean             8.63 9.98 +/- 0.09
  std              4.27     4.73
  median            8.0      9.0
  shutout%         13.4     10.4
  blowout%         28.3     30.9

=== Runs-by-inning fraction (fatigue shape test) ===
  inning   1    2    3    4    5    6    7    8    9   | late(6-9)
  real  11.7 10.8 11.7 11.8 11.9 11.8 11.0 11.0  8.2  | 42.0%
  sim   12.6 11.3 11.4 11.6 11.4 11.6 11.4 11.6  7.2  | 41.7%

=== ABCD PITCHFORMER GAME EVAL (2429 games, 20 reps, 29811s) ===
  runs/game   real 8.63   sim 9.98 +/- 0.09
  home runs/g 4.89 +/- 0.06   away 5.09 +/- 0.05   home-win 50.0 +/- 1.1%  (ties 0)
  extras      real 8.9%   sim 33.9 +/- 0.7%   walk-offs 7.8 +/- 0.6%
  truncated half-innings: 26
  extra half-innings: 11.5   unresolved: 0.2

=== Sampling consistency only (generated B+D, 187419 terminal PAs) ===
  mean=0.4998  std=0.2893  (ideal: mean=0.5, std=0.2887)
  KS stat=0.0018  p=0.5852
  PIT histogram (10 bins, expected 18742 each):
    18859  18745  18816  18736  18701  18577  18791  18605  18613  18976
     1.01   1.00   1.00   1.00   1.00   0.99   1.00   0.99   0.99   1.01

=== Player-level via ABCD game eval (382 batters >= 150 PA) ===
  stat      real      sim      MAE    corr
  AVG     0.2390   0.2395   0.0254   0.269
  OBP     0.3097   0.3501   0.0456   0.240
  SLG     0.3905   0.3964   0.0576   0.209
  K%      0.2260   0.2034   0.0438   0.552
  BB%     0.0814   0.1321   0.0515   0.471
  HR%     0.0292   0.0319   0.0117   0.240

=== Coverage (20 reps, 382 batters) ===
  stat    cov50%   cov90%   cov95%
  AVG       34.6     69.9     76.2
  OBP       16.5     38.5     44.8
  SLG       32.7     65.2     71.5
  K%        16.0     38.7     45.5
  BB%        4.7     14.9     19.1
  HR%       26.4     59.4     66.2
saved paired-rate artifact -> data/eval2/prod_rates_v26a_abcd_id_s42.npz
saved benchmark arrays -> data/eval2/calib_v26a_abcd_id_s42-observed-schedule_arrays.npz
{
  "tag": "v26a_abcd_id_s42",
  "season": 2024,
  "c_events": true,
  "games": 2429,
  "reps": 20,
  "elapsed_s": 29811.327211856842,
  "truncated_half_innings": 26,
  "batch_games": 256,
  "total_mean": 9.975339645944832,
  "total_std": 0.08506278173691459,
  "home_mean": 4.8860848085631945,
  "away_mean": 5.089254837381639,
  "home_win_rate": 0.5003499382461919,
  "real_total_mean": 8.634829147797447,
  "score_dist": {
    "sim_std": 4.727625374506365,
    "sim_median": 9.0,
    "sim_shutout_rate": 10.354055166735282,
    "sim_blowout_rate": 30.860436393577608,
    "real_std": 4.270741335866924,
    "real_median": 8.0,
    "real_shutout_rate": 13.421160971593249,
    "real_blowout_rate": 28.324413338822563
  },
  "pa_outcomes_sim": {
    "K": 38456.35,
    "BB": 25214.65,
    "HBP": 2503.1,
    "1B": 26124.25,
    "2B": 6227.1,
    "3B": 554.85,
    "HR": 6073.4,
    "out": 84882.75,
    "E": 1.55
  },
  "pa_outcomes_real": {
    "K": 41197.0,
    "BB": 14929.0,
    "HBP": 2020.0,
    "1B": 25902.0,
    "2B": 7771.0,
    "3B": 697.0,
    "HR": 5453.0,
    "out": 84480.0,
    "E": 0.0
  },
  "runs_by_inning_frac_sim": [
    0.1256601882749283,
    0.11347029286026503,
    0.11417605731404386,
    0.11572831266857857,
    0.11389886885787695,
    0.1155129585603258,
    0.11422296612970287,
    0.1155150907792194,
    0.07181526455505922
  ],
  "runs_by_inning_frac_real": [
    0.11716795054217163,
    0.10794367302880134,
    0.11741327707178255,
    0.1183945831902262,
    0.11927775869682547,
    0.11760953829547127,
    0.11020067710122172,
    0.11044600363083264,
    0.0815465384426672
  ],
  "extra_runs_per_game": 0.3212638946068341,
  "sim_extra_rate": 33.90489913544668,
  "real_extra_rate": 8.892548373816386,
  "walkoff_rate": 7.76039522437217,
  "n_ties_mean": 0.25,
  "n_extra_half_innings_mean": 11.5,
  "n_unresolved_mean": 0.25,
  "events": [
    1517.6,
    317.5,
    120.35,
    2850.35,
    477.1,
    12322.2,
    41.6,
    324.6
  ],
  "simulation_consistency": {
    "n": 187419,
    "histogram": [
      18859,
      18745,
      18816,
      18736,
      18701,
      18577,
      18791,
      18605,
      18613,
      18976
    ],
    "bin_edges": [
      0.0,
      0.1,
      0.2,
      0.30000000000000004,
      0.4,
      0.5,
      0.6000000000000001,
      0.7000000000000001,
      0.8,
      0.9,
      1.0
    ],
    "chi2": 7.506330734877466,
    "ks_stat": 0.0017894483472917777,
    "ks_pvalue": 0.5851805981330664,
    "mean": 0.4997569547721974,
    "std": 0.2892510979825588
  },
  "heldout_pitch_calibration": {
    "scope": "heldout_next_pitch_resolution",
    "n": 708908,
    "conditioning": "observed pitch and prior history; launch marginalized; includes continuation",
    "nll": 0.688764361690644,
    "brier": 0.3341623674302726,
    "pit_histogram": [
      74477,
      70867,
      70204,
      69873,
      70635,
      70279,
      69751,
      70672,
      70928,
      71222
    ],
    "predicted_rates": [
      0.05826864438353041,
      0.020773542603102553,
      0.0026153694072039023,
      0.03611823873085397,
      0.008340058260577404,
      0.0007109337778267393,
      0.007851043322281488,
      0.11892629004349738,
      2.2161459986772846e-06,
      0.7463936633251131
    ],
    "observed_rates": [
      0.05803150761452826,
      0.02027625587523346,
      0.0028494529614562117,
      0.036518137755533864,
      0.010961930179938722,
      0.0009817917134522392,
      0.007687880514819977,
      0.11912829309303886,
      0.0,
      0.7435647502919984
    ],
    "launch_samples": 16
  },
  "skill_policy": {
    "mode": "fixed",
    "resample_per_rep": false,
    "skill_seeds": [],
    "calibration_mode": "fixed_checkpoint",
    "source_world": null
  },
  "completion_diagnostics": {
    "per_rep": [
      {
        "flagged_games": 246,
        "no_detected_completion_fault": 2183,
        "flagged_fraction": 0.10127624536846438,
        "reasons": {
          "regulation_truncated": [
            744820,
            744849,
            744852,
            744865,
            745066,
            745141,
            745373,
            745429,
            745503,
            745566,
            745655,
            745686,
            745785,
            745853,
            745910,
            745921,
            745968,
            746052,
            746069,
            746266,
            746455,
            746803,
            746873,
            746948,
            747041,
            747057,
            747132,
            747136,
            747214
          ],
          "extra_truncated": [],
          "unresolved_tie": [],
          "skipped_extra_innings": [
            744795,
            744797,
            744811,
            744812,
            744821,
            744835,
            744840,
            744857,
            744877,
            744889,
            744895,
            744901,
            744903,
            744905,
            744922,
            744929,
            744948,
            745035,
            745036,
            745039,
            745057,
            745074,
            745085,
            745086,
            745103,
            745115,
            745144,
            745193,
            745204,
            745221,
            745281,
            745284,
            745288,
            745306,
            745310,
            745331,
            745342,
            745364,
            745371,
            745384,
            745385,
            745387,
            745403,
            745415,
            745431,
            745440,
            745461,
            745464,
            745484,
            745517,
            745520,
            745527,
            745532,
            745539,
            745541,
            745573,
            745576,
            745592,
            745593,
            745595,
            745597,
            745603,
            745621,
            745626,
            745647,
            745650,
            745662,
            745687,
            745698,
            745699,
            745726,
            745756,
            745792,
            745805,
            745811,
            745821,
            745827,
            745841,
            745847,
            745882,
            745907,
            745933,
            745947,
            745951,
            745961,
            745988,
            745993,
            746013,
            746023,
            746035,
            746061,
            746068,
            746070,
            746077,
            746080,
            746094,
            746100,
            746117,
            746127,
            746130,
            746137,
            746141,
            746142,
            746158,
            746166,
            746176,
            746189,
            746201,
            746203,
            746212,
            746222,
            746253,
            746256,
            746259,
            746264,
            746281,
            746290,
            746300,
            746303,
            746315,
            746317,
            746337,
            746339,
            746350,
            746354,
            746358,
            746363,
            746364,
            746368,
            746381,
            746392,
            746394,
            746396,
            746410,
            746411,
            746413,
            746416,
            746428,
            746437,
            746444,
            746462,
            746470,
            746472,
            746482,
            746483,
            746506,
            746540,
            746547,
            746568,
            746572,
            746584,
            746592,
            746598,
            746610,
            746612,
            746613,
            746650,
            746667,
            746669,
            746672,
            746673,
            746676,
            746687,
            746700,
            746722,
            746732,
            746741,
            746783,
            746791,
            746803,
            746809,
            746817,
            746830,
            746834,
            746835,
            746839,
            746848,
            746853,
            746858,
            746861,
            746866,
            746873,
            746878,
            746882,
            746883,
            746887,
            746888,
            746896,
            746897,
            746904,
            746916,
            746920,
            746935,
            746936,
            746943,
            746957,
            746980,
            746987,
            746993,
            746999,
            747001,
            747002,
            747041,
            747047,
            747048,
            747054,
            747055,
            747065,
            747068,
            747090,
            747097,
            747100,
            747111,
            747141,
            747166,
            747179,
            747184,
            747189,
            747196,
            747221
          ]
        },
        "mean_total_all": 9.948538493207082,
        "mean_total_no_detected_fault": 9.831882730187814
      },
      {
        "flagged_games": 247,
        "no_detected_completion_fault": 2182,
        "flagged_fraction": 0.10168793742280774,
        "reasons": {
          "regulation_truncated": [
            744820,
            744894,
            745066,
            745290,
            745436,
            745503,
            745631,
            745679,
            745910,
            746255,
            746311,
            746412,
            746474,
            746479,
            746568,
            746712,
            746804,
            746885,
            747041,
            747077,
            747136,
            747168,
            747214
          ],
          "extra_truncated": [],
          "unresolved_tie": [],
          "skipped_extra_innings": [
            744798,
            744810,
            744814,
            744816,
            744826,
            744833,
            744876,
            744890,
            744894,
            744920,
            744932,
            744938,
            744944,
            744963,
            744977,
            744996,
            745013,
            745014,
            745038,
            745052,
            745064,
            745066,
            745080,
            745090,
            745113,
            745121,
            745123,
            745142,
            745153,
            745154,
            745168,
            745176,
            745184,
            745190,
            745246,
            745250,
            745259,
            745276,
            745285,
            745288,
            745297,
            745309,
            745321,
            745341,
            745359,
            745362,
            745373,
            745376,
            745380,
            745398,
            745403,
            745406,
            745415,
            745416,
            745421,
            745450,
            745453,
            745455,
            745458,
            745467,
            745479,
            745489,
            745491,
            745501,
            745504,
            745517,
            745521,
            745545,
            745554,
            745561,
            745567,
            745569,
            745577,
            745597,
            745626,
            745638,
            745639,
            745646,
            745651,
            745666,
            745679,
            745690,
            745712,
            745749,
            745760,
            745798,
            745805,
            745811,
            745851,
            745859,
            745875,
            745880,
            745887,
            745901,
            745904,
            745926,
            745937,
            745941,
            745957,
            745960,
            745961,
            745994,
            745997,
            746000,
            746022,
            746023,
            746028,
            746041,
            746043,
            746055,
            746073,
            746075,
            746080,
            746082,
            746090,
            746096,
            746100,
            746116,
            746117,
            746129,
            746132,
            746135,
            746136,
            746137,
            746173,
            746174,
            746181,
            746190,
            746194,
            746213,
            746214,
            746219,
            746235,
            746236,
            746272,
            746280,
            746303,
            746317,
            746324,
            746328,
            746330,
            746340,
            746341,
            746351,
            746362,
            746394,
            746403,
            746413,
            746437,
            746450,
            746457,
            746461,
            746462,
            746466,
            746472,
            746496,
            746498,
            746505,
            746518,
            746519,
            746523,
            746532,
            746548,
            746560,
            746578,
            746582,
            746599,
            746601,
            746608,
            746613,
            746615,
            746617,
            746619,
            746621,
            746628,
            746636,
            746659,
            746679,
            746698,
            746701,
            746703,
            746706,
            746719,
            746749,
            746781,
            746785,
            746815,
            746818,
            746823,
            746839,
            746844,
            746847,
            746860,
            746874,
            746875,
            746884,
            746890,
            746902,
            746933,
            746952,
            746958,
            746967,
            746989,
            746992,
            747000,
            747013,
            747014,
            747020,
            747030,
            747032,
            747035,
            747043,
            747047,
            747058,
            747063,
            747072,
            747098,
            747099,
            747103,
            747126,
            747133,
            747145,
            747146,
            747150,
            747159,
            747168,
            747188,
            747213
          ]
        },
        "mean_total_all": 10.05763688760807,
        "mean_total_no_detected_fault": 9.945921173235563
      },
      {
        "flagged_games": 222,
        "no_detected_completion_fault": 2207,
        "flagged_fraction": 0.09139563606422396,
        "reasons": {
          "regulation_truncated": [
            744798,
            744889,
            745125,
            745275,
            745503,
            745522,
            745608,
            745693,
            745753,
            745755,
            745785,
            745821,
            745853,
            745861,
            746052,
            746306,
            746342,
            746640,
            746873,
            746911,
            746925,
            747064,
            747098,
            747104
          ],
          "extra_truncated": [],
          "unresolved_tie": [],
          "skipped_extra_innings": [
            744805,
            744814,
            744839,
            744869,
            744897,
            744903,
            744905,
            744913,
            744920,
            744921,
            744924,
            744925,
            744938,
            744952,
            744967,
            744977,
            745027,
            745030,
            745040,
            745046,
            745056,
            745064,
            745071,
            745079,
            745087,
            745088,
            745095,
            745101,
            745107,
            745113,
            745134,
            745175,
            745190,
            745195,
            745209,
            745237,
            745250,
            745253,
            745264,
            745265,
            745276,
            745278,
            745282,
            745292,
            745309,
            745310,
            745312,
            745319,
            745326,
            745390,
            745402,
            745420,
            745423,
            745433,
            745435,
            745448,
            745493,
            745503,
            745522,
            745530,
            745536,
            745545,
            745547,
            745553,
            745556,
            745590,
            745598,
            745635,
            745638,
            745646,
            745649,
            745653,
            745669,
            745670,
            745681,
            745682,
            745692,
            745696,
            745709,
            745734,
            745772,
            745774,
            745777,
            745792,
            745795,
            745807,
            745832,
            745855,
            745886,
            745894,
            745898,
            745900,
            745903,
            745911,
            745916,
            745923,
            745928,
            745934,
            745992,
            746006,
            746013,
            746035,
            746037,
            746043,
            746084,
            746090,
            746093,
            746107,
            746113,
            746114,
            746133,
            746146,
            746147,
            746179,
            746188,
            746193,
            746254,
            746262,
            746281,
            746288,
            746298,
            746305,
            746309,
            746314,
            746322,
            746329,
            746364,
            746366,
            746372,
            746383,
            746401,
            746422,
            746425,
            746426,
            746432,
            746448,
            746456,
            746491,
            746497,
            746539,
            746574,
            746575,
            746590,
            746609,
            746614,
            746615,
            746624,
            746625,
            746645,
            746656,
            746658,
            746664,
            746668,
            746681,
            746688,
            746700,
            746712,
            746734,
            746740,
            746751,
            746755,
            746756,
            746759,
            746778,
            746782,
            746783,
            746789,
            746804,
            746831,
            746838,
            746851,
            746857,
            746858,
            746862,
            746875,
            746876,
            746899,
            746903,
            746926,
            746930,
            746934,
            746952,
            746998,
            747008,
            747028,
            747056,
            747062,
            747068,
            747071,
            747075,
            747078,
            747091,
            747097,
            747100,
            747105,
            747113,
            747121,
            747181,
            747187,
            747209
          ]
        },
        "mean_total_all": 10.01358583779333,
        "mean_total_no_detected_fault": 9.89533303126416
      },
      {
        "flagged_games": 225,
        "no_detected_completion_fault": 2204,
        "flagged_fraction": 0.09263071222725401,
        "reasons": {
          "regulation_truncated": [
            744865,
            744898,
            745051,
            745136,
            745205,
            745697,
            746067,
            746108,
            746124,
            746172,
            746346,
            746502,
            746559,
            746873,
            746885,
            747057,
            747077,
            747176,
            747180
          ],
          "extra_truncated": [],
          "unresolved_tie": [],
          "skipped_extra_innings": [
            744807,
            744814,
            744825,
            744837,
            744846,
            744850,
            744857,
            744860,
            744862,
            744865,
            744880,
            744913,
            744927,
            744934,
            744937,
            744974,
            744980,
            744983,
            745018,
            745028,
            745030,
            745044,
            745069,
            745074,
            745092,
            745149,
            745206,
            745228,
            745242,
            745261,
            745283,
            745291,
            745305,
            745310,
            745353,
            745361,
            745369,
            745388,
            745397,
            745407,
            745415,
            745417,
            745418,
            745419,
            745441,
            745443,
            745452,
            745455,
            745473,
            745478,
            745485,
            745495,
            745500,
            745509,
            745517,
            745532,
            745538,
            745550,
            745560,
            745572,
            745587,
            745600,
            745601,
            745602,
            745615,
            745640,
            745641,
            745666,
            745682,
            745686,
            745701,
            745733,
            745746,
            745759,
            745760,
            745770,
            745771,
            745775,
            745778,
            745793,
            745823,
            745827,
            745829,
            745838,
            745842,
            745850,
            745877,
            745889,
            745891,
            745919,
            745920,
            745942,
            745947,
            745984,
            745990,
            745997,
            746006,
            746013,
            746021,
            746036,
            746069,
            746073,
            746076,
            746082,
            746083,
            746084,
            746094,
            746105,
            746117,
            746120,
            746138,
            746139,
            746156,
            746165,
            746167,
            746170,
            746171,
            746176,
            746185,
            746195,
            746204,
            746226,
            746233,
            746235,
            746251,
            746263,
            746276,
            746312,
            746327,
            746333,
            746373,
            746391,
            746410,
            746412,
            746416,
            746420,
            746442,
            746444,
            746451,
            746458,
            746467,
            746476,
            746493,
            746497,
            746510,
            746532,
            746538,
            746543,
            746573,
            746579,
            746584,
            746587,
            746619,
            746646,
            746651,
            746652,
            746658,
            746661,
            746679,
            746680,
            746693,
            746733,
            746735,
            746762,
            746790,
            746808,
            746813,
            746821,
            746843,
            746850,
            746859,
            746889,
            746907,
            746917,
            746921,
            746922,
            746945,
            746977,
            746985,
            746986,
            746988,
            746995,
            747001,
            747003,
            747008,
            747028,
            747039,
            747043,
            747044,
            747056,
            747060,
            747066,
            747078,
            747079,
            747099,
            747108,
            747113,
            747128,
            747142,
            747143,
            747175,
            747187,
            747189,
            747191,
            747192,
            747200,
            747218
          ]
        },
        "mean_total_all": 9.98147385755455,
        "mean_total_no_detected_fault": 9.884301270417422
      },
      {
        "flagged_games": 236,
        "no_detected_completion_fault": 2193,
        "flagged_fraction": 0.09715932482503088,
        "reasons": {
          "regulation_truncated": [
            744820,
            744865,
            745134,
            745297,
            745340,
            745484,
            745506,
            745655,
            745729,
            745910,
            745960,
            746002,
            746048,
            746052,
            746228,
            746474,
            746489,
            746502,
            746873,
            747013,
            747041,
            747168,
            747214
          ],
          "extra_truncated": [],
          "unresolved_tie": [],
          "skipped_extra_innings": [
            744812,
            744818,
            744821,
            744833,
            744848,
            744866,
            744893,
            744896,
            744901,
            744916,
            744938,
            744941,
            744953,
            744972,
            744985,
            744999,
            745001,
            745008,
            745018,
            745021,
            745025,
            745032,
            745036,
            745037,
            745041,
            745061,
            745069,
            745084,
            745090,
            745097,
            745110,
            745138,
            745144,
            745155,
            745175,
            745178,
            745188,
            745193,
            745201,
            745212,
            745232,
            745243,
            745260,
            745264,
            745272,
            745293,
            745304,
            745321,
            745337,
            745348,
            745351,
            745352,
            745360,
            745363,
            745365,
            745372,
            745374,
            745378,
            745385,
            745393,
            745400,
            745428,
            745435,
            745439,
            745474,
            745485,
            745489,
            745497,
            745502,
            745511,
            745524,
            745537,
            745540,
            745563,
            745567,
            745575,
            745617,
            745649,
            745658,
            745678,
            745683,
            745700,
            745709,
            745710,
            745729,
            745734,
            745738,
            745745,
            745779,
            745792,
            745800,
            745801,
            745808,
            745836,
            745854,
            745931,
            745963,
            745969,
            745972,
            745983,
            746018,
            746021,
            746054,
            746056,
            746062,
            746064,
            746069,
            746074,
            746077,
            746082,
            746085,
            746087,
            746090,
            746093,
            746094,
            746151,
            746158,
            746165,
            746177,
            746199,
            746208,
            746217,
            746224,
            746241,
            746244,
            746255,
            746259,
            746274,
            746276,
            746282,
            746283,
            746315,
            746321,
            746328,
            746353,
            746365,
            746386,
            746404,
            746405,
            746423,
            746424,
            746427,
            746439,
            746442,
            746444,
            746449,
            746474,
            746492,
            746496,
            746499,
            746541,
            746542,
            746556,
            746564,
            746617,
            746635,
            746640,
            746644,
            746649,
            746654,
            746667,
            746670,
            746679,
            746681,
            746698,
            746719,
            746728,
            746732,
            746738,
            746747,
            746764,
            746772,
            746773,
            746791,
            746794,
            746795,
            746802,
            746824,
            746825,
            746826,
            746832,
            746839,
            746850,
            746859,
            746888,
            746900,
            746919,
            746922,
            746931,
            746937,
            746948,
            746965,
            746977,
            746985,
            746998,
            747002,
            747005,
            747007,
            747020,
            747071,
            747076,
            747111,
            747113,
            747115,
            747119,
            747127,
            747138,
            747140,
            747149,
            747159,
            747160,
            747161,
            747176,
            747196,
            747218
          ]
        },
        "mean_total_all": 10.015644298065048,
        "mean_total_no_detected_fault": 9.930232558139535
      },
      {
        "flagged_games": 259,
        "no_detected_completion_fault": 2170,
        "flagged_fraction": 0.10662824207492795,
        "reasons": {
          "regulation_truncated": [
            744830,
            745112,
            745364,
            745535,
            745674,
            745686,
            745761,
            745804,
            745821,
            745884,
            745910,
            745990,
            746052,
            746534,
            746698,
            746753,
            746790,
            746803,
            746885,
            747077,
            747127,
            747168,
            747209,
            747214,
            747223
          ],
          "extra_truncated": [],
          "unresolved_tie": [],
          "skipped_extra_innings": [
            744797,
            744821,
            744833,
            744838,
            744841,
            744870,
            744874,
            744887,
            744905,
            744914,
            744919,
            744930,
            744936,
            744940,
            744948,
            744963,
            744974,
            744975,
            744977,
            745007,
            745009,
            745017,
            745021,
            745038,
            745042,
            745048,
            745055,
            745056,
            745059,
            745065,
            745073,
            745075,
            745084,
            745092,
            745098,
            745104,
            745124,
            745140,
            745146,
            745154,
            745159,
            745161,
            745192,
            745193,
            745203,
            745213,
            745214,
            745243,
            745246,
            745253,
            745258,
            745259,
            745299,
            745314,
            745322,
            745339,
            745340,
            745345,
            745351,
            745380,
            745387,
            745421,
            745422,
            745433,
            745435,
            745450,
            745457,
            745473,
            745476,
            745479,
            745502,
            745507,
            745532,
            745543,
            745555,
            745571,
            745609,
            745610,
            745614,
            745641,
            745642,
            745648,
            745658,
            745663,
            745672,
            745673,
            745681,
            745700,
            745715,
            745721,
            745725,
            745746,
            745759,
            745768,
            745770,
            745771,
            745781,
            745788,
            745791,
            745801,
            745855,
            745860,
            745865,
            745888,
            745910,
            745914,
            745930,
            745947,
            745950,
            745954,
            745957,
            745959,
            745983,
            745987,
            745991,
            745994,
            745995,
            746006,
            746009,
            746011,
            746022,
            746025,
            746027,
            746034,
            746043,
            746098,
            746101,
            746104,
            746109,
            746132,
            746133,
            746148,
            746155,
            746166,
            746175,
            746179,
            746200,
            746206,
            746211,
            746234,
            746238,
            746266,
            746271,
            746273,
            746283,
            746308,
            746323,
            746324,
            746325,
            746335,
            746346,
            746359,
            746360,
            746365,
            746385,
            746389,
            746391,
            746416,
            746425,
            746441,
            746458,
            746462,
            746480,
            746491,
            746496,
            746500,
            746522,
            746532,
            746542,
            746554,
            746557,
            746578,
            746586,
            746606,
            746607,
            746626,
            746637,
            746642,
            746672,
            746673,
            746675,
            746690,
            746693,
            746698,
            746699,
            746700,
            746720,
            746722,
            746732,
            746751,
            746771,
            746777,
            746790,
            746819,
            746825,
            746827,
            746828,
            746829,
            746845,
            746850,
            746851,
            746858,
            746866,
            746874,
            746885,
            746891,
            746906,
            746907,
            746945,
            746946,
            746968,
            746969,
            746975,
            746976,
            746977,
            746990,
            747000,
            747010,
            747013,
            747032,
            747036,
            747037,
            747049,
            747062,
            747082,
            747091,
            747092,
            747105,
            747108,
            747122,
            747124,
            747128,
            747136,
            747166,
            747197,
            747202,
            747217,
            747219,
            747223
          ]
        },
        "mean_total_all": 9.883491148620832,
        "mean_total_no_detected_fault": 9.751152073732719
      },
      {
        "flagged_games": 258,
        "no_detected_completion_fault": 2171,
        "flagged_fraction": 0.1062165500205846,
        "reasons": {
          "regulation_truncated": [
            744817,
            744865,
            744878,
            745157,
            745173,
            745230,
            745277,
            745331,
            745413,
            745416,
            745503,
            745536,
            745557,
            745679,
            745761,
            745910,
            746052,
            746184,
            746212,
            746640,
            746673,
            746773,
            746776,
            746803,
            746885,
            746925,
            747041,
            747130,
            747168,
            747181,
            747209
          ],
          "extra_truncated": [],
          "unresolved_tie": [
            747012
          ],
          "skipped_extra_innings": [
            744797,
            744802,
            744820,
            744833,
            744838,
            744843,
            744858,
            744860,
            744875,
            744877,
            744896,
            744904,
            744910,
            744912,
            744929,
            744941,
            744966,
            744978,
            745007,
            745021,
            745029,
            745035,
            745038,
            745042,
            745057,
            745063,
            745079,
            745088,
            745095,
            745102,
            745129,
            745144,
            745150,
            745151,
            745180,
            745184,
            745193,
            745194,
            745212,
            745238,
            745243,
            745249,
            745256,
            745268,
            745279,
            745293,
            745302,
            745309,
            745363,
            745369,
            745373,
            745376,
            745383,
            745392,
            745397,
            745415,
            745430,
            745435,
            745445,
            745457,
            745463,
            745477,
            745478,
            745488,
            745490,
            745503,
            745513,
            745525,
            745532,
            745533,
            745546,
            745573,
            745601,
            745629,
            745635,
            745674,
            745682,
            745690,
            745695,
            745703,
            745711,
            745721,
            745726,
            745745,
            745756,
            745758,
            745775,
            745778,
            745787,
            745805,
            745808,
            745813,
            745816,
            745822,
            745824,
            745825,
            745828,
            745838,
            745862,
            745874,
            745880,
            745946,
            745947,
            745966,
            745970,
            745981,
            745988,
            745991,
            745994,
            745995,
            746013,
            746014,
            746016,
            746017,
            746046,
            746051,
            746063,
            746078,
            746104,
            746105,
            746119,
            746158,
            746168,
            746183,
            746190,
            746195,
            746237,
            746249,
            746254,
            746258,
            746277,
            746280,
            746285,
            746306,
            746312,
            746323,
            746324,
            746327,
            746340,
            746346,
            746347,
            746365,
            746375,
            746386,
            746404,
            746411,
            746418,
            746421,
            746425,
            746450,
            746463,
            746472,
            746479,
            746507,
            746508,
            746516,
            746519,
            746525,
            746533,
            746540,
            746541,
            746548,
            746549,
            746554,
            746557,
            746576,
            746612,
            746622,
            746647,
            746684,
            746693,
            746705,
            746709,
            746710,
            746715,
            746724,
            746728,
            746749,
            746758,
            746776,
            746790,
            746794,
            746798,
            746803,
            746804,
            746809,
            746821,
            746860,
            746862,
            746864,
            746869,
            746871,
            746874,
            746892,
            746902,
            746917,
            746930,
            746937,
            746943,
            746950,
            746974,
            746986,
            746992,
            746995,
            747001,
            747002,
            747004,
            747012,
            747013,
            747027,
            747069,
            747070,
            747086,
            747091,
            747094,
            747116,
            747117,
            747121,
            747122,
            747128,
            747138,
            747147,
            747154,
            747167,
            747168,
            747171,
            747180,
            747186,
            747188,
            747189,
            747198
          ]
        },
        "mean_total_all": 9.98888431453273,
        "mean_total_no_detected_fault": 9.900967296176876
      },
      {
        "flagged_games": 250,
        "no_detected_completion_fault": 2179,
        "flagged_fraction": 0.10292301358583779,
        "reasons": {
          "regulation_truncated": [
            744820,
            744865,
            744877,
            745066,
            745081,
            745249,
            745484,
            745485,
            745488,
            745655,
            745821,
            745884,
            746033,
            746052,
            746184,
            746255,
            746362,
            746502,
            746741,
            746749,
            746885,
            746965,
            747041,
            747200,
            747214
          ],
          "extra_truncated": [],
          "unresolved_tie": [],
          "skipped_extra_innings": [
            744814,
            744816,
            744820,
            744824,
            744831,
            744832,
            744838,
            744844,
            744850,
            744864,
            744867,
            744868,
            744891,
            744934,
            744941,
            744943,
            744950,
            744972,
            744983,
            744989,
            745009,
            745011,
            745026,
            745042,
            745045,
            745047,
            745053,
            745056,
            745059,
            745065,
            745080,
            745112,
            745117,
            745128,
            745140,
            745157,
            745159,
            745169,
            745183,
            745195,
            745200,
            745202,
            745206,
            745207,
            745215,
            745232,
            745243,
            745264,
            745272,
            745276,
            745278,
            745284,
            745291,
            745302,
            745307,
            745320,
            745333,
            745346,
            745359,
            745362,
            745365,
            745393,
            745407,
            745425,
            745429,
            745455,
            745491,
            745512,
            745513,
            745514,
            745515,
            745525,
            745536,
            745540,
            745552,
            745565,
            745575,
            745613,
            745615,
            745658,
            745693,
            745695,
            745729,
            745749,
            745753,
            745767,
            745778,
            745780,
            745782,
            745784,
            745786,
            745790,
            745810,
            745831,
            745837,
            745852,
            745858,
            745861,
            745865,
            745873,
            745875,
            745876,
            745915,
            745919,
            745927,
            745930,
            745946,
            745956,
            745959,
            745962,
            745980,
            746013,
            746016,
            746017,
            746022,
            746031,
            746041,
            746050,
            746054,
            746059,
            746060,
            746064,
            746081,
            746090,
            746101,
            746111,
            746120,
            746139,
            746147,
            746149,
            746168,
            746176,
            746181,
            746214,
            746220,
            746234,
            746262,
            746268,
            746285,
            746288,
            746292,
            746299,
            746304,
            746354,
            746365,
            746369,
            746395,
            746405,
            746413,
            746415,
            746422,
            746424,
            746436,
            746438,
            746442,
            746445,
            746458,
            746462,
            746477,
            746494,
            746509,
            746520,
            746522,
            746532,
            746540,
            746542,
            746555,
            746563,
            746582,
            746588,
            746596,
            746631,
            746637,
            746643,
            746668,
            746682,
            746683,
            746692,
            746701,
            746708,
            746721,
            746725,
            746744,
            746745,
            746754,
            746764,
            746774,
            746777,
            746780,
            746795,
            746799,
            746804,
            746827,
            746831,
            746837,
            746841,
            746845,
            746859,
            746875,
            746881,
            746891,
            746908,
            746936,
            746942,
            746954,
            746957,
            746964,
            746970,
            746989,
            746991,
            746995,
            747001,
            747026,
            747043,
            747063,
            747073,
            747085,
            747095,
            747111,
            747116,
            747145,
            747151,
            747166,
            747177,
            747191,
            747207
          ]
        },
        "mean_total_all": 9.906134211609716,
        "mean_total_no_detected_fault": 9.812299219825608
      },
      {
        "flagged_games": 246,
        "no_detected_completion_fault": 2183,
        "flagged_fraction": 0.10127624536846438,
        "reasons": {
          "regulation_truncated": [
            744805,
            744830,
            744884,
            744909,
            745045,
            745108,
            745143,
            745191,
            745264,
            745364,
            745673,
            745910,
            746052,
            746074,
            746207,
            746330,
            746502,
            746511,
            746822,
            746869,
            746885,
            747013,
            747136
          ],
          "extra_truncated": [],
          "unresolved_tie": [],
          "skipped_extra_innings": [
            744810,
            744827,
            744842,
            744846,
            744861,
            744893,
            744902,
            744903,
            744907,
            744910,
            744916,
            744918,
            744926,
            744927,
            744962,
            744970,
            744971,
            744992,
            745002,
            745009,
            745010,
            745011,
            745032,
            745036,
            745069,
            745116,
            745118,
            745124,
            745125,
            745129,
            745135,
            745163,
            745166,
            745175,
            745181,
            745185,
            745211,
            745236,
            745251,
            745254,
            745255,
            745281,
            745296,
            745308,
            745309,
            745313,
            745319,
            745361,
            745362,
            745370,
            745380,
            745384,
            745387,
            745402,
            745412,
            745413,
            745416,
            745426,
            745447,
            745450,
            745452,
            745464,
            745485,
            745494,
            745518,
            745525,
            745555,
            745556,
            745608,
            745612,
            745614,
            745615,
            745624,
            745629,
            745632,
            745635,
            745639,
            745661,
            745670,
            745686,
            745705,
            745714,
            745732,
            745744,
            745750,
            745751,
            745785,
            745804,
            745813,
            745815,
            745818,
            745835,
            745848,
            745855,
            745876,
            745886,
            745895,
            745910,
            745917,
            745946,
            745962,
            745966,
            745985,
            745988,
            745999,
            746007,
            746013,
            746018,
            746029,
            746036,
            746091,
            746104,
            746107,
            746119,
            746124,
            746132,
            746136,
            746140,
            746141,
            746156,
            746160,
            746167,
            746168,
            746203,
            746209,
            746218,
            746222,
            746231,
            746237,
            746239,
            746247,
            746255,
            746258,
            746259,
            746275,
            746294,
            746297,
            746304,
            746305,
            746323,
            746326,
            746351,
            746367,
            746374,
            746383,
            746392,
            746399,
            746404,
            746411,
            746426,
            746444,
            746453,
            746458,
            746463,
            746475,
            746483,
            746486,
            746491,
            746501,
            746517,
            746521,
            746522,
            746547,
            746555,
            746562,
            746582,
            746601,
            746624,
            746640,
            746647,
            746668,
            746676,
            746682,
            746684,
            746690,
            746746,
            746747,
            746751,
            746771,
            746774,
            746782,
            746783,
            746789,
            746825,
            746838,
            746847,
            746848,
            746855,
            746859,
            746893,
            746907,
            746908,
            746916,
            746926,
            746927,
            746929,
            746963,
            746978,
            746979,
            746987,
            746994,
            747022,
            747024,
            747033,
            747034,
            747050,
            747061,
            747070,
            747077,
            747098,
            747101,
            747132,
            747140,
            747156,
            747164,
            747167,
            747178,
            747186,
            747195,
            747196,
            747211,
            747212,
            747213,
            747218
          ]
        },
        "mean_total_all": 10.096747632770688,
        "mean_total_no_detected_fault": 10.025652771415483
      },
      {
        "flagged_games": 237,
        "no_detected_completion_fault": 2192,
        "flagged_fraction": 0.09757101687937422,
        "reasons": {
          "regulation_truncated": [
            745066,
            745126,
            745249,
            745355,
            745389,
            745413,
            745482,
            745535,
            745785,
            745826,
            745853,
            745905,
            745910,
            745972,
            745982,
            746052,
            746056,
            746078,
            746150,
            746326,
            746424,
            746640,
            746984,
            747036,
            747205
          ],
          "extra_truncated": [],
          "unresolved_tie": [],
          "skipped_extra_innings": [
            744813,
            744847,
            744870,
            744872,
            744875,
            744877,
            744897,
            744908,
            744910,
            744916,
            744918,
            744923,
            744924,
            744926,
            744940,
            744950,
            744951,
            744955,
            744968,
            744976,
            744991,
            744997,
            745017,
            745024,
            745030,
            745031,
            745043,
            745048,
            745056,
            745058,
            745060,
            745100,
            745120,
            745124,
            745130,
            745135,
            745145,
            745156,
            745160,
            745166,
            745174,
            745176,
            745192,
            745201,
            745204,
            745212,
            745214,
            745224,
            745251,
            745267,
            745276,
            745296,
            745317,
            745324,
            745329,
            745331,
            745344,
            745356,
            745374,
            745388,
            745397,
            745422,
            745423,
            745433,
            745437,
            745442,
            745447,
            745471,
            745478,
            745489,
            745492,
            745494,
            745501,
            745516,
            745521,
            745533,
            745543,
            745547,
            745588,
            745601,
            745623,
            745681,
            745703,
            745716,
            745723,
            745744,
            745755,
            745767,
            745795,
            745799,
            745802,
            745807,
            745819,
            745871,
            745891,
            745893,
            745900,
            745908,
            745924,
            745925,
            745926,
            745928,
            745935,
            745938,
            745960,
            745973,
            746003,
            746006,
            746012,
            746023,
            746025,
            746029,
            746035,
            746059,
            746065,
            746086,
            746110,
            746117,
            746126,
            746136,
            746140,
            746143,
            746148,
            746190,
            746200,
            746212,
            746220,
            746221,
            746227,
            746230,
            746232,
            746265,
            746279,
            746284,
            746287,
            746294,
            746337,
            746348,
            746394,
            746399,
            746402,
            746405,
            746406,
            746414,
            746437,
            746485,
            746499,
            746511,
            746512,
            746539,
            746542,
            746544,
            746549,
            746555,
            746557,
            746559,
            746561,
            746582,
            746589,
            746618,
            746619,
            746630,
            746632,
            746639,
            746654,
            746658,
            746662,
            746674,
            746676,
            746678,
            746682,
            746684,
            746685,
            746696,
            746709,
            746715,
            746745,
            746751,
            746758,
            746770,
            746796,
            746797,
            746809,
            746815,
            746816,
            746836,
            746837,
            746840,
            746849,
            746857,
            746859,
            746875,
            746886,
            746900,
            746956,
            746969,
            746993,
            746996,
            747009,
            747038,
            747054,
            747061,
            747066,
            747073,
            747085,
            747099,
            747129,
            747135,
            747140,
            747169,
            747181,
            747207
          ]
        },
        "mean_total_all": 10.093042404281597,
        "mean_total_no_detected_fault": 9.991332116788321
      },
      {
        "flagged_games": 258,
        "no_detected_completion_fault": 2171,
        "flagged_fraction": 0.1062165500205846,
        "reasons": {
          "regulation_truncated": [
            744865,
            745066,
            745168,
            745279,
            745291,
            745482,
            745560,
            745613,
            745655,
            746097,
            746220,
            746330,
            746409,
            746412,
            746421,
            746552,
            746640,
            746803,
            746885,
            746925,
            747013,
            747037,
            747041,
            747168
          ],
          "extra_truncated": [],
          "unresolved_tie": [],
          "skipped_extra_innings": [
            744801,
            744804,
            744811,
            744817,
            744834,
            744850,
            744855,
            744857,
            744866,
            744879,
            744881,
            744890,
            744899,
            744903,
            744906,
            744909,
            744912,
            744914,
            744916,
            744934,
            744937,
            744960,
            744966,
            744986,
            744989,
            744991,
            744994,
            745014,
            745029,
            745068,
            745073,
            745084,
            745105,
            745110,
            745124,
            745148,
            745154,
            745177,
            745194,
            745200,
            745209,
            745237,
            745239,
            745244,
            745262,
            745276,
            745277,
            745278,
            745294,
            745328,
            745349,
            745360,
            745372,
            745386,
            745397,
            745416,
            745419,
            745433,
            745445,
            745459,
            745473,
            745482,
            745495,
            745513,
            745527,
            745541,
            745568,
            745569,
            745583,
            745586,
            745599,
            745607,
            745612,
            745620,
            745627,
            745641,
            745652,
            745653,
            745655,
            745675,
            745681,
            745682,
            745687,
            745689,
            745690,
            745692,
            745712,
            745716,
            745722,
            745736,
            745771,
            745776,
            745780,
            745785,
            745804,
            745811,
            745831,
            745832,
            745841,
            745842,
            745852,
            745861,
            745862,
            745887,
            745890,
            745894,
            745895,
            745905,
            745907,
            745916,
            745932,
            745956,
            745959,
            745972,
            745984,
            745986,
            746033,
            746034,
            746059,
            746070,
            746072,
            746073,
            746082,
            746093,
            746098,
            746117,
            746119,
            746122,
            746124,
            746130,
            746132,
            746142,
            746149,
            746150,
            746169,
            746173,
            746179,
            746181,
            746209,
            746243,
            746262,
            746289,
            746291,
            746293,
            746311,
            746315,
            746329,
            746332,
            746340,
            746344,
            746376,
            746378,
            746389,
            746391,
            746393,
            746395,
            746405,
            746415,
            746425,
            746428,
            746438,
            746451,
            746452,
            746458,
            746461,
            746480,
            746501,
            746534,
            746539,
            746563,
            746582,
            746583,
            746590,
            746607,
            746639,
            746641,
            746650,
            746668,
            746690,
            746692,
            746694,
            746696,
            746724,
            746725,
            746729,
            746738,
            746744,
            746746,
            746758,
            746762,
            746769,
            746775,
            746776,
            746788,
            746793,
            746795,
            746817,
            746830,
            746837,
            746863,
            746896,
            746903,
            746909,
            746928,
            746944,
            746949,
            746959,
            746984,
            746986,
            746988,
            747011,
            747014,
            747020,
            747024,
            747041,
            747044,
            747063,
            747070,
            747086,
            747092,
            747100,
            747101,
            747103,
            747105,
            747122,
            747127,
            747133,
            747135,
            747158,
            747163,
            747182,
            747187,
            747196,
            747197,
            747206,
            747211,
            747216
          ]
        },
        "mean_total_all": 10.08851379168382,
        "mean_total_no_detected_fault": 9.982035928143713
      },
      {
        "flagged_games": 262,
        "no_detected_completion_fault": 2167,
        "flagged_fraction": 0.10786331823795801,
        "reasons": {
          "regulation_truncated": [
            744865,
            744980,
            745066,
            745191,
            745297,
            745314,
            745404,
            745503,
            745568,
            745643,
            745655,
            745661,
            745753,
            745785,
            746052,
            746132,
            746174,
            746220,
            746297,
            746307,
            746502,
            746659,
            746721,
            746965,
            747104,
            747127,
            747223
          ],
          "extra_truncated": [],
          "unresolved_tie": [],
          "skipped_extra_innings": [
            744811,
            744840,
            744847,
            744848,
            744859,
            744866,
            744869,
            744871,
            744874,
            744909,
            744914,
            744919,
            744922,
            744937,
            744941,
            744945,
            744961,
            744976,
            744979,
            744985,
            744995,
            745021,
            745057,
            745073,
            745078,
            745082,
            745088,
            745106,
            745114,
            745118,
            745121,
            745144,
            745153,
            745155,
            745168,
            745174,
            745206,
            745209,
            745210,
            745221,
            745227,
            745238,
            745239,
            745242,
            745249,
            745252,
            745264,
            745269,
            745279,
            745281,
            745289,
            745309,
            745317,
            745326,
            745344,
            745349,
            745355,
            745356,
            745358,
            745360,
            745401,
            745408,
            745416,
            745418,
            745421,
            745428,
            745438,
            745456,
            745463,
            745472,
            745493,
            745510,
            745544,
            745546,
            745565,
            745570,
            745576,
            745586,
            745589,
            745592,
            745596,
            745598,
            745626,
            745640,
            745655,
            745656,
            745666,
            745668,
            745690,
            745693,
            745697,
            745698,
            745702,
            745704,
            745708,
            745709,
            745741,
            745752,
            745761,
            745769,
            745771,
            745781,
            745782,
            745785,
            745786,
            745803,
            745806,
            745843,
            745850,
            745854,
            745866,
            745872,
            745881,
            745894,
            745903,
            745912,
            745913,
            745917,
            745919,
            745936,
            745950,
            745951,
            745953,
            745966,
            745986,
            745987,
            746004,
            746008,
            746020,
            746024,
            746038,
            746059,
            746063,
            746065,
            746070,
            746071,
            746089,
            746093,
            746105,
            746108,
            746122,
            746123,
            746125,
            746130,
            746141,
            746148,
            746159,
            746167,
            746181,
            746201,
            746212,
            746225,
            746227,
            746232,
            746238,
            746254,
            746262,
            746292,
            746334,
            746364,
            746378,
            746392,
            746393,
            746395,
            746407,
            746424,
            746425,
            746436,
            746441,
            746467,
            746468,
            746481,
            746513,
            746514,
            746518,
            746532,
            746534,
            746559,
            746573,
            746578,
            746617,
            746631,
            746651,
            746657,
            746678,
            746681,
            746702,
            746703,
            746723,
            746726,
            746733,
            746740,
            746748,
            746762,
            746764,
            746773,
            746776,
            746817,
            746824,
            746826,
            746829,
            746835,
            746848,
            746852,
            746856,
            746859,
            746869,
            746899,
            746900,
            746927,
            746933,
            746945,
            746949,
            746955,
            746963,
            746967,
            746968,
            747017,
            747021,
            747022,
            747029,
            747039,
            747047,
            747049,
            747061,
            747071,
            747078,
            747082,
            747105,
            747107,
            747112,
            747152,
            747157,
            747165,
            747182,
            747198,
            747207
          ]
        },
        "mean_total_all": 10.029641827912721,
        "mean_total_no_detected_fault": 9.88601753576373
      },
      {
        "flagged_games": 242,
        "no_detected_completion_fault": 2187,
        "flagged_fraction": 0.09962947715109098,
        "reasons": {
          "regulation_truncated": [
            744813,
            744816,
            744865,
            745364,
            745503,
            745535,
            745821,
            745910,
            746000,
            746052,
            746069,
            746083,
            746149,
            746150,
            746207,
            746323,
            746412,
            746561,
            746640,
            746698,
            746741,
            746830,
            746873,
            747041,
            747130,
            747132,
            747168,
            747174,
            747210,
            747214
          ],
          "extra_truncated": [],
          "unresolved_tie": [
            744798
          ],
          "skipped_extra_innings": [
            744798,
            744799,
            744816,
            744831,
            744833,
            744848,
            744859,
            744865,
            744878,
            744896,
            744897,
            744914,
            744919,
            744926,
            744948,
            744986,
            744996,
            745008,
            745017,
            745032,
            745039,
            745045,
            745058,
            745100,
            745112,
            745117,
            745120,
            745130,
            745172,
            745179,
            745183,
            745187,
            745197,
            745202,
            745230,
            745247,
            745259,
            745272,
            745283,
            745284,
            745295,
            745306,
            745336,
            745357,
            745361,
            745375,
            745377,
            745382,
            745397,
            745404,
            745453,
            745454,
            745457,
            745477,
            745486,
            745510,
            745513,
            745525,
            745540,
            745549,
            745551,
            745555,
            745558,
            745568,
            745576,
            745580,
            745605,
            745622,
            745636,
            745641,
            745649,
            745651,
            745657,
            745669,
            745673,
            745683,
            745695,
            745707,
            745714,
            745715,
            745727,
            745743,
            745755,
            745797,
            745819,
            745832,
            745835,
            745851,
            745852,
            745860,
            745893,
            745907,
            745911,
            745912,
            745918,
            745925,
            745931,
            745940,
            745960,
            745968,
            746001,
            746027,
            746028,
            746035,
            746044,
            746047,
            746054,
            746059,
            746062,
            746064,
            746066,
            746079,
            746107,
            746111,
            746124,
            746158,
            746168,
            746186,
            746202,
            746213,
            746225,
            746241,
            746243,
            746247,
            746279,
            746297,
            746302,
            746320,
            746341,
            746373,
            746375,
            746385,
            746386,
            746401,
            746406,
            746424,
            746427,
            746429,
            746442,
            746445,
            746446,
            746450,
            746452,
            746453,
            746464,
            746488,
            746510,
            746523,
            746543,
            746547,
            746551,
            746552,
            746566,
            746568,
            746591,
            746597,
            746603,
            746619,
            746621,
            746639,
            746647,
            746666,
            746687,
            746695,
            746699,
            746701,
            746725,
            746747,
            746749,
            746781,
            746810,
            746813,
            746816,
            746822,
            746827,
            746834,
            746837,
            746845,
            746876,
            746899,
            746907,
            746911,
            746924,
            746934,
            746935,
            746975,
            746986,
            747010,
            747013,
            747020,
            747023,
            747024,
            747063,
            747067,
            747072,
            747079,
            747086,
            747087,
            747098,
            747099,
            747114,
            747133,
            747136,
            747158,
            747173,
            747177,
            747180,
            747187,
            747198,
            747202,
            747208,
            747209,
            747213,
            747219
          ]
        },
        "mean_total_all": 9.99258954302182,
        "mean_total_no_detected_fault": 9.919981710105167
      },
      {
        "flagged_games": 231,
        "no_detected_completion_fault": 2198,
        "flagged_fraction": 0.09510086455331412,
        "reasons": {
          "regulation_truncated": [
            744828,
            745136,
            745191,
            745249,
            745289,
            745340,
            745364,
            745393,
            745671,
            745753,
            746207,
            746307,
            746473,
            746590,
            746873,
            747018,
            747100,
            747168,
            747173
          ],
          "extra_truncated": [],
          "unresolved_tie": [
            745506
          ],
          "skipped_extra_innings": [
            744815,
            744822,
            744835,
            744848,
            744851,
            744856,
            744868,
            744884,
            744895,
            744909,
            744913,
            744932,
            744936,
            744968,
            744972,
            744978,
            744988,
            744996,
            745001,
            745007,
            745018,
            745043,
            745054,
            745055,
            745063,
            745078,
            745086,
            745090,
            745097,
            745106,
            745114,
            745119,
            745137,
            745152,
            745162,
            745182,
            745187,
            745202,
            745225,
            745232,
            745236,
            745252,
            745264,
            745265,
            745274,
            745276,
            745298,
            745300,
            745329,
            745335,
            745359,
            745371,
            745374,
            745383,
            745386,
            745390,
            745427,
            745450,
            745457,
            745458,
            745483,
            745499,
            745506,
            745518,
            745521,
            745522,
            745526,
            745527,
            745535,
            745539,
            745540,
            745569,
            745570,
            745587,
            745598,
            745603,
            745615,
            745637,
            745640,
            745641,
            745650,
            745663,
            745667,
            745675,
            745676,
            745679,
            745694,
            745705,
            745713,
            745721,
            745731,
            745747,
            745751,
            745754,
            745784,
            745791,
            745804,
            745810,
            745817,
            745828,
            745851,
            745854,
            745865,
            745869,
            745871,
            745882,
            745903,
            745915,
            745925,
            745934,
            745940,
            745952,
            745953,
            745969,
            745970,
            746001,
            746003,
            746020,
            746065,
            746072,
            746084,
            746085,
            746107,
            746112,
            746114,
            746125,
            746126,
            746127,
            746144,
            746147,
            746165,
            746203,
            746207,
            746235,
            746255,
            746265,
            746266,
            746288,
            746290,
            746316,
            746325,
            746344,
            746357,
            746360,
            746380,
            746394,
            746396,
            746413,
            746414,
            746415,
            746416,
            746422,
            746441,
            746446,
            746449,
            746457,
            746462,
            746471,
            746473,
            746495,
            746504,
            746509,
            746515,
            746544,
            746564,
            746569,
            746576,
            746587,
            746606,
            746616,
            746618,
            746649,
            746657,
            746664,
            746691,
            746694,
            746698,
            746713,
            746718,
            746733,
            746756,
            746767,
            746782,
            746785,
            746793,
            746813,
            746837,
            746842,
            746851,
            746852,
            746856,
            746877,
            746893,
            746900,
            746909,
            746932,
            746960,
            746973,
            746976,
            746999,
            747035,
            747060,
            747099,
            747123,
            747134,
            747142,
            747163,
            747192,
            747197,
            747202,
            747209,
            747214,
            747216,
            747219
          ]
        },
        "mean_total_all": 10.090983944009881,
        "mean_total_no_detected_fault": 9.943130118289353
      },
      {
        "flagged_games": 247,
        "no_detected_completion_fault": 2182,
        "flagged_fraction": 0.10168793742280774,
        "reasons": {
          "regulation_truncated": [
            744820,
            744978,
            745053,
            745111,
            745251,
            745303,
            745364,
            745404,
            745484,
            745509,
            745608,
            745655,
            745755,
            745863,
            745893,
            745910,
            746228,
            746307,
            746326,
            746362,
            746371,
            746378,
            746412,
            746502,
            746678,
            746803,
            746965,
            747041,
            747098,
            747104,
            747214
          ],
          "extra_truncated": [],
          "unresolved_tie": [
            745145
          ],
          "skipped_extra_innings": [
            744796,
            744799,
            744803,
            744825,
            744847,
            744849,
            744874,
            744875,
            744880,
            744883,
            744887,
            744902,
            744918,
            744931,
            744947,
            744959,
            744964,
            744966,
            744969,
            745001,
            745016,
            745017,
            745028,
            745032,
            745048,
            745061,
            745067,
            745076,
            745082,
            745106,
            745113,
            745140,
            745145,
            745148,
            745161,
            745179,
            745189,
            745202,
            745216,
            745226,
            745254,
            745261,
            745262,
            745264,
            745273,
            745278,
            745282,
            745290,
            745295,
            745318,
            745356,
            745364,
            745368,
            745373,
            745377,
            745378,
            745405,
            745412,
            745418,
            745420,
            745447,
            745448,
            745453,
            745474,
            745485,
            745490,
            745492,
            745508,
            745525,
            745537,
            745538,
            745565,
            745574,
            745584,
            745626,
            745651,
            745658,
            745666,
            745667,
            745688,
            745713,
            745724,
            745763,
            745766,
            745774,
            745777,
            745778,
            745782,
            745786,
            745799,
            745802,
            745806,
            745825,
            745835,
            745850,
            745851,
            745864,
            745868,
            745869,
            745913,
            745917,
            745922,
            745925,
            745928,
            745952,
            745955,
            745956,
            745975,
            745990,
            746004,
            746015,
            746016,
            746023,
            746024,
            746026,
            746028,
            746072,
            746082,
            746086,
            746130,
            746136,
            746138,
            746146,
            746147,
            746174,
            746183,
            746194,
            746207,
            746217,
            746226,
            746229,
            746237,
            746239,
            746240,
            746247,
            746257,
            746266,
            746271,
            746278,
            746289,
            746290,
            746312,
            746314,
            746333,
            746344,
            746349,
            746353,
            746369,
            746370,
            746374,
            746386,
            746391,
            746397,
            746400,
            746424,
            746430,
            746438,
            746451,
            746454,
            746463,
            746466,
            746475,
            746494,
            746497,
            746514,
            746516,
            746518,
            746541,
            746546,
            746555,
            746556,
            746572,
            746573,
            746579,
            746586,
            746611,
            746627,
            746636,
            746638,
            746646,
            746648,
            746658,
            746689,
            746704,
            746720,
            746750,
            746764,
            746778,
            746795,
            746813,
            746839,
            746848,
            746858,
            746860,
            746917,
            746934,
            746935,
            746941,
            746952,
            746987,
            747004,
            747006,
            747019,
            747031,
            747036,
            747042,
            747046,
            747084,
            747089,
            747090,
            747113,
            747137,
            747153,
            747159,
            747179,
            747193,
            747194
          ]
        },
        "mean_total_all": 9.93495265541375,
        "mean_total_no_detected_fault": 9.865261228230981
      },
      {
        "flagged_games": 235,
        "no_detected_completion_fault": 2194,
        "flagged_fraction": 0.09674763277068753,
        "reasons": {
          "regulation_truncated": [
            744941,
            744989,
            745066,
            745141,
            745191,
            745249,
            745253,
            745340,
            745364,
            745379,
            745568,
            745655,
            745761,
            745821,
            745857,
            745905,
            746154,
            746184,
            746207,
            746267,
            746285,
            746412,
            746477,
            746640,
            746803,
            746873,
            746885,
            746906,
            747041,
            747180,
            747193
          ],
          "extra_truncated": [],
          "unresolved_tie": [],
          "skipped_extra_innings": [
            744799,
            744809,
            744823,
            744840,
            744842,
            744852,
            744861,
            744864,
            744869,
            744889,
            744904,
            744910,
            744924,
            744938,
            744958,
            744975,
            744984,
            745003,
            745010,
            745017,
            745023,
            745042,
            745058,
            745059,
            745077,
            745092,
            745093,
            745094,
            745096,
            745105,
            745110,
            745112,
            745115,
            745123,
            745145,
            745147,
            745150,
            745163,
            745166,
            745169,
            745178,
            745186,
            745201,
            745202,
            745203,
            745212,
            745241,
            745243,
            745259,
            745265,
            745277,
            745279,
            745284,
            745295,
            745304,
            745312,
            745314,
            745315,
            745323,
            745325,
            745356,
            745359,
            745377,
            745398,
            745402,
            745413,
            745434,
            745444,
            745455,
            745458,
            745467,
            745474,
            745497,
            745504,
            745507,
            745525,
            745572,
            745578,
            745587,
            745589,
            745601,
            745604,
            745621,
            745624,
            745627,
            745637,
            745644,
            745668,
            745716,
            745719,
            745750,
            745781,
            745792,
            745800,
            745819,
            745831,
            745850,
            745873,
            745883,
            745893,
            745901,
            745909,
            745911,
            745985,
            745990,
            746030,
            746042,
            746048,
            746057,
            746064,
            746075,
            746085,
            746111,
            746114,
            746120,
            746128,
            746136,
            746149,
            746161,
            746180,
            746189,
            746210,
            746213,
            746217,
            746226,
            746228,
            746231,
            746240,
            746250,
            746253,
            746262,
            746325,
            746326,
            746356,
            746380,
            746391,
            746407,
            746421,
            746436,
            746458,
            746477,
            746487,
            746560,
            746571,
            746575,
            746576,
            746600,
            746607,
            746610,
            746613,
            746627,
            746642,
            746643,
            746699,
            746726,
            746727,
            746739,
            746758,
            746760,
            746762,
            746784,
            746806,
            746813,
            746818,
            746825,
            746830,
            746844,
            746855,
            746861,
            746868,
            746878,
            746882,
            746887,
            746922,
            746926,
            746930,
            746950,
            746955,
            746967,
            746974,
            746980,
            746985,
            746997,
            747026,
            747036,
            747039,
            747045,
            747049,
            747053,
            747068,
            747076,
            747092,
            747105,
            747117,
            747125,
            747129,
            747134,
            747142,
            747151,
            747166,
            747172,
            747178,
            747185,
            747201,
            747202
          ]
        },
        "mean_total_all": 9.93989296006587,
        "mean_total_no_detected_fault": 9.872835004557885
      },
      {
        "flagged_games": 241,
        "no_detected_completion_fault": 2188,
        "flagged_fraction": 0.09921778509674763,
        "reasons": {
          "regulation_truncated": [
            744813,
            744820,
            744865,
            744927,
            745264,
            745291,
            745364,
            745367,
            745372,
            745404,
            745536,
            745655,
            745729,
            745785,
            745910,
            745967,
            746222,
            746412,
            746470,
            746543,
            746640,
            746709,
            746740,
            746803,
            746853,
            746885,
            746964,
            746965,
            747041,
            747052,
            747168,
            747185,
            747214
          ],
          "extra_truncated": [],
          "unresolved_tie": [],
          "skipped_extra_innings": [
            744818,
            744825,
            744838,
            744846,
            744859,
            744864,
            744888,
            744908,
            744929,
            744930,
            744932,
            744933,
            744938,
            744942,
            744954,
            744964,
            744967,
            744994,
            745003,
            745015,
            745025,
            745042,
            745043,
            745051,
            745058,
            745063,
            745083,
            745092,
            745135,
            745140,
            745143,
            745157,
            745159,
            745198,
            745201,
            745203,
            745212,
            745214,
            745220,
            745234,
            745256,
            745283,
            745288,
            745291,
            745297,
            745301,
            745308,
            745310,
            745335,
            745342,
            745380,
            745382,
            745385,
            745388,
            745411,
            745429,
            745440,
            745458,
            745465,
            745467,
            745476,
            745478,
            745502,
            745507,
            745508,
            745511,
            745526,
            745539,
            745563,
            745582,
            745608,
            745629,
            745636,
            745656,
            745659,
            745664,
            745669,
            745675,
            745712,
            745717,
            745723,
            745729,
            745739,
            745753,
            745787,
            745791,
            745795,
            745812,
            745817,
            745851,
            745858,
            745863,
            745864,
            745874,
            745887,
            745890,
            745909,
            745943,
            745949,
            745952,
            745976,
            745994,
            745998,
            746000,
            746064,
            746096,
            746097,
            746101,
            746112,
            746118,
            746159,
            746188,
            746193,
            746194,
            746215,
            746217,
            746242,
            746250,
            746280,
            746298,
            746327,
            746332,
            746333,
            746349,
            746376,
            746381,
            746387,
            746404,
            746406,
            746416,
            746446,
            746461,
            746467,
            746473,
            746474,
            746486,
            746491,
            746505,
            746519,
            746523,
            746542,
            746547,
            746549,
            746550,
            746553,
            746563,
            746580,
            746581,
            746590,
            746591,
            746606,
            746610,
            746625,
            746637,
            746644,
            746649,
            746659,
            746681,
            746700,
            746704,
            746727,
            746741,
            746760,
            746775,
            746778,
            746781,
            746793,
            746794,
            746796,
            746797,
            746813,
            746817,
            746841,
            746845,
            746869,
            746897,
            746958,
            746970,
            746971,
            746982,
            746994,
            747006,
            747018,
            747021,
            747024,
            747027,
            747039,
            747044,
            747049,
            747057,
            747064,
            747068,
            747098,
            747105,
            747108,
            747111,
            747115,
            747117,
            747118,
            747121,
            747123,
            747128,
            747140,
            747149,
            747166,
            747168,
            747170,
            747196,
            747201,
            747204,
            747221
          ]
        },
        "mean_total_all": 9.814326883491148,
        "mean_total_no_detected_fault": 9.743144424131627
      },
      {
        "flagged_games": 222,
        "no_detected_completion_fault": 2207,
        "flagged_fraction": 0.09139563606422396,
        "reasons": {
          "regulation_truncated": [
            744823,
            744928,
            744931,
            745140,
            745291,
            745503,
            745535,
            745569,
            745586,
            745655,
            745695,
            745731,
            745789,
            745884,
            745893,
            746052,
            746058,
            746095,
            746142,
            746362,
            746399,
            746460,
            746704,
            746709,
            746753,
            746756,
            746803,
            746885,
            746944,
            747181,
            747214
          ],
          "extra_truncated": [],
          "unresolved_tie": [
            746829
          ],
          "skipped_extra_innings": [
            744797,
            744813,
            744821,
            744825,
            744834,
            744862,
            744863,
            744870,
            744890,
            744893,
            744900,
            744941,
            744951,
            744979,
            745011,
            745016,
            745034,
            745036,
            745043,
            745045,
            745050,
            745064,
            745088,
            745095,
            745111,
            745118,
            745119,
            745122,
            745125,
            745130,
            745134,
            745151,
            745168,
            745176,
            745177,
            745222,
            745232,
            745237,
            745248,
            745260,
            745262,
            745276,
            745278,
            745302,
            745305,
            745316,
            745330,
            745331,
            745357,
            745380,
            745383,
            745386,
            745391,
            745400,
            745459,
            745465,
            745471,
            745478,
            745506,
            745514,
            745515,
            745524,
            745538,
            745545,
            745582,
            745588,
            745591,
            745594,
            745608,
            745610,
            745615,
            745628,
            745635,
            745645,
            745667,
            745680,
            745685,
            745690,
            745697,
            745699,
            745712,
            745724,
            745736,
            745758,
            745767,
            745813,
            745821,
            745834,
            745843,
            745881,
            745883,
            745894,
            745897,
            745905,
            745945,
            745957,
            745967,
            745976,
            745992,
            745994,
            746011,
            746018,
            746050,
            746051,
            746069,
            746071,
            746083,
            746105,
            746115,
            746169,
            746170,
            746181,
            746200,
            746227,
            746229,
            746231,
            746234,
            746252,
            746296,
            746299,
            746335,
            746363,
            746366,
            746395,
            746396,
            746406,
            746447,
            746466,
            746480,
            746488,
            746497,
            746504,
            746518,
            746527,
            746540,
            746543,
            746553,
            746562,
            746581,
            746591,
            746614,
            746632,
            746644,
            746649,
            746687,
            746691,
            746693,
            746717,
            746728,
            746759,
            746764,
            746788,
            746793,
            746794,
            746805,
            746809,
            746818,
            746823,
            746826,
            746827,
            746829,
            746839,
            746844,
            746870,
            746886,
            746902,
            746905,
            746912,
            746921,
            746939,
            746961,
            746963,
            746999,
            747001,
            747007,
            747008,
            747009,
            747012,
            747013,
            747026,
            747038,
            747040,
            747045,
            747060,
            747073,
            747109,
            747117,
            747129,
            747169,
            747172,
            747206
          ]
        },
        "mean_total_all": 9.825030876904076,
        "mean_total_no_detected_fault": 9.691436338921614
      },
      {
        "flagged_games": 270,
        "no_detected_completion_fault": 2159,
        "flagged_fraction": 0.11115685467270482,
        "reasons": {
          "regulation_truncated": [
            744820,
            744865,
            744954,
            744971,
            744995,
            745191,
            745429,
            745491,
            745655,
            745695,
            745737,
            745755,
            745759,
            745892,
            745989,
            746052,
            746228,
            746304,
            746554,
            746568,
            746741,
            746925,
            747168,
            747214
          ],
          "extra_truncated": [],
          "unresolved_tie": [],
          "skipped_extra_innings": [
            744798,
            744829,
            744831,
            744861,
            744879,
            744897,
            744900,
            744901,
            744904,
            744908,
            744913,
            744931,
            744942,
            744950,
            744955,
            744956,
            744993,
            745006,
            745029,
            745035,
            745047,
            745049,
            745065,
            745066,
            745074,
            745084,
            745093,
            745095,
            745100,
            745101,
            745107,
            745109,
            745116,
            745122,
            745141,
            745159,
            745168,
            745210,
            745223,
            745235,
            745242,
            745250,
            745258,
            745268,
            745349,
            745356,
            745373,
            745375,
            745388,
            745400,
            745414,
            745417,
            745421,
            745422,
            745427,
            745445,
            745447,
            745449,
            745459,
            745466,
            745490,
            745500,
            745540,
            745546,
            745547,
            745566,
            745567,
            745576,
            745581,
            745586,
            745588,
            745589,
            745611,
            745618,
            745629,
            745633,
            745665,
            745673,
            745682,
            745685,
            745698,
            745704,
            745707,
            745710,
            745719,
            745724,
            745742,
            745751,
            745752,
            745770,
            745778,
            745783,
            745786,
            745787,
            745798,
            745820,
            745821,
            745824,
            745835,
            745855,
            745901,
            745903,
            745912,
            745915,
            745937,
            745947,
            745988,
            745995,
            745996,
            746002,
            746004,
            746007,
            746009,
            746016,
            746035,
            746049,
            746052,
            746058,
            746064,
            746069,
            746081,
            746096,
            746103,
            746114,
            746124,
            746126,
            746138,
            746140,
            746145,
            746161,
            746167,
            746174,
            746186,
            746205,
            746210,
            746223,
            746224,
            746228,
            746244,
            746245,
            746249,
            746251,
            746265,
            746270,
            746282,
            746283,
            746286,
            746291,
            746301,
            746308,
            746331,
            746353,
            746374,
            746375,
            746396,
            746401,
            746405,
            746424,
            746444,
            746455,
            746465,
            746474,
            746478,
            746488,
            746489,
            746492,
            746498,
            746511,
            746514,
            746515,
            746527,
            746535,
            746565,
            746568,
            746584,
            746590,
            746601,
            746602,
            746617,
            746618,
            746630,
            746656,
            746660,
            746664,
            746677,
            746685,
            746698,
            746705,
            746710,
            746715,
            746737,
            746738,
            746758,
            746759,
            746763,
            746764,
            746769,
            746782,
            746788,
            746817,
            746818,
            746822,
            746823,
            746832,
            746835,
            746851,
            746855,
            746892,
            746893,
            746895,
            746898,
            746899,
            746937,
            746949,
            746955,
            746960,
            746968,
            746972,
            746987,
            747002,
            747004,
            747010,
            747018,
            747021,
            747029,
            747032,
            747045,
            747056,
            747072,
            747083,
            747086,
            747090,
            747096,
            747100,
            747101,
            747103,
            747113,
            747121,
            747123,
            747136,
            747140,
            747141,
            747149,
            747156,
            747160,
            747167,
            747195,
            747196,
            747209
          ]
        },
        "mean_total_all": 9.883491148620832,
        "mean_total_no_detected_fault": 9.779064381658175
      },
      {
        "flagged_games": 272,
        "no_detected_completion_fault": 2157,
        "flagged_fraction": 0.11198023878139152,
        "reasons": {
          "regulation_truncated": [
            744813,
            744820,
            744989,
            745129,
            745136,
            745328,
            745404,
            745428,
            745429,
            745484,
            745487,
            745655,
            745737,
            746222,
            746351,
            746458,
            746640,
            746753,
            746885,
            746902,
            747132,
            747143,
            747214
          ],
          "extra_truncated": [],
          "unresolved_tie": [],
          "skipped_extra_innings": [
            744800,
            744807,
            744808,
            744814,
            744820,
            744830,
            744857,
            744867,
            744873,
            744887,
            744894,
            744903,
            744908,
            744910,
            744923,
            744930,
            744948,
            744971,
            744981,
            744999,
            745001,
            745005,
            745033,
            745036,
            745043,
            745046,
            745059,
            745082,
            745086,
            745092,
            745093,
            745101,
            745109,
            745118,
            745121,
            745123,
            745134,
            745148,
            745161,
            745191,
            745199,
            745208,
            745254,
            745261,
            745262,
            745268,
            745277,
            745289,
            745293,
            745295,
            745298,
            745302,
            745341,
            745354,
            745367,
            745369,
            745385,
            745386,
            745391,
            745401,
            745412,
            745423,
            745426,
            745447,
            745455,
            745477,
            745482,
            745494,
            745526,
            745528,
            745539,
            745551,
            745552,
            745554,
            745562,
            745564,
            745584,
            745587,
            745591,
            745601,
            745615,
            745632,
            745654,
            745655,
            745656,
            745680,
            745692,
            745696,
            745697,
            745705,
            745719,
            745722,
            745723,
            745732,
            745766,
            745772,
            745793,
            745804,
            745811,
            745821,
            745822,
            745904,
            745917,
            745924,
            745927,
            745935,
            745938,
            745940,
            745941,
            745960,
            745963,
            745974,
            745977,
            745989,
            745990,
            745999,
            746003,
            746011,
            746012,
            746021,
            746047,
            746070,
            746075,
            746076,
            746096,
            746112,
            746115,
            746135,
            746146,
            746154,
            746163,
            746176,
            746187,
            746192,
            746193,
            746212,
            746219,
            746222,
            746224,
            746230,
            746239,
            746271,
            746272,
            746283,
            746287,
            746304,
            746305,
            746306,
            746309,
            746311,
            746333,
            746336,
            746344,
            746354,
            746382,
            746384,
            746388,
            746393,
            746427,
            746437,
            746476,
            746478,
            746479,
            746485,
            746495,
            746503,
            746509,
            746525,
            746543,
            746548,
            746552,
            746553,
            746564,
            746569,
            746570,
            746571,
            746578,
            746583,
            746591,
            746598,
            746599,
            746610,
            746625,
            746640,
            746660,
            746694,
            746697,
            746704,
            746711,
            746715,
            746725,
            746726,
            746727,
            746728,
            746729,
            746736,
            746742,
            746769,
            746776,
            746786,
            746791,
            746823,
            746826,
            746829,
            746834,
            746836,
            746838,
            746839,
            746846,
            746849,
            746850,
            746851,
            746859,
            746869,
            746881,
            746885,
            746886,
            746888,
            746890,
            746899,
            746927,
            746933,
            746951,
            746956,
            746958,
            746969,
            746971,
            746977,
            746979,
            746992,
            746993,
            747017,
            747030,
            747035,
            747044,
            747052,
            747055,
            747061,
            747096,
            747108,
            747109,
            747113,
            747117,
            747119,
            747130,
            747165,
            747166,
            747167,
            747170,
            747183,
            747191,
            747199,
            747210,
            747224
          ]
        },
        "mean_total_all": 9.922190201729107,
        "mean_total_no_detected_fault": 9.809921186833565
      }
    ],
    "simulation_changed": false,
    "headline_metrics_include_flagged_games": true,
    "note": "Diagnostic only. No detected fault is not certification of legal completion; observed lineup/staff policy and other modelling limitations remain. Filtered means are a sensitivity check, not an unbiased replacement benchmark."
  },
  "rate_export": {
    "path": "data/eval2/prod_rates_v26a_abcd_id_s42.npz",
    "players": 543,
    "max_pa_per_game": 90,
    "note": "Generated-outcome rates on the selected observed 2024 PA denominator."
  },
  "arrays_export": {
    "path": "data/eval2/calib_v26a_abcd_id_s42-observed-schedule_arrays.npz",
    "games": 2429,
    "reps": 20,
    "note": "Observed lineup/staff schedule; source rows cycle only if a generated half outlives its observed PA schedule. Not a pre-game roster/staff simulation."
  },
  "note": "Generated game state on observed lineup/staff schedule; a half that outlives its observed PA sources cycles those sources until a generated third out. Continuation PAs are excluded from the paired fixed-cohort rate export; not a pre-game roster/staff simulation.",
  "player_stats": {
    "n_batters": 382,
    "min_pa": 150,
    "stats": {
      "AVG": {
        "real_mean": 0.23902044238541253,
        "sim_mean": 0.2394963300718614,
        "mae": 0.02539730527270889,
        "corr": 0.2693682233109666
      },
      "OBP": {
        "real_mean": 0.3096612606472928,
        "sim_mean": 0.35014972375653036,
        "mae": 0.045634126845077845,
        "corr": 0.24027815787438037
      },
      "SLG": {
        "real_mean": 0.39053884214042284,
        "sim_mean": 0.3964486560676309,
        "mae": 0.05755325936382212,
        "corr": 0.2091806025358561
      },
      "K%": {
        "real_mean": 0.2260079387708535,
        "sim_mean": 0.20340072771677226,
        "mae": 0.043768678430349824,
        "corr": 0.5521377647489257
      },
      "BB%": {
        "real_mean": 0.08142517113076207,
        "sim_mean": 0.13206951864880895,
        "mae": 0.05152883560027447,
        "corr": 0.4711059653423807
      },
      "HR%": {
        "real_mean": 0.029203748068456624,
        "sim_mean": 0.03190928334464698,
        "mae": 0.011715474068286914,
        "corr": 0.23972553070756106
      }
    },
    "coverage": {
      "AVG": {
        "50": 34.55497382198953,
        "90": 69.89528795811518,
        "95": 76.17801047120419
      },
      "OBP": {
        "50": 16.49214659685864,
        "90": 38.481675392670155,
        "95": 44.76439790575916
      },
      "SLG": {
        "50": 32.72251308900523,
        "90": 65.18324607329843,
        "95": 71.46596858638743
      },
      "K%": {
        "50": 15.968586387434556,
        "90": 38.7434554973822,
        "95": 45.54973821989529
      },
      "BB%": {
        "50": 4.712041884816754,
        "90": 14.921465968586386,
        "95": 19.10994764397906
      },
      "HR%": {
        "50": 26.439790575916227,
        "90": 59.424083769633505,
        "95": 66.2303664921466
      }
    }
  },
  "per_rep": {
    "total_mean": [
      9.948538493207082,
      10.05763688760807,
      10.01358583779333,
      9.98147385755455,
      10.015644298065048,
      9.883491148620832,
      9.98888431453273,
      9.906134211609716,
      10.096747632770688,
      10.093042404281597,
      10.08851379168382,
      10.029641827912721,
      9.99258954302182,
      10.090983944009881,
      9.93495265541375,
      9.93989296006587,
      9.814326883491148,
      9.825030876904076,
      9.883491148620832,
      9.922190201729107
    ],
    "home_win_rate": [
      0.49403046521202143,
      0.492383696994648,
      0.47756278303828736,
      0.49197200494030463,
      0.5179086043639358,
      0.5055578427336352,
      0.5133799917661589,
      0.4890901605599012,
      0.5059695347879786,
      0.5191436805269658,
      0.49897076986414163,
      0.4977356937011116,
      0.5047344586249486,
      0.4890901605599012,
      0.5018526142445451,
      0.49032523672293127,
      0.49032523672293127,
      0.5113215314944421,
      0.5142033758748457,
      0.5014409221902018
    ],
    "walkoff_rate": [
      0.07533964594483326,
      0.07780979827089338,
      0.06381226842321944,
      0.07204610951008646,
      0.07739810621655002,
      0.08110333470564018,
      0.07575133799917662,
      0.07986825854261012,
      0.08027995059695348,
      0.0860436393577604,
      0.07822149032523672,
      0.08192671881432688,
      0.08069164265129683,
      0.0699876492383697,
      0.08439687114038699,
      0.07945656648826678,
      0.0683408810209963,
      0.0732811856731165,
      0.08398517908604364,
      0.08233841086867023
    ],
    "extra_rate": [
      0.345821325648415,
      0.3404693289419514,
      0.3433511733223549,
      0.33676410045286126,
      0.33182379580074106,
      0.3396459448332647,
      0.3314121037463977,
      0.34170440510498146,
      0.3285302593659942,
      0.3338822560724578,
      0.34211609715932484,
      0.3524083985179086,
      0.34376286537669826,
      0.34088102099629475,
      0.34170440510498146,
      0.3347056401811445,
      0.33058871963771097,
      0.3285302593659942,
      0.3433511733223549,
      0.34952655413750516
    ]
  }
}
saved -> data/runs/six_v26a_abcd_id_s42/games.json
