Preparing immutable observed pitch schedules...

--- Rep 1/20 (seed=97) ---

--- Rep 2/20 (seed=1000100) ---

--- Rep 3/20 (seed=2000103) ---

--- Rep 4/20 (seed=3000106) ---

--- Rep 5/20 (seed=4000109) ---

--- Rep 6/20 (seed=5000112) ---

--- Rep 7/20 (seed=6000115) ---

--- Rep 8/20 (seed=7000118) ---

--- Rep 9/20 (seed=8000121) ---

--- Rep 10/20 (seed=9000124) ---

--- Rep 11/20 (seed=10000127) ---

--- Rep 12/20 (seed=11000130) ---

--- Rep 13/20 (seed=12000133) ---

--- Rep 14/20 (seed=13000136) ---

--- Rep 15/20 (seed=14000139) ---

--- Rep 16/20 (seed=15000142) ---

--- Rep 17/20 (seed=16000145) ---

--- Rep 18/20 (seed=17000148) ---

--- Rep 19/20 (seed=18000151) ---

--- Rep 20/20 (seed=19000154) ---

=== Held-out next-pitch resolution (B+D) ===
  n=708908  NLL=0.6887  Brier=0.3341
  conditioning: observed pitch + prior history; launch marginalized; includes continuation

=== Marginal outcome calibration ===
  outcome   real%    sim%   ratio      recal
       K   22.58   20.19   0.894     0.1119
      BB    8.18   13.50   1.650    -0.5009
     HBP    1.11    1.30   1.174    -0.1605
      1B   14.20   13.89   0.978     0.0221
      2B    4.26    3.47   0.815     0.2050
      3B    0.38    0.28   0.737     0.3051
      HR    2.99    3.31   1.109    -0.1033
     out   46.30   44.06   0.951     0.0498
       E    0.00    0.00     nan        nan

=== Score distribution ===
                   real      sim
  mean             8.63 10.49 +/- 0.10
  std              4.27     4.89
  median            8.0     10.0
  shutout%         13.4      8.9
  blowout%         28.3     32.4

=== Runs-by-inning fraction (fatigue shape test) ===
  inning   1    2    3    4    5    6    7    8    9   | late(6-9)
  real  11.7 10.8 11.7 11.8 11.9 11.8 11.0 11.0  8.2  | 42.0%
  sim   12.5 11.5 11.6 11.6 11.5 11.5 11.3 11.4  7.1  | 41.4%

=== ABCD PITCHFORMER GAME EVAL (2429 games, 20 reps, 32318s) ===
  runs/game   real 8.63   sim 10.49 +/- 0.10
  home runs/g 5.16 +/- 0.07   away 5.33 +/- 0.08   home-win 50.7 +/- 1.2%  (ties 0)
  extras      real 8.9%   sim 33.6 +/- 1.0%   walk-offs 7.5 +/- 0.6%
  truncated half-innings: 26
  extra half-innings: 10.4   unresolved: 0.0

=== Sampling consistency only (generated B+D, 189019 terminal PAs) ===
  mean=0.4995  std=0.2887  (ideal: mean=0.5, std=0.2887)
  KS stat=0.0019  p=0.5274
  PIT histogram (10 bins, expected 18902 each):
    18989  18890  18913  18964  19078  18786  18670  19030  18898  18801
     1.00   1.00   1.00   1.00   1.01   0.99   0.99   1.01   1.00   0.99

=== Player-level via ABCD game eval (382 batters >= 150 PA) ===
  stat      real      sim      MAE    corr
  AVG     0.2390   0.2456   0.0263   0.188
  OBP     0.3097   0.3572   0.0517   0.221
  SLG     0.3905   0.4091   0.0601   0.189
  K%      0.2260   0.2020   0.0444   0.552
  BB%     0.0814   0.1346   0.0537   0.520
  HR%     0.0292   0.0330   0.0117   0.252

=== Coverage (20 reps, 382 batters) ===
  stat    cov50%   cov90%   cov95%
  AVG       35.6     69.4     75.9
  OBP       13.1     32.7     37.4
  SLG       29.3     62.6     71.2
  K%        15.7     37.7     43.2
  BB%        3.1     12.0     16.0
  HR%       27.5     60.5     65.7
saved paired-rate artifact -> data/eval2/prod_rates_v26b_abcd_id_s97.npz
saved benchmark arrays -> data/eval2/calib_v26b_abcd_id_s97-observed-schedule_arrays.npz
{
  "tag": "v26b_abcd_id_s97",
  "season": 2024,
  "c_events": true,
  "games": 2429,
  "reps": 20,
  "elapsed_s": 32318.13769054413,
  "truncated_half_innings": 26,
  "batch_games": 256,
  "total_mean": 10.486722931247428,
  "total_std": 0.09794731735041581,
  "home_mean": 5.157945656648827,
  "away_mean": 5.3287772745986,
  "home_win_rate": 0.507245780156443,
  "real_total_mean": 8.634829147797447,
  "score_dist": {
    "sim_std": 4.885111593378213,
    "sim_median": 10.0,
    "sim_shutout_rate": 8.948126801152737,
    "sim_blowout_rate": 32.44956772334294,
    "real_std": 4.270741335866924,
    "real_median": 8.0,
    "real_shutout_rate": 13.421160971593249,
    "real_blowout_rate": 28.324413338822563
  },
  "pa_outcomes_sim": {
    "K": 38673.45,
    "BB": 25865.65,
    "HBP": 2490.15,
    "1B": 26600.85,
    "2B": 6646.7,
    "3B": 539.35,
    "HR": 6348.4,
    "out": 84391.5,
    "E": 1.75
  },
  "pa_outcomes_real": {
    "K": 41197.0,
    "BB": 14929.0,
    "HBP": 2020.0,
    "1B": 25902.0,
    "2B": 7771.0,
    "3B": 697.0,
    "HR": 5453.0,
    "out": 84480.0,
    "E": 0.0
  },
  "runs_by_inning_frac_sim": [
    0.12487230991117824,
    0.11464901155228668,
    0.11568469195587838,
    0.11568266914259011,
    0.1150879620358402,
    0.11549657032006973,
    0.11344543764576898,
    0.11405430444553674,
    0.07102704299085082
  ],
  "runs_by_inning_frac_real": [
    0.11716795054217163,
    0.10794367302880134,
    0.11741327707178255,
    0.1183945831902262,
    0.11927775869682547,
    0.11760953829547127,
    0.11020067710122172,
    0.11044600363083264,
    0.0815465384426672
  ],
  "extra_runs_per_game": 0.3104981473857555,
  "sim_extra_rate": 33.58377933305888,
  "real_extra_rate": 8.892548373816386,
  "walkoff_rate": 7.455743104158091,
  "n_ties_mean": 0.0,
  "n_extra_half_innings_mean": 10.4,
  "n_unresolved_mean": 0.0,
  "events": [
    1606.45,
    357.5,
    120.35,
    2692.65,
    515.1,
    11819.75,
    48.7,
    261.75
  ],
  "simulation_consistency": {
    "n": 189019,
    "histogram": [
      18989,
      18890,
      18913,
      18964,
      19078,
      18786,
      18670,
      19030,
      18898,
      18801
    ],
    "bin_edges": [
      0.0,
      0.1,
      0.2,
      0.30000000000000004,
      0.4,
      0.5,
      0.6000000000000001,
      0.7000000000000001,
      0.8,
      0.9,
      1.0
    ],
    "chi2": 7.223342626931684,
    "ks_stat": 0.0018629851308372691,
    "ks_pvalue": 0.5274140184303536,
    "mean": 0.4995365167630323,
    "std": 0.2887402854243713
  },
  "heldout_pitch_calibration": {
    "scope": "heldout_next_pitch_resolution",
    "n": 708908,
    "conditioning": "observed pitch and prior history; launch marginalized; includes continuation",
    "nll": 0.6886721670026872,
    "brier": 0.3340949578579922,
    "pit_histogram": [
      73762,
      70913,
      70101,
      70294,
      70436,
      70283,
      70271,
      70216,
      70707,
      71925
    ],
    "predicted_rates": [
      0.0581365055204459,
      0.020524578793621844,
      0.0023351017105050806,
      0.03645107430667713,
      0.008832528570928422,
      0.0007203722059751676,
      0.00835353945269969,
      0.11784890851687724,
      1.949882084433972e-06,
      0.7467954410402008
    ],
    "observed_rates": [
      0.05803150761452826,
      0.02027625587523346,
      0.0028494529614562117,
      0.036518137755533864,
      0.010961930179938722,
      0.0009817917134522392,
      0.007687880514819977,
      0.11912829309303886,
      0.0,
      0.7435647502919984
    ],
    "launch_samples": 16
  },
  "skill_policy": {
    "mode": "fixed",
    "resample_per_rep": false,
    "skill_seeds": [],
    "calibration_mode": "fixed_checkpoint",
    "source_world": null
  },
  "completion_diagnostics": {
    "per_rep": [
      {
        "flagged_games": 275,
        "no_detected_completion_fault": 2154,
        "flagged_fraction": 0.11321531494442157,
        "reasons": {
          "regulation_truncated": [
            744810,
            744820,
            744941,
            744995,
            745089,
            745145,
            745264,
            745470,
            745503,
            745522,
            745718,
            745818,
            745853,
            745859,
            745919,
            746009,
            746052,
            746067,
            746150,
            746367,
            746502,
            746568,
            746685,
            746709,
            746712,
            746803,
            746988,
            747013,
            747037,
            747041,
            747077,
            747143,
            747168
          ],
          "extra_truncated": [],
          "unresolved_tie": [],
          "skipped_extra_innings": [
            744795,
            744808,
            744847,
            744864,
            744888,
            744914,
            744924,
            744950,
            744953,
            744969,
            744975,
            744980,
            744983,
            744984,
            744989,
            745004,
            745006,
            745007,
            745010,
            745023,
            745029,
            745035,
            745041,
            745045,
            745047,
            745060,
            745066,
            745083,
            745084,
            745100,
            745101,
            745143,
            745153,
            745167,
            745168,
            745175,
            745207,
            745235,
            745254,
            745257,
            745259,
            745261,
            745262,
            745280,
            745282,
            745289,
            745293,
            745303,
            745320,
            745322,
            745325,
            745326,
            745343,
            745371,
            745386,
            745396,
            745441,
            745453,
            745459,
            745460,
            745477,
            745482,
            745501,
            745511,
            745532,
            745536,
            745541,
            745551,
            745576,
            745592,
            745603,
            745616,
            745625,
            745626,
            745645,
            745666,
            745675,
            745691,
            745694,
            745700,
            745701,
            745713,
            745725,
            745731,
            745738,
            745743,
            745745,
            745758,
            745759,
            745768,
            745778,
            745780,
            745800,
            745810,
            745814,
            745854,
            745856,
            745862,
            745865,
            745866,
            745876,
            745899,
            745905,
            745911,
            745918,
            745935,
            745952,
            745959,
            745960,
            745967,
            745981,
            746008,
            746020,
            746021,
            746029,
            746035,
            746040,
            746070,
            746073,
            746104,
            746111,
            746124,
            746126,
            746128,
            746132,
            746137,
            746140,
            746142,
            746160,
            746171,
            746180,
            746181,
            746184,
            746190,
            746196,
            746229,
            746239,
            746241,
            746248,
            746281,
            746307,
            746316,
            746320,
            746324,
            746357,
            746375,
            746380,
            746384,
            746388,
            746392,
            746399,
            746416,
            746420,
            746430,
            746437,
            746440,
            746457,
            746466,
            746481,
            746485,
            746495,
            746496,
            746500,
            746505,
            746510,
            746528,
            746529,
            746545,
            746548,
            746573,
            746581,
            746583,
            746584,
            746591,
            746601,
            746609,
            746617,
            746634,
            746640,
            746652,
            746657,
            746658,
            746682,
            746684,
            746685,
            746702,
            746709,
            746710,
            746721,
            746757,
            746759,
            746764,
            746777,
            746783,
            746790,
            746793,
            746800,
            746823,
            746830,
            746831,
            746836,
            746844,
            746846,
            746851,
            746859,
            746872,
            746898,
            746903,
            746904,
            746912,
            746926,
            746927,
            746930,
            746942,
            746944,
            746945,
            746958,
            746960,
            746961,
            746968,
            746975,
            746978,
            746980,
            746984,
            747014,
            747021,
            747025,
            747041,
            747052,
            747062,
            747063,
            747072,
            747076,
            747087,
            747102,
            747108,
            747110,
            747127,
            747143,
            747164,
            747175,
            747190,
            747196,
            747209,
            747214,
            747215
          ]
        },
        "mean_total_all": 10.430629888843145,
        "mean_total_no_detected_fault": 10.314298978644382
      },
      {
        "flagged_games": 232,
        "no_detected_completion_fault": 2197,
        "flagged_fraction": 0.09551255660765748,
        "reasons": {
          "regulation_truncated": [
            744820,
            744828,
            744866,
            745009,
            745012,
            745143,
            745195,
            745301,
            745310,
            745503,
            745527,
            745624,
            745785,
            745802,
            746002,
            746150,
            746221,
            746332,
            746362,
            746490,
            746515,
            746561,
            746582,
            746640,
            746693,
            746704,
            746709,
            746803,
            746885,
            747132,
            747168,
            747210,
            747214
          ],
          "extra_truncated": [],
          "unresolved_tie": [],
          "skipped_extra_innings": [
            744816,
            744831,
            744832,
            744836,
            744847,
            744867,
            744868,
            744887,
            744920,
            744929,
            744932,
            744935,
            744942,
            744948,
            744961,
            744972,
            744976,
            744978,
            745001,
            745007,
            745014,
            745019,
            745028,
            745047,
            745054,
            745056,
            745076,
            745082,
            745120,
            745156,
            745161,
            745162,
            745165,
            745197,
            745212,
            745213,
            745237,
            745251,
            745270,
            745289,
            745294,
            745297,
            745301,
            745311,
            745324,
            745333,
            745340,
            745371,
            745404,
            745405,
            745415,
            745427,
            745431,
            745446,
            745470,
            745483,
            745488,
            745493,
            745500,
            745509,
            745510,
            745513,
            745518,
            745533,
            745537,
            745541,
            745553,
            745560,
            745563,
            745579,
            745580,
            745595,
            745609,
            745615,
            745634,
            745644,
            745649,
            745651,
            745659,
            745675,
            745689,
            745692,
            745705,
            745713,
            745736,
            745739,
            745747,
            745770,
            745803,
            745807,
            745824,
            745845,
            745850,
            745881,
            745893,
            745902,
            745911,
            745925,
            745944,
            745950,
            745959,
            745960,
            745977,
            745979,
            745994,
            746008,
            746020,
            746022,
            746036,
            746091,
            746103,
            746125,
            746141,
            746168,
            746200,
            746201,
            746210,
            746215,
            746221,
            746227,
            746235,
            746242,
            746246,
            746275,
            746315,
            746319,
            746326,
            746329,
            746342,
            746351,
            746363,
            746364,
            746370,
            746377,
            746427,
            746433,
            746445,
            746447,
            746457,
            746495,
            746517,
            746532,
            746544,
            746550,
            746557,
            746568,
            746583,
            746588,
            746594,
            746610,
            746612,
            746614,
            746638,
            746642,
            746656,
            746666,
            746674,
            746676,
            746677,
            746686,
            746687,
            746695,
            746697,
            746730,
            746743,
            746767,
            746776,
            746838,
            746840,
            746851,
            746853,
            746883,
            746887,
            746892,
            746906,
            746916,
            746923,
            746938,
            746947,
            746993,
            747004,
            747007,
            747018,
            747049,
            747055,
            747059,
            747065,
            747078,
            747079,
            747087,
            747100,
            747107,
            747116,
            747138,
            747152,
            747154,
            747161,
            747180,
            747194,
            747198,
            747213
          ]
        },
        "mean_total_all": 10.672704816797037,
        "mean_total_no_detected_fault": 10.562130177514794
      },
      {
        "flagged_games": 224,
        "no_detected_completion_fault": 2205,
        "flagged_fraction": 0.09221902017291066,
        "reasons": {
          "regulation_truncated": [
            744865,
            745030,
            745066,
            745364,
            745431,
            745582,
            746052,
            746207,
            746341,
            746709,
            746873,
            746885,
            746965,
            747082,
            747168,
            747173
          ],
          "extra_truncated": [],
          "unresolved_tie": [],
          "skipped_extra_innings": [
            744814,
            744817,
            744830,
            744867,
            744898,
            744901,
            744906,
            744916,
            744940,
            744952,
            744957,
            744968,
            744970,
            744983,
            744987,
            744996,
            745006,
            745019,
            745031,
            745048,
            745050,
            745058,
            745064,
            745073,
            745079,
            745096,
            745098,
            745104,
            745105,
            745115,
            745137,
            745158,
            745203,
            745209,
            745211,
            745240,
            745254,
            745255,
            745270,
            745297,
            745306,
            745312,
            745315,
            745317,
            745336,
            745338,
            745378,
            745402,
            745405,
            745417,
            745422,
            745466,
            745479,
            745488,
            745497,
            745505,
            745506,
            745525,
            745529,
            745533,
            745538,
            745540,
            745548,
            745549,
            745557,
            745566,
            745579,
            745601,
            745603,
            745619,
            745629,
            745633,
            745641,
            745645,
            745673,
            745677,
            745679,
            745682,
            745705,
            745733,
            745736,
            745739,
            745746,
            745752,
            745759,
            745793,
            745807,
            745817,
            745841,
            745849,
            745858,
            745873,
            745878,
            745898,
            745901,
            745908,
            745914,
            745925,
            745933,
            745936,
            745950,
            745965,
            745973,
            745981,
            746016,
            746022,
            746035,
            746042,
            746062,
            746064,
            746076,
            746078,
            746084,
            746097,
            746105,
            746107,
            746111,
            746116,
            746118,
            746137,
            746138,
            746146,
            746182,
            746195,
            746198,
            746199,
            746206,
            746216,
            746267,
            746271,
            746280,
            746333,
            746337,
            746350,
            746360,
            746372,
            746384,
            746405,
            746407,
            746422,
            746423,
            746426,
            746445,
            746454,
            746468,
            746480,
            746482,
            746483,
            746486,
            746488,
            746498,
            746504,
            746534,
            746540,
            746541,
            746544,
            746552,
            746568,
            746588,
            746603,
            746616,
            746654,
            746682,
            746688,
            746712,
            746718,
            746727,
            746756,
            746758,
            746759,
            746773,
            746778,
            746808,
            746825,
            746833,
            746837,
            746842,
            746845,
            746847,
            746853,
            746860,
            746867,
            746887,
            746893,
            746896,
            746937,
            746945,
            746951,
            746968,
            746983,
            746988,
            746998,
            747003,
            747009,
            747014,
            747016,
            747017,
            747032,
            747042,
            747075,
            747077,
            747078,
            747097,
            747100,
            747112,
            747164,
            747172,
            747208
          ]
        },
        "mean_total_all": 10.381226842321944,
        "mean_total_no_detected_fault": 10.270748299319727
      },
      {
        "flagged_games": 238,
        "no_detected_completion_fault": 2191,
        "flagged_fraction": 0.09798270893371758,
        "reasons": {
          "regulation_truncated": [
            744865,
            744878,
            744940,
            745067,
            745141,
            745291,
            745329,
            745437,
            745503,
            745655,
            745686,
            745802,
            745826,
            745897,
            745948,
            745992,
            746052,
            746069,
            746192,
            746207,
            746228,
            746330,
            746596,
            746709,
            746818,
            746853,
            746873,
            746885,
            747013,
            747041,
            747077,
            747168,
            747214
          ],
          "extra_truncated": [],
          "unresolved_tie": [],
          "skipped_extra_innings": [
            744803,
            744810,
            744816,
            744817,
            744824,
            744837,
            744853,
            744856,
            744860,
            744864,
            744869,
            744874,
            744888,
            744893,
            744895,
            744899,
            744909,
            744927,
            744935,
            744968,
            744993,
            745021,
            745035,
            745040,
            745042,
            745049,
            745057,
            745062,
            745065,
            745088,
            745118,
            745122,
            745152,
            745153,
            745187,
            745197,
            745201,
            745207,
            745228,
            745232,
            745234,
            745242,
            745243,
            745274,
            745275,
            745279,
            745292,
            745305,
            745309,
            745327,
            745338,
            745355,
            745356,
            745371,
            745393,
            745401,
            745402,
            745425,
            745428,
            745431,
            745445,
            745458,
            745461,
            745463,
            745473,
            745474,
            745494,
            745509,
            745521,
            745555,
            745560,
            745563,
            745565,
            745566,
            745588,
            745605,
            745610,
            745612,
            745626,
            745645,
            745647,
            745669,
            745672,
            745688,
            745692,
            745706,
            745719,
            745721,
            745728,
            745745,
            745753,
            745758,
            745772,
            745777,
            745816,
            745817,
            745826,
            745829,
            745842,
            745855,
            745858,
            745879,
            745882,
            745887,
            745892,
            745911,
            745923,
            745949,
            745962,
            745992,
            745996,
            746016,
            746019,
            746021,
            746028,
            746035,
            746050,
            746051,
            746067,
            746077,
            746078,
            746086,
            746101,
            746114,
            746119,
            746147,
            746170,
            746171,
            746186,
            746201,
            746207,
            746214,
            746215,
            746218,
            746222,
            746248,
            746298,
            746311,
            746312,
            746322,
            746329,
            746333,
            746365,
            746382,
            746385,
            746394,
            746395,
            746417,
            746432,
            746460,
            746462,
            746527,
            746547,
            746550,
            746558,
            746564,
            746567,
            746582,
            746603,
            746606,
            746611,
            746638,
            746643,
            746650,
            746664,
            746668,
            746685,
            746692,
            746702,
            746714,
            746736,
            746738,
            746740,
            746748,
            746763,
            746790,
            746793,
            746795,
            746802,
            746806,
            746817,
            746821,
            746845,
            746857,
            746865,
            746889,
            746896,
            746903,
            746924,
            746943,
            746944,
            746991,
            746998,
            747045,
            747046,
            747075,
            747089,
            747119,
            747120,
            747123,
            747126,
            747141,
            747159,
            747174,
            747176,
            747177,
            747199,
            747222
          ]
        },
        "mean_total_all": 10.421572663647591,
        "mean_total_no_detected_fault": 10.320858055682336
      },
      {
        "flagged_games": 244,
        "no_detected_completion_fault": 2185,
        "flagged_fraction": 0.10045286125977769,
        "reasons": {
          "regulation_truncated": [
            744820,
            744927,
            745053,
            745066,
            745503,
            745551,
            745643,
            745679,
            745785,
            745865,
            745870,
            746052,
            746214,
            746304,
            746319,
            746445,
            746638,
            746756,
            746914,
            746967,
            746989,
            747013,
            747116,
            747145
          ],
          "extra_truncated": [],
          "unresolved_tie": [],
          "skipped_extra_innings": [
            744802,
            744805,
            744820,
            744821,
            744822,
            744823,
            744830,
            744842,
            744854,
            744867,
            744869,
            744894,
            744899,
            744906,
            744915,
            744918,
            744919,
            744926,
            744936,
            744937,
            744942,
            744956,
            744958,
            744995,
            744999,
            745001,
            745022,
            745030,
            745037,
            745043,
            745061,
            745074,
            745088,
            745090,
            745111,
            745136,
            745137,
            745138,
            745155,
            745170,
            745177,
            745206,
            745230,
            745235,
            745260,
            745261,
            745275,
            745283,
            745293,
            745296,
            745318,
            745344,
            745374,
            745398,
            745411,
            745417,
            745418,
            745422,
            745428,
            745431,
            745433,
            745441,
            745446,
            745455,
            745463,
            745483,
            745495,
            745503,
            745519,
            745549,
            745555,
            745558,
            745560,
            745594,
            745596,
            745609,
            745611,
            745614,
            745629,
            745643,
            745652,
            745665,
            745670,
            745686,
            745701,
            745702,
            745712,
            745717,
            745733,
            745735,
            745750,
            745774,
            745777,
            745778,
            745779,
            745787,
            745790,
            745814,
            745829,
            745854,
            745857,
            745882,
            745908,
            745909,
            745912,
            745940,
            745946,
            745947,
            745979,
            745983,
            745985,
            746021,
            746026,
            746037,
            746046,
            746093,
            746095,
            746103,
            746120,
            746122,
            746134,
            746182,
            746189,
            746197,
            746206,
            746214,
            746215,
            746240,
            746248,
            746257,
            746265,
            746294,
            746295,
            746310,
            746317,
            746327,
            746335,
            746338,
            746341,
            746349,
            746352,
            746375,
            746388,
            746390,
            746393,
            746410,
            746421,
            746464,
            746487,
            746504,
            746510,
            746511,
            746524,
            746539,
            746546,
            746549,
            746553,
            746558,
            746591,
            746599,
            746611,
            746617,
            746627,
            746629,
            746636,
            746637,
            746640,
            746644,
            746646,
            746654,
            746658,
            746659,
            746660,
            746685,
            746687,
            746689,
            746690,
            746695,
            746705,
            746711,
            746714,
            746719,
            746723,
            746731,
            746741,
            746759,
            746777,
            746808,
            746821,
            746849,
            746850,
            746863,
            746900,
            746901,
            746912,
            746915,
            746932,
            746933,
            746951,
            746991,
            747004,
            747015,
            747026,
            747030,
            747057,
            747062,
            747063,
            747068,
            747071,
            747077,
            747079,
            747085,
            747106,
            747144,
            747164,
            747172,
            747187,
            747196,
            747201,
            747202,
            747204,
            747214,
            747218,
            747219
          ]
        },
        "mean_total_all": 10.571840263482915,
        "mean_total_no_detected_fault": 10.460869565217392
      },
      {
        "flagged_games": 261,
        "no_detected_completion_fault": 2168,
        "flagged_fraction": 0.10745162618361466,
        "reasons": {
          "regulation_truncated": [
            744820,
            744976,
            744989,
            745053,
            745112,
            745141,
            745195,
            745391,
            745485,
            745522,
            745569,
            745655,
            745729,
            745821,
            745884,
            745910,
            746003,
            746202,
            746255,
            746326,
            746412,
            746638,
            746640,
            746685,
            746740,
            746756,
            746885,
            747013,
            747068,
            747069,
            747127,
            747132,
            747168,
            747214
          ],
          "extra_truncated": [],
          "unresolved_tie": [],
          "skipped_extra_innings": [
            744834,
            744844,
            744851,
            744900,
            744912,
            744919,
            744936,
            744937,
            744960,
            744962,
            744963,
            744970,
            744985,
            744987,
            745008,
            745010,
            745021,
            745029,
            745030,
            745035,
            745041,
            745044,
            745045,
            745046,
            745051,
            745055,
            745071,
            745079,
            745090,
            745100,
            745108,
            745120,
            745134,
            745138,
            745162,
            745174,
            745175,
            745179,
            745199,
            745206,
            745211,
            745230,
            745235,
            745236,
            745240,
            745247,
            745260,
            745269,
            745270,
            745276,
            745294,
            745313,
            745315,
            745328,
            745333,
            745336,
            745340,
            745351,
            745353,
            745376,
            745394,
            745399,
            745400,
            745401,
            745417,
            745436,
            745449,
            745456,
            745466,
            745488,
            745510,
            745517,
            745531,
            745556,
            745559,
            745576,
            745577,
            745591,
            745634,
            745636,
            745639,
            745658,
            745663,
            745678,
            745696,
            745701,
            745703,
            745710,
            745723,
            745731,
            745736,
            745740,
            745748,
            745750,
            745759,
            745776,
            745800,
            745806,
            745817,
            745820,
            745841,
            745871,
            745878,
            745879,
            745891,
            745898,
            745908,
            745935,
            745936,
            745937,
            745973,
            745983,
            745986,
            745999,
            746004,
            746007,
            746012,
            746013,
            746020,
            746026,
            746038,
            746045,
            746051,
            746054,
            746060,
            746070,
            746085,
            746090,
            746092,
            746099,
            746101,
            746127,
            746133,
            746154,
            746180,
            746182,
            746192,
            746216,
            746225,
            746239,
            746266,
            746273,
            746283,
            746295,
            746301,
            746309,
            746319,
            746333,
            746350,
            746356,
            746358,
            746363,
            746365,
            746368,
            746408,
            746431,
            746438,
            746444,
            746461,
            746476,
            746491,
            746492,
            746495,
            746506,
            746514,
            746520,
            746533,
            746540,
            746541,
            746544,
            746548,
            746554,
            746570,
            746578,
            746583,
            746622,
            746628,
            746631,
            746643,
            746648,
            746661,
            746666,
            746676,
            746684,
            746691,
            746696,
            746730,
            746759,
            746769,
            746784,
            746797,
            746808,
            746817,
            746822,
            746824,
            746829,
            746836,
            746842,
            746848,
            746851,
            746861,
            746866,
            746879,
            746888,
            746902,
            746913,
            746924,
            746929,
            746936,
            746938,
            746964,
            747009,
            747014,
            747020,
            747027,
            747033,
            747051,
            747081,
            747090,
            747101,
            747115,
            747135,
            747138,
            747172,
            747193,
            747209,
            747216
          ]
        },
        "mean_total_all": 10.558254425689585,
        "mean_total_no_detected_fault": 10.44049815498155
      },
      {
        "flagged_games": 229,
        "no_detected_completion_fault": 2200,
        "flagged_fraction": 0.09427748044462742,
        "reasons": {
          "regulation_truncated": [
            744813,
            744973,
            745066,
            745244,
            745291,
            745503,
            745535,
            746172,
            746357,
            746362,
            746400,
            746818,
            746873,
            747013,
            747068,
            747132,
            747168,
            747214
          ],
          "extra_truncated": [],
          "unresolved_tie": [],
          "skipped_extra_innings": [
            744801,
            744809,
            744831,
            744844,
            744854,
            744861,
            744874,
            744898,
            744901,
            744905,
            744912,
            744920,
            744922,
            744937,
            744939,
            744940,
            744946,
            744949,
            744950,
            744970,
            745000,
            745004,
            745007,
            745012,
            745016,
            745017,
            745021,
            745036,
            745042,
            745043,
            745055,
            745056,
            745058,
            745071,
            745083,
            745100,
            745140,
            745175,
            745177,
            745185,
            745197,
            745223,
            745241,
            745242,
            745257,
            745259,
            745279,
            745294,
            745310,
            745318,
            745339,
            745354,
            745358,
            745361,
            745370,
            745371,
            745373,
            745384,
            745407,
            745409,
            745416,
            745419,
            745434,
            745447,
            745452,
            745457,
            745479,
            745486,
            745492,
            745493,
            745497,
            745499,
            745514,
            745532,
            745537,
            745563,
            745567,
            745580,
            745582,
            745615,
            745616,
            745617,
            745627,
            745630,
            745666,
            745671,
            745679,
            745684,
            745694,
            745732,
            745739,
            745751,
            745755,
            745762,
            745776,
            745789,
            745790,
            745806,
            745831,
            745832,
            745843,
            745856,
            745861,
            745871,
            745883,
            745886,
            745891,
            745908,
            745921,
            745923,
            745926,
            745952,
            745953,
            745957,
            745975,
            745984,
            745995,
            746005,
            746041,
            746050,
            746057,
            746058,
            746061,
            746064,
            746065,
            746068,
            746077,
            746098,
            746123,
            746149,
            746187,
            746201,
            746202,
            746216,
            746217,
            746239,
            746256,
            746270,
            746282,
            746312,
            746327,
            746332,
            746351,
            746355,
            746368,
            746392,
            746425,
            746430,
            746439,
            746459,
            746480,
            746484,
            746490,
            746493,
            746535,
            746557,
            746583,
            746594,
            746608,
            746626,
            746638,
            746643,
            746659,
            746678,
            746731,
            746740,
            746743,
            746744,
            746753,
            746765,
            746789,
            746801,
            746805,
            746819,
            746839,
            746857,
            746861,
            746862,
            746872,
            746883,
            746904,
            746910,
            746939,
            746944,
            746945,
            746952,
            746955,
            746968,
            746977,
            746989,
            747000,
            747002,
            747018,
            747035,
            747071,
            747075,
            747076,
            747079,
            747080,
            747099,
            747106,
            747132,
            747135,
            747149,
            747154,
            747163,
            747164,
            747166,
            747197,
            747206,
            747209,
            747218
          ]
        },
        "mean_total_all": 10.379168382050226,
        "mean_total_no_detected_fault": 10.256363636363636
      },
      {
        "flagged_games": 227,
        "no_detected_completion_fault": 2202,
        "flagged_fraction": 0.09345409633594072,
        "reasons": {
          "regulation_truncated": [
            744852,
            744865,
            744888,
            744942,
            745485,
            745655,
            745686,
            745980,
            746136,
            746184,
            746220,
            746640,
            746774,
            746885,
            746997,
            747041,
            747193,
            747214
          ],
          "extra_truncated": [],
          "unresolved_tie": [],
          "skipped_extra_innings": [
            744810,
            744814,
            744816,
            744822,
            744829,
            744831,
            744854,
            744866,
            744867,
            744876,
            744881,
            744882,
            744887,
            744893,
            744901,
            744910,
            744917,
            744926,
            744937,
            744944,
            744962,
            745000,
            745028,
            745033,
            745037,
            745041,
            745058,
            745073,
            745082,
            745091,
            745093,
            745118,
            745119,
            745123,
            745150,
            745151,
            745158,
            745180,
            745200,
            745209,
            745235,
            745265,
            745285,
            745331,
            745337,
            745342,
            745383,
            745384,
            745400,
            745403,
            745425,
            745454,
            745459,
            745462,
            745467,
            745470,
            745478,
            745494,
            745515,
            745531,
            745542,
            745549,
            745554,
            745555,
            745562,
            745575,
            745582,
            745586,
            745608,
            745620,
            745621,
            745630,
            745637,
            745658,
            745664,
            745680,
            745688,
            745689,
            745700,
            745712,
            745735,
            745741,
            745756,
            745763,
            745771,
            745774,
            745783,
            745792,
            745823,
            745830,
            745834,
            745841,
            745846,
            745866,
            745873,
            745878,
            745914,
            745924,
            745925,
            745928,
            745948,
            745958,
            745969,
            745974,
            745978,
            745998,
            745999,
            746003,
            746004,
            746008,
            746010,
            746023,
            746033,
            746037,
            746082,
            746088,
            746090,
            746093,
            746119,
            746120,
            746138,
            746149,
            746153,
            746155,
            746178,
            746208,
            746210,
            746223,
            746230,
            746235,
            746257,
            746266,
            746278,
            746296,
            746303,
            746317,
            746324,
            746364,
            746386,
            746417,
            746426,
            746430,
            746431,
            746437,
            746449,
            746452,
            746478,
            746483,
            746486,
            746492,
            746510,
            746512,
            746535,
            746545,
            746569,
            746594,
            746597,
            746622,
            746652,
            746657,
            746661,
            746662,
            746672,
            746705,
            746737,
            746741,
            746745,
            746752,
            746756,
            746761,
            746764,
            746771,
            746782,
            746789,
            746819,
            746843,
            746849,
            746854,
            746860,
            746874,
            746881,
            746886,
            746906,
            746909,
            746924,
            746938,
            746946,
            746982,
            746985,
            746997,
            747009,
            747024,
            747035,
            747046,
            747054,
            747056,
            747068,
            747078,
            747093,
            747107,
            747110,
            747129,
            747145,
            747165,
            747168,
            747175,
            747177,
            747186,
            747191,
            747196,
            747214
          ]
        },
        "mean_total_all": 10.423631123919309,
        "mean_total_no_detected_fault": 10.294277929155314
      },
      {
        "flagged_games": 269,
        "no_detected_completion_fault": 2160,
        "flagged_fraction": 0.11074516261836147,
        "reasons": {
          "regulation_truncated": [
            744820,
            745019,
            745086,
            745166,
            745194,
            745364,
            745503,
            745714,
            745755,
            745884,
            745905,
            745910,
            745933,
            746058,
            746097,
            746108,
            746346,
            746362,
            746374,
            746685,
            746779,
            746873,
            746944,
            747168,
            747180,
            747214
          ],
          "extra_truncated": [],
          "unresolved_tie": [],
          "skipped_extra_innings": [
            744802,
            744808,
            744845,
            744857,
            744858,
            744864,
            744883,
            744887,
            744891,
            744893,
            744900,
            744901,
            744911,
            744920,
            744925,
            744943,
            744956,
            744959,
            744960,
            744994,
            745016,
            745017,
            745032,
            745046,
            745048,
            745059,
            745070,
            745085,
            745087,
            745088,
            745102,
            745119,
            745126,
            745140,
            745147,
            745158,
            745166,
            745178,
            745182,
            745192,
            745205,
            745207,
            745221,
            745224,
            745227,
            745251,
            745252,
            745256,
            745258,
            745269,
            745273,
            745276,
            745277,
            745280,
            745285,
            745292,
            745347,
            745349,
            745350,
            745357,
            745360,
            745385,
            745403,
            745405,
            745406,
            745411,
            745413,
            745437,
            745441,
            745479,
            745490,
            745507,
            745518,
            745520,
            745522,
            745533,
            745541,
            745546,
            745556,
            745567,
            745569,
            745572,
            745584,
            745592,
            745594,
            745595,
            745609,
            745616,
            745617,
            745637,
            745639,
            745640,
            745700,
            745702,
            745705,
            745728,
            745741,
            745744,
            745762,
            745769,
            745791,
            745793,
            745795,
            745797,
            745800,
            745801,
            745806,
            745811,
            745825,
            745840,
            745844,
            745861,
            745880,
            745881,
            745889,
            745894,
            745901,
            745920,
            745923,
            745928,
            745929,
            745930,
            745932,
            745937,
            745982,
            745997,
            746003,
            746009,
            746012,
            746015,
            746016,
            746022,
            746025,
            746030,
            746040,
            746041,
            746044,
            746056,
            746059,
            746064,
            746080,
            746093,
            746095,
            746096,
            746105,
            746110,
            746111,
            746125,
            746127,
            746128,
            746143,
            746148,
            746159,
            746163,
            746185,
            746189,
            746218,
            746235,
            746243,
            746248,
            746253,
            746255,
            746256,
            746263,
            746271,
            746291,
            746313,
            746316,
            746320,
            746324,
            746329,
            746340,
            746341,
            746347,
            746352,
            746362,
            746365,
            746367,
            746392,
            746393,
            746415,
            746424,
            746443,
            746448,
            746461,
            746464,
            746481,
            746494,
            746529,
            746531,
            746552,
            746601,
            746602,
            746604,
            746617,
            746622,
            746627,
            746642,
            746650,
            746658,
            746697,
            746698,
            746702,
            746718,
            746721,
            746728,
            746735,
            746751,
            746773,
            746775,
            746815,
            746850,
            746855,
            746857,
            746858,
            746863,
            746872,
            746873,
            746879,
            746893,
            746900,
            746901,
            746924,
            746936,
            746950,
            746955,
            746957,
            746972,
            746980,
            746990,
            747014,
            747035,
            747037,
            747043,
            747044,
            747046,
            747053,
            747060,
            747079,
            747084,
            747137,
            747139,
            747187,
            747189,
            747192,
            747224
          ]
        },
        "mean_total_all": 10.53190613421161,
        "mean_total_no_detected_fault": 10.386111111111111
      },
      {
        "flagged_games": 217,
        "no_detected_completion_fault": 2212,
        "flagged_fraction": 0.0893371757925072,
        "reasons": {
          "regulation_truncated": [
            744883,
            744961,
            744995,
            745089,
            745244,
            745458,
            745503,
            745662,
            745785,
            745853,
            745910,
            746069,
            746184,
            746307,
            746326,
            746479,
            746640,
            746774,
            746818,
            746873,
            746885,
            746925,
            747127,
            747136,
            747168,
            747210
          ],
          "extra_truncated": [],
          "unresolved_tie": [],
          "skipped_extra_innings": [
            744806,
            744808,
            744892,
            744902,
            744919,
            744924,
            744972,
            744977,
            745003,
            745010,
            745011,
            745027,
            745035,
            745039,
            745043,
            745060,
            745063,
            745064,
            745105,
            745108,
            745109,
            745111,
            745119,
            745122,
            745155,
            745159,
            745164,
            745173,
            745222,
            745228,
            745243,
            745252,
            745266,
            745270,
            745275,
            745282,
            745327,
            745331,
            745341,
            745342,
            745362,
            745388,
            745401,
            745411,
            745415,
            745419,
            745421,
            745457,
            745459,
            745460,
            745490,
            745541,
            745563,
            745569,
            745575,
            745579,
            745586,
            745615,
            745620,
            745621,
            745627,
            745630,
            745637,
            745638,
            745652,
            745673,
            745681,
            745691,
            745701,
            745710,
            745721,
            745742,
            745757,
            745773,
            745782,
            745792,
            745805,
            745816,
            745817,
            745824,
            745826,
            745831,
            745834,
            745836,
            745840,
            745849,
            745850,
            745854,
            745860,
            745863,
            745865,
            745867,
            745879,
            745904,
            745911,
            745915,
            745929,
            745959,
            745967,
            746012,
            746020,
            746035,
            746042,
            746056,
            746075,
            746090,
            746094,
            746099,
            746111,
            746113,
            746115,
            746116,
            746117,
            746139,
            746158,
            746167,
            746174,
            746232,
            746300,
            746303,
            746314,
            746327,
            746333,
            746334,
            746345,
            746363,
            746373,
            746382,
            746384,
            746387,
            746391,
            746394,
            746397,
            746415,
            746436,
            746446,
            746449,
            746476,
            746497,
            746505,
            746520,
            746523,
            746531,
            746565,
            746579,
            746601,
            746605,
            746621,
            746625,
            746651,
            746659,
            746667,
            746677,
            746679,
            746681,
            746688,
            746692,
            746695,
            746711,
            746715,
            746728,
            746742,
            746759,
            746771,
            746828,
            746880,
            746884,
            746890,
            746899,
            746905,
            746913,
            746918,
            746926,
            746941,
            746958,
            746984,
            746994,
            747035,
            747049,
            747052,
            747055,
            747073,
            747100,
            747102,
            747129,
            747152,
            747160,
            747162,
            747196,
            747200,
            747206
          ]
        },
        "mean_total_all": 10.38452037875669,
        "mean_total_no_detected_fault": 10.328209764918626
      },
      {
        "flagged_games": 211,
        "no_detected_completion_fault": 2218,
        "flagged_fraction": 0.08686702346644709,
        "reasons": {
          "regulation_truncated": [
            745089,
            745140,
            745314,
            745480,
            745503,
            745673,
            745755,
            746052,
            746207,
            746340,
            746399,
            746640,
            746643,
            746740,
            746818,
            747041,
            747132,
            747210
          ],
          "extra_truncated": [],
          "unresolved_tie": [],
          "skipped_extra_innings": [
            744803,
            744824,
            744828,
            744849,
            744850,
            744852,
            744872,
            744875,
            744900,
            744935,
            744939,
            744950,
            744974,
            744975,
            744981,
            744988,
            745021,
            745027,
            745046,
            745047,
            745050,
            745070,
            745111,
            745126,
            745134,
            745156,
            745179,
            745181,
            745188,
            745198,
            745206,
            745220,
            745223,
            745236,
            745244,
            745254,
            745256,
            745260,
            745264,
            745271,
            745273,
            745288,
            745318,
            745322,
            745328,
            745354,
            745360,
            745372,
            745373,
            745404,
            745406,
            745409,
            745412,
            745414,
            745417,
            745424,
            745469,
            745474,
            745480,
            745507,
            745510,
            745518,
            745527,
            745541,
            745561,
            745573,
            745593,
            745594,
            745596,
            745619,
            745625,
            745626,
            745635,
            745689,
            745699,
            745708,
            745714,
            745717,
            745719,
            745730,
            745731,
            745732,
            745741,
            745749,
            745757,
            745763,
            745783,
            745789,
            745790,
            745803,
            745804,
            745821,
            745827,
            745837,
            745842,
            745863,
            745877,
            745891,
            745896,
            745899,
            745903,
            745924,
            745926,
            745937,
            745940,
            745957,
            745961,
            745964,
            746001,
            746020,
            746036,
            746051,
            746062,
            746075,
            746079,
            746122,
            746131,
            746184,
            746192,
            746196,
            746228,
            746232,
            746234,
            746238,
            746243,
            746251,
            746253,
            746257,
            746263,
            746287,
            746291,
            746298,
            746306,
            746318,
            746330,
            746332,
            746374,
            746385,
            746398,
            746402,
            746435,
            746445,
            746465,
            746472,
            746489,
            746491,
            746502,
            746508,
            746517,
            746545,
            746570,
            746584,
            746605,
            746615,
            746626,
            746661,
            746668,
            746670,
            746671,
            746676,
            746704,
            746717,
            746738,
            746749,
            746750,
            746771,
            746855,
            746876,
            746890,
            746894,
            746904,
            746934,
            746949,
            746992,
            747001,
            747011,
            747023,
            747024,
            747045,
            747050,
            747051,
            747055,
            747064,
            747074,
            747081,
            747121,
            747141,
            747164,
            747169,
            747188,
            747190,
            747208,
            747216,
            747222
          ]
        },
        "mean_total_all": 10.520378756689995,
        "mean_total_no_detected_fault": 10.42019837691614
      },
      {
        "flagged_games": 265,
        "no_detected_completion_fault": 2164,
        "flagged_fraction": 0.10909839440098806,
        "reasons": {
          "regulation_truncated": [
            744816,
            744865,
            744883,
            745053,
            745213,
            745291,
            745425,
            745506,
            745904,
            745921,
            745982,
            745995,
            746052,
            746056,
            746058,
            746116,
            746207,
            746255,
            746548,
            746559,
            746640,
            746741,
            746806,
            746885,
            747013,
            747041,
            747132,
            747136,
            747168,
            747217
          ],
          "extra_truncated": [],
          "unresolved_tie": [],
          "skipped_extra_innings": [
            744801,
            744806,
            744814,
            744830,
            744840,
            744845,
            744848,
            744849,
            744853,
            744856,
            744875,
            744876,
            744881,
            744892,
            744905,
            744906,
            744910,
            744938,
            744943,
            744945,
            744953,
            744954,
            744968,
            744988,
            744989,
            744992,
            744993,
            744997,
            745027,
            745028,
            745030,
            745033,
            745044,
            745064,
            745076,
            745109,
            745121,
            745143,
            745149,
            745160,
            745166,
            745167,
            745192,
            745198,
            745200,
            745205,
            745206,
            745210,
            745211,
            745214,
            745219,
            745225,
            745233,
            745246,
            745249,
            745252,
            745273,
            745275,
            745301,
            745310,
            745315,
            745341,
            745348,
            745383,
            745386,
            745393,
            745415,
            745418,
            745421,
            745430,
            745439,
            745444,
            745455,
            745467,
            745482,
            745483,
            745515,
            745519,
            745551,
            745554,
            745567,
            745602,
            745610,
            745632,
            745641,
            745651,
            745656,
            745674,
            745720,
            745721,
            745730,
            745736,
            745751,
            745759,
            745762,
            745765,
            745775,
            745788,
            745811,
            745826,
            745834,
            745846,
            745867,
            745896,
            745915,
            745922,
            745925,
            745929,
            745935,
            745940,
            745942,
            745950,
            745954,
            745963,
            745967,
            745981,
            745985,
            745986,
            746000,
            746008,
            746012,
            746021,
            746023,
            746028,
            746034,
            746056,
            746072,
            746085,
            746102,
            746121,
            746127,
            746128,
            746130,
            746132,
            746134,
            746135,
            746141,
            746165,
            746166,
            746174,
            746179,
            746181,
            746192,
            746204,
            746217,
            746218,
            746221,
            746231,
            746239,
            746245,
            746255,
            746259,
            746271,
            746275,
            746288,
            746296,
            746298,
            746333,
            746361,
            746365,
            746377,
            746379,
            746386,
            746415,
            746424,
            746428,
            746459,
            746468,
            746481,
            746484,
            746493,
            746497,
            746504,
            746513,
            746518,
            746532,
            746552,
            746553,
            746558,
            746571,
            746584,
            746589,
            746592,
            746634,
            746650,
            746689,
            746697,
            746726,
            746727,
            746728,
            746729,
            746735,
            746775,
            746791,
            746797,
            746801,
            746808,
            746859,
            746863,
            746881,
            746893,
            746900,
            746901,
            746911,
            746929,
            746936,
            746946,
            746955,
            746956,
            746980,
            746996,
            747003,
            747004,
            747016,
            747017,
            747024,
            747029,
            747033,
            747035,
            747060,
            747069,
            747079,
            747086,
            747087,
            747094,
            747099,
            747113,
            747115,
            747121,
            747131,
            747144,
            747145,
            747162,
            747179,
            747184,
            747214,
            747224
          ]
        },
        "mean_total_all": 10.54178674351585,
        "mean_total_no_detected_fault": 10.381700554528651
      },
      {
        "flagged_games": 245,
        "no_detected_completion_fault": 2184,
        "flagged_fraction": 0.10086455331412104,
        "reasons": {
          "regulation_truncated": [
            744820,
            744828,
            745066,
            745148,
            745264,
            745373,
            745429,
            745434,
            745655,
            745726,
            745910,
            745982,
            746211,
            746221,
            746326,
            746362,
            746473,
            746540,
            746741,
            746779,
            746803,
            746873,
            746885,
            746914,
            747132,
            747168
          ],
          "extra_truncated": [],
          "unresolved_tie": [],
          "skipped_extra_innings": [
            744798,
            744799,
            744811,
            744815,
            744817,
            744820,
            744822,
            744842,
            744844,
            744847,
            744848,
            744850,
            744862,
            744876,
            744897,
            744903,
            744917,
            744918,
            744920,
            744924,
            744925,
            744932,
            744942,
            744944,
            744954,
            744968,
            744987,
            744992,
            745005,
            745008,
            745009,
            745010,
            745038,
            745070,
            745103,
            745112,
            745115,
            745117,
            745124,
            745128,
            745151,
            745158,
            745193,
            745197,
            745216,
            745225,
            745233,
            745256,
            745259,
            745268,
            745279,
            745283,
            745300,
            745316,
            745324,
            745337,
            745338,
            745343,
            745356,
            745359,
            745392,
            745397,
            745401,
            745412,
            745414,
            745418,
            745428,
            745430,
            745438,
            745440,
            745443,
            745474,
            745476,
            745485,
            745488,
            745506,
            745513,
            745517,
            745519,
            745523,
            745527,
            745532,
            745550,
            745559,
            745579,
            745585,
            745605,
            745638,
            745662,
            745665,
            745679,
            745685,
            745688,
            745700,
            745713,
            745725,
            745733,
            745736,
            745738,
            745740,
            745742,
            745748,
            745750,
            745751,
            745772,
            745776,
            745803,
            745811,
            745835,
            745844,
            745862,
            745877,
            745896,
            745909,
            745921,
            745923,
            745925,
            745941,
            745944,
            745956,
            745958,
            745966,
            745976,
            746009,
            746016,
            746041,
            746051,
            746056,
            746057,
            746060,
            746072,
            746078,
            746084,
            746096,
            746099,
            746107,
            746126,
            746138,
            746154,
            746182,
            746201,
            746208,
            746214,
            746230,
            746262,
            746266,
            746267,
            746272,
            746276,
            746282,
            746292,
            746320,
            746324,
            746341,
            746344,
            746354,
            746362,
            746373,
            746380,
            746381,
            746388,
            746413,
            746424,
            746432,
            746457,
            746464,
            746469,
            746525,
            746536,
            746549,
            746571,
            746575,
            746583,
            746615,
            746633,
            746641,
            746643,
            746652,
            746657,
            746660,
            746679,
            746698,
            746707,
            746714,
            746720,
            746739,
            746750,
            746754,
            746767,
            746785,
            746788,
            746829,
            746840,
            746857,
            746869,
            746885,
            746898,
            746900,
            746931,
            746939,
            746947,
            746999,
            747018,
            747020,
            747031,
            747049,
            747091,
            747095,
            747097,
            747103,
            747116,
            747132,
            747139,
            747140,
            747147,
            747154,
            747160,
            747170,
            747183,
            747185,
            747190,
            747201,
            747222
          ]
        },
        "mean_total_all": 10.680526965829559,
        "mean_total_no_detected_fault": 10.592490842490843
      },
      {
        "flagged_games": 235,
        "no_detected_completion_fault": 2194,
        "flagged_fraction": 0.09674763277068753,
        "reasons": {
          "regulation_truncated": [
            744813,
            744973,
            745155,
            745406,
            745522,
            745530,
            745548,
            745737,
            745753,
            745785,
            746184,
            746207,
            746318,
            746460,
            746502,
            746753,
            746803,
            746873,
            747132,
            747136,
            747168
          ],
          "extra_truncated": [],
          "unresolved_tie": [],
          "skipped_extra_innings": [
            744799,
            744801,
            744805,
            744806,
            744809,
            744813,
            744817,
            744824,
            744833,
            744854,
            744861,
            744893,
            744902,
            744904,
            744909,
            744929,
            744934,
            744961,
            744985,
            744997,
            745000,
            745016,
            745080,
            745089,
            745091,
            745103,
            745111,
            745113,
            745116,
            745129,
            745135,
            745139,
            745142,
            745152,
            745158,
            745170,
            745191,
            745202,
            745205,
            745206,
            745213,
            745221,
            745223,
            745230,
            745233,
            745259,
            745265,
            745270,
            745286,
            745290,
            745313,
            745315,
            745323,
            745328,
            745332,
            745339,
            745360,
            745369,
            745385,
            745394,
            745402,
            745408,
            745413,
            745439,
            745463,
            745469,
            745473,
            745485,
            745493,
            745521,
            745522,
            745542,
            745543,
            745597,
            745618,
            745653,
            745660,
            745667,
            745677,
            745683,
            745690,
            745692,
            745696,
            745712,
            745724,
            745744,
            745753,
            745755,
            745771,
            745781,
            745783,
            745806,
            745823,
            745833,
            745835,
            745838,
            745852,
            745857,
            745885,
            745897,
            745898,
            745909,
            745917,
            745918,
            745959,
            745963,
            745968,
            745976,
            746005,
            746010,
            746028,
            746036,
            746064,
            746079,
            746081,
            746099,
            746100,
            746127,
            746143,
            746159,
            746175,
            746189,
            746190,
            746198,
            746219,
            746223,
            746231,
            746257,
            746270,
            746281,
            746313,
            746317,
            746324,
            746327,
            746337,
            746340,
            746341,
            746349,
            746361,
            746363,
            746368,
            746373,
            746379,
            746403,
            746417,
            746453,
            746459,
            746463,
            746509,
            746532,
            746533,
            746571,
            746584,
            746599,
            746612,
            746618,
            746628,
            746650,
            746653,
            746661,
            746673,
            746696,
            746700,
            746710,
            746713,
            746745,
            746751,
            746756,
            746760,
            746774,
            746777,
            746813,
            746836,
            746840,
            746874,
            746886,
            746888,
            746900,
            746903,
            746911,
            746915,
            746927,
            746934,
            746949,
            746955,
            746958,
            746972,
            746973,
            746991,
            746998,
            746999,
            747013,
            747019,
            747027,
            747031,
            747033,
            747042,
            747057,
            747062,
            747063,
            747073,
            747102,
            747103,
            747109,
            747112,
            747131,
            747134,
            747136,
            747140,
            747147,
            747166,
            747187,
            747197,
            747199,
            747210,
            747217,
            747218,
            747222
          ]
        },
        "mean_total_all": 10.464800329353643,
        "mean_total_no_detected_fault": 10.407474931631723
      },
      {
        "flagged_games": 214,
        "no_detected_completion_fault": 2215,
        "flagged_fraction": 0.08810209962947715,
        "reasons": {
          "regulation_truncated": [
            744820,
            745397,
            745429,
            745442,
            745503,
            745606,
            745613,
            745785,
            745821,
            745859,
            745910,
            745941,
            745972,
            746052,
            746111,
            746150,
            746162,
            746207,
            746220,
            746221,
            746341,
            746374,
            746479,
            746568,
            746709,
            746803,
            746873,
            747013,
            747041,
            747104,
            747168,
            747223
          ],
          "extra_truncated": [],
          "unresolved_tie": [],
          "skipped_extra_innings": [
            744796,
            744824,
            744825,
            744832,
            744841,
            744846,
            744849,
            744850,
            744851,
            744854,
            744857,
            744864,
            744873,
            744877,
            744878,
            744902,
            744936,
            744942,
            744960,
            744962,
            744969,
            744985,
            744993,
            744997,
            744999,
            745008,
            745016,
            745030,
            745037,
            745048,
            745052,
            745075,
            745084,
            745092,
            745118,
            745123,
            745136,
            745160,
            745161,
            745163,
            745167,
            745196,
            745202,
            745238,
            745247,
            745251,
            745260,
            745269,
            745278,
            745279,
            745288,
            745303,
            745355,
            745375,
            745410,
            745417,
            745422,
            745426,
            745438,
            745451,
            745454,
            745459,
            745466,
            745500,
            745505,
            745564,
            745565,
            745568,
            745582,
            745621,
            745622,
            745640,
            745676,
            745697,
            745698,
            745715,
            745719,
            745728,
            745746,
            745748,
            745750,
            745768,
            745787,
            745821,
            745889,
            745893,
            745953,
            745968,
            745996,
            746003,
            746005,
            746021,
            746026,
            746028,
            746037,
            746051,
            746052,
            746058,
            746061,
            746083,
            746085,
            746087,
            746097,
            746135,
            746138,
            746145,
            746150,
            746154,
            746179,
            746219,
            746255,
            746259,
            746268,
            746316,
            746320,
            746336,
            746342,
            746350,
            746367,
            746372,
            746389,
            746402,
            746404,
            746411,
            746413,
            746425,
            746435,
            746459,
            746460,
            746470,
            746508,
            746512,
            746519,
            746534,
            746548,
            746563,
            746564,
            746586,
            746589,
            746590,
            746616,
            746619,
            746632,
            746641,
            746654,
            746685,
            746691,
            746717,
            746725,
            746729,
            746743,
            746751,
            746758,
            746760,
            746800,
            746801,
            746809,
            746830,
            746844,
            746847,
            746850,
            746856,
            746888,
            746892,
            746899,
            746919,
            746955,
            746961,
            746991,
            746997,
            747003,
            747036,
            747053,
            747063,
            747067,
            747091,
            747092,
            747130,
            747133,
            747136,
            747168,
            747191,
            747198,
            747200,
            747206,
            747210
          ]
        },
        "mean_total_all": 10.52820090572252,
        "mean_total_no_detected_fault": 10.427990970654628
      },
      {
        "flagged_games": 222,
        "no_detected_completion_fault": 2207,
        "flagged_fraction": 0.09139563606422396,
        "reasons": {
          "regulation_truncated": [
            744865,
            744903,
            745066,
            745195,
            745314,
            745439,
            745503,
            745655,
            745686,
            745755,
            745785,
            746130,
            746184,
            746326,
            746362,
            746615,
            746719,
            746779,
            746850,
            746885,
            746919,
            747041,
            747168
          ],
          "extra_truncated": [],
          "unresolved_tie": [],
          "skipped_extra_innings": [
            744796,
            744797,
            744800,
            744832,
            744838,
            744853,
            744865,
            744872,
            744892,
            744925,
            744932,
            744953,
            744960,
            745000,
            745003,
            745004,
            745009,
            745075,
            745080,
            745083,
            745089,
            745110,
            745111,
            745117,
            745122,
            745130,
            745141,
            745154,
            745160,
            745186,
            745211,
            745213,
            745223,
            745234,
            745242,
            745245,
            745247,
            745256,
            745266,
            745270,
            745289,
            745295,
            745298,
            745320,
            745326,
            745342,
            745350,
            745356,
            745369,
            745402,
            745464,
            745473,
            745478,
            745487,
            745516,
            745525,
            745568,
            745576,
            745594,
            745596,
            745624,
            745638,
            745643,
            745646,
            745650,
            745653,
            745667,
            745705,
            745712,
            745727,
            745740,
            745751,
            745757,
            745787,
            745798,
            745799,
            745816,
            745817,
            745829,
            745836,
            745847,
            745862,
            745864,
            745877,
            745900,
            745903,
            745904,
            745906,
            745927,
            745930,
            745943,
            745962,
            745972,
            745978,
            745989,
            745990,
            745995,
            746001,
            746007,
            746021,
            746024,
            746029,
            746050,
            746058,
            746063,
            746071,
            746080,
            746092,
            746101,
            746126,
            746160,
            746169,
            746195,
            746201,
            746209,
            746212,
            746245,
            746247,
            746271,
            746276,
            746286,
            746289,
            746293,
            746307,
            746321,
            746323,
            746325,
            746330,
            746359,
            746372,
            746374,
            746382,
            746389,
            746409,
            746424,
            746430,
            746441,
            746461,
            746471,
            746478,
            746482,
            746494,
            746517,
            746569,
            746583,
            746586,
            746604,
            746633,
            746657,
            746661,
            746683,
            746700,
            746701,
            746708,
            746717,
            746718,
            746734,
            746741,
            746763,
            746771,
            746791,
            746794,
            746795,
            746797,
            746813,
            746823,
            746850,
            746856,
            746859,
            746878,
            746879,
            746882,
            746914,
            746967,
            746982,
            746986,
            746988,
            746989,
            747004,
            747011,
            747016,
            747020,
            747051,
            747054,
            747068,
            747100,
            747101,
            747102,
            747111,
            747130,
            747136,
            747148,
            747151,
            747155,
            747174,
            747179,
            747185,
            747189,
            747190,
            747208,
            747216
          ]
        },
        "mean_total_all": 10.354878550843969,
        "mean_total_no_detected_fault": 10.244676030811055
      },
      {
        "flagged_games": 203,
        "no_detected_completion_fault": 2226,
        "flagged_fraction": 0.08357348703170028,
        "reasons": {
          "regulation_truncated": [
            744820,
            744978,
            745009,
            745136,
            745151,
            745250,
            745485,
            745655,
            745888,
            745952,
            745978,
            746011,
            746052,
            746073,
            746177,
            746346,
            746660,
            746873,
            746881,
            746885,
            746892,
            746916,
            747013
          ],
          "extra_truncated": [],
          "unresolved_tie": [],
          "skipped_extra_innings": [
            744798,
            744813,
            744841,
            744848,
            744900,
            744910,
            744911,
            744915,
            744940,
            744952,
            744964,
            744965,
            744974,
            744979,
            744985,
            745007,
            745037,
            745053,
            745064,
            745065,
            745096,
            745107,
            745108,
            745110,
            745128,
            745129,
            745144,
            745158,
            745194,
            745201,
            745202,
            745218,
            745252,
            745276,
            745301,
            745306,
            745314,
            745357,
            745391,
            745403,
            745413,
            745424,
            745427,
            745429,
            745446,
            745489,
            745493,
            745494,
            745498,
            745513,
            745514,
            745520,
            745613,
            745642,
            745643,
            745645,
            745649,
            745652,
            745668,
            745686,
            745687,
            745709,
            745722,
            745726,
            745727,
            745728,
            745729,
            745748,
            745765,
            745766,
            745786,
            745843,
            745844,
            745854,
            745856,
            745866,
            745875,
            745877,
            745881,
            745894,
            745904,
            745913,
            745920,
            745921,
            745951,
            745974,
            745985,
            746013,
            746017,
            746053,
            746064,
            746067,
            746072,
            746080,
            746083,
            746088,
            746091,
            746092,
            746097,
            746124,
            746161,
            746173,
            746182,
            746208,
            746228,
            746230,
            746246,
            746264,
            746265,
            746276,
            746286,
            746296,
            746309,
            746340,
            746345,
            746351,
            746359,
            746367,
            746390,
            746404,
            746406,
            746419,
            746433,
            746461,
            746477,
            746485,
            746502,
            746510,
            746519,
            746528,
            746538,
            746552,
            746555,
            746560,
            746572,
            746592,
            746607,
            746625,
            746636,
            746682,
            746685,
            746700,
            746708,
            746712,
            746720,
            746721,
            746734,
            746764,
            746788,
            746796,
            746806,
            746816,
            746817,
            746830,
            746848,
            746885,
            746889,
            746890,
            746894,
            746897,
            746926,
            746931,
            746948,
            746953,
            746955,
            746958,
            746972,
            746975,
            747039,
            747043,
            747055,
            747077,
            747079,
            747096,
            747127,
            747154,
            747175,
            747179,
            747186,
            747189,
            747211
          ]
        },
        "mean_total_all": 10.550843968711403,
        "mean_total_no_detected_fault": 10.41015274034142
      },
      {
        "flagged_games": 231,
        "no_detected_completion_fault": 2198,
        "flagged_fraction": 0.09510086455331412,
        "reasons": {
          "regulation_truncated": [
            744820,
            744826,
            744843,
            744865,
            745089,
            745111,
            745248,
            745264,
            745373,
            745655,
            745767,
            745785,
            745818,
            745823,
            746052,
            746089,
            746202,
            746221,
            746326,
            746342,
            746467,
            746568,
            746643,
            746885,
            747013,
            747043
          ],
          "extra_truncated": [],
          "unresolved_tie": [],
          "skipped_extra_innings": [
            744796,
            744797,
            744800,
            744804,
            744810,
            744822,
            744823,
            744826,
            744840,
            744861,
            744864,
            744868,
            744870,
            744891,
            744896,
            744899,
            744900,
            744911,
            744930,
            744982,
            744989,
            744997,
            745040,
            745041,
            745058,
            745071,
            745079,
            745081,
            745095,
            745104,
            745116,
            745129,
            745136,
            745144,
            745146,
            745150,
            745155,
            745168,
            745197,
            745199,
            745203,
            745220,
            745222,
            745227,
            745234,
            745235,
            745239,
            745250,
            745270,
            745282,
            745314,
            745321,
            745323,
            745327,
            745329,
            745345,
            745346,
            745368,
            745372,
            745375,
            745386,
            745389,
            745401,
            745406,
            745415,
            745419,
            745420,
            745427,
            745436,
            745444,
            745454,
            745456,
            745469,
            745475,
            745483,
            745491,
            745515,
            745526,
            745559,
            745580,
            745587,
            745598,
            745623,
            745624,
            745655,
            745671,
            745687,
            745690,
            745722,
            745749,
            745764,
            745776,
            745784,
            745791,
            745798,
            745825,
            745828,
            745829,
            745847,
            745887,
            745892,
            745893,
            745937,
            745939,
            745942,
            745949,
            745979,
            745981,
            745982,
            745983,
            745992,
            745993,
            746030,
            746041,
            746057,
            746101,
            746112,
            746125,
            746136,
            746153,
            746160,
            746181,
            746193,
            746195,
            746219,
            746233,
            746244,
            746265,
            746275,
            746290,
            746306,
            746313,
            746328,
            746339,
            746349,
            746357,
            746379,
            746401,
            746432,
            746452,
            746491,
            746503,
            746509,
            746515,
            746522,
            746527,
            746530,
            746543,
            746544,
            746583,
            746593,
            746594,
            746600,
            746606,
            746635,
            746640,
            746649,
            746665,
            746677,
            746692,
            746701,
            746702,
            746720,
            746735,
            746771,
            746776,
            746777,
            746783,
            746791,
            746805,
            746813,
            746842,
            746866,
            746868,
            746869,
            746876,
            746880,
            746888,
            746893,
            746895,
            746896,
            746918,
            746942,
            746956,
            746957,
            746982,
            746985,
            747010,
            747019,
            747023,
            747028,
            747031,
            747033,
            747045,
            747074,
            747075,
            747077,
            747092,
            747109,
            747130,
            747145,
            747178,
            747185,
            747193,
            747198,
            747206,
            747208
          ]
        },
        "mean_total_all": 10.421572663647591,
        "mean_total_no_detected_fault": 10.317106460418563
      },
      {
        "flagged_games": 256,
        "no_detected_completion_fault": 2173,
        "flagged_fraction": 0.1053931659118979,
        "reasons": {
          "regulation_truncated": [
            744865,
            744914,
            745019,
            745104,
            745124,
            745289,
            745291,
            745298,
            745364,
            745400,
            745534,
            745586,
            745613,
            745643,
            745821,
            746006,
            746052,
            746099,
            746210,
            746228,
            746362,
            746460,
            746502,
            746600,
            746753,
            746873,
            746885,
            747041,
            747168,
            747214
          ],
          "extra_truncated": [],
          "unresolved_tie": [],
          "skipped_extra_innings": [
            744807,
            744836,
            744844,
            744899,
            744901,
            744910,
            744911,
            744915,
            744920,
            744929,
            744930,
            744947,
            744954,
            744960,
            744967,
            744974,
            744977,
            744984,
            744989,
            745024,
            745031,
            745033,
            745040,
            745044,
            745046,
            745077,
            745085,
            745100,
            745102,
            745109,
            745114,
            745121,
            745123,
            745126,
            745151,
            745152,
            745153,
            745155,
            745204,
            745218,
            745247,
            745251,
            745255,
            745267,
            745270,
            745274,
            745283,
            745286,
            745308,
            745309,
            745358,
            745359,
            745362,
            745364,
            745371,
            745374,
            745376,
            745396,
            745403,
            745415,
            745417,
            745428,
            745433,
            745446,
            745450,
            745458,
            745461,
            745479,
            745493,
            745496,
            745497,
            745538,
            745539,
            745548,
            745551,
            745552,
            745560,
            745562,
            745566,
            745575,
            745584,
            745609,
            745615,
            745628,
            745631,
            745635,
            745646,
            745656,
            745659,
            745672,
            745682,
            745701,
            745711,
            745727,
            745736,
            745738,
            745741,
            745759,
            745773,
            745774,
            745787,
            745794,
            745823,
            745825,
            745830,
            745831,
            745841,
            745877,
            745912,
            745917,
            745935,
            745939,
            745984,
            745985,
            746027,
            746049,
            746052,
            746082,
            746099,
            746107,
            746118,
            746123,
            746144,
            746163,
            746173,
            746177,
            746179,
            746183,
            746192,
            746195,
            746226,
            746244,
            746283,
            746286,
            746295,
            746299,
            746306,
            746316,
            746332,
            746337,
            746344,
            746357,
            746359,
            746360,
            746367,
            746371,
            746376,
            746378,
            746380,
            746384,
            746387,
            746418,
            746420,
            746422,
            746428,
            746445,
            746454,
            746465,
            746468,
            746473,
            746482,
            746484,
            746489,
            746512,
            746515,
            746520,
            746543,
            746576,
            746591,
            746597,
            746614,
            746627,
            746628,
            746633,
            746638,
            746650,
            746660,
            746687,
            746720,
            746746,
            746750,
            746752,
            746755,
            746767,
            746824,
            746825,
            746838,
            746846,
            746851,
            746865,
            746883,
            746909,
            746938,
            746951,
            746958,
            746960,
            746968,
            746973,
            746979,
            746983,
            746990,
            746999,
            747013,
            747035,
            747036,
            747043,
            747045,
            747052,
            747059,
            747063,
            747064,
            747069,
            747078,
            747101,
            747103,
            747105,
            747120,
            747137,
            747150,
            747153,
            747154,
            747168,
            747172,
            747176,
            747178,
            747181,
            747198,
            747202,
            747207,
            747208
          ]
        },
        "mean_total_all": 10.34170440510498,
        "mean_total_no_detected_fault": 10.213069489185457
      },
      {
        "flagged_games": 231,
        "no_detected_completion_fault": 2198,
        "flagged_fraction": 0.09510086455331412,
        "reasons": {
          "regulation_truncated": [
            744813,
            744820,
            745282,
            745297,
            745304,
            745364,
            745413,
            745509,
            745597,
            745642,
            745643,
            745655,
            745671,
            745785,
            745908,
            746052,
            746184,
            746304,
            746363,
            746371,
            746467,
            746479,
            746502,
            746547,
            746741,
            746758,
            746885,
            747136,
            747168,
            747210
          ],
          "extra_truncated": [],
          "unresolved_tie": [],
          "skipped_extra_innings": [
            744804,
            744819,
            744832,
            744866,
            744875,
            744891,
            744892,
            744900,
            744905,
            744911,
            744918,
            744933,
            744936,
            744963,
            744967,
            744972,
            744974,
            745007,
            745010,
            745019,
            745040,
            745074,
            745080,
            745089,
            745109,
            745112,
            745118,
            745133,
            745156,
            745176,
            745179,
            745190,
            745192,
            745196,
            745220,
            745221,
            745230,
            745242,
            745246,
            745267,
            745273,
            745275,
            745306,
            745307,
            745331,
            745354,
            745357,
            745375,
            745393,
            745401,
            745416,
            745418,
            745432,
            745433,
            745447,
            745461,
            745463,
            745472,
            745477,
            745491,
            745516,
            745527,
            745529,
            745534,
            745539,
            745543,
            745544,
            745547,
            745607,
            745618,
            745619,
            745631,
            745635,
            745649,
            745654,
            745673,
            745679,
            745689,
            745692,
            745698,
            745717,
            745735,
            745743,
            745748,
            745811,
            745841,
            745879,
            745917,
            745921,
            745925,
            745928,
            745934,
            745939,
            745948,
            745960,
            745964,
            745965,
            745997,
            745998,
            746008,
            746012,
            746053,
            746063,
            746065,
            746075,
            746130,
            746134,
            746164,
            746166,
            746177,
            746183,
            746186,
            746189,
            746212,
            746247,
            746252,
            746255,
            746259,
            746275,
            746307,
            746320,
            746345,
            746372,
            746377,
            746379,
            746388,
            746400,
            746403,
            746414,
            746418,
            746422,
            746425,
            746428,
            746453,
            746467,
            746469,
            746483,
            746486,
            746487,
            746522,
            746525,
            746550,
            746558,
            746559,
            746570,
            746576,
            746599,
            746605,
            746617,
            746632,
            746636,
            746654,
            746660,
            746670,
            746681,
            746685,
            746696,
            746701,
            746733,
            746740,
            746748,
            746755,
            746756,
            746781,
            746800,
            746816,
            746829,
            746851,
            746863,
            746876,
            746883,
            746889,
            746903,
            746917,
            746923,
            746930,
            746931,
            746953,
            746961,
            746963,
            747003,
            747012,
            747047,
            747053,
            747059,
            747067,
            747074,
            747076,
            747084,
            747087,
            747089,
            747109,
            747118,
            747121,
            747139,
            747147,
            747172,
            747183,
            747193,
            747205,
            747209,
            747222
          ]
        },
        "mean_total_all": 10.574310415808975,
        "mean_total_no_detected_fault": 10.509554140127388
      }
    ],
    "simulation_changed": false,
    "headline_metrics_include_flagged_games": true,
    "note": "Diagnostic only. No detected fault is not certification of legal completion; observed lineup/staff policy and other modelling limitations remain. Filtered means are a sensitivity check, not an unbiased replacement benchmark."
  },
  "rate_export": {
    "path": "data/eval2/prod_rates_v26b_abcd_id_s97.npz",
    "players": 543,
    "max_pa_per_game": 90,
    "note": "Generated-outcome rates on the selected observed 2024 PA denominator."
  },
  "arrays_export": {
    "path": "data/eval2/calib_v26b_abcd_id_s97-observed-schedule_arrays.npz",
    "games": 2429,
    "reps": 20,
    "note": "Observed lineup/staff schedule; source rows cycle only if a generated half outlives its observed PA schedule. Not a pre-game roster/staff simulation."
  },
  "note": "Generated game state on observed lineup/staff schedule; a half that outlives its observed PA sources cycles those sources until a generated third out. Continuation PAs are excluded from the paired fixed-cohort rate export; not a pre-game roster/staff simulation.",
  "player_stats": {
    "n_batters": 382,
    "min_pa": 150,
    "stats": {
      "AVG": {
        "real_mean": 0.23902044238541253,
        "sim_mean": 0.2456333332740378,
        "mae": 0.02625975985651778,
        "corr": 0.18821582973146214
      },
      "OBP": {
        "real_mean": 0.3096612606472928,
        "sim_mean": 0.3571572006818734,
        "mae": 0.05167164794948042,
        "corr": 0.22091170910228614
      },
      "SLG": {
        "real_mean": 0.39053884214042284,
        "sim_mean": 0.40908712625871796,
        "mae": 0.06005254916730645,
        "corr": 0.18855457558249913
      },
      "K%": {
        "real_mean": 0.2260079387708535,
        "sim_mean": 0.20202237908709358,
        "mae": 0.04444832175382533,
        "corr": 0.5518835051421043
      },
      "BB%": {
        "real_mean": 0.08142517113076207,
        "sim_mean": 0.13463636856337224,
        "mae": 0.05373105963266229,
        "corr": 0.5201831721942943
      },
      "HR%": {
        "real_mean": 0.029203748068456624,
        "sim_mean": 0.03304438676773676,
        "mae": 0.011659363940115446,
        "corr": 0.2520384340062283
      }
    },
    "coverage": {
      "AVG": {
        "50": 35.602094240837694,
        "90": 69.3717277486911,
        "95": 75.91623036649214
      },
      "OBP": {
        "50": 13.089005235602095,
        "90": 32.72251308900523,
        "95": 37.43455497382199
      },
      "SLG": {
        "50": 29.31937172774869,
        "90": 62.56544502617801,
        "95": 71.20418848167539
      },
      "K%": {
        "50": 15.706806282722512,
        "90": 37.696335078534034,
        "95": 43.19371727748691
      },
      "BB%": {
        "50": 3.1413612565445024,
        "90": 12.041884816753926,
        "95": 15.968586387434556
      },
      "HR%": {
        "50": 27.486910994764397,
        "90": 60.47120418848168,
        "95": 65.70680628272252
      }
    }
  },
  "per_rep": {
    "total_mean": [
      10.430629888843145,
      10.672704816797037,
      10.381226842321944,
      10.421572663647591,
      10.571840263482915,
      10.558254425689585,
      10.379168382050226,
      10.423631123919309,
      10.53190613421161,
      10.38452037875669,
      10.520378756689995,
      10.54178674351585,
      10.680526965829559,
      10.464800329353643,
      10.52820090572252,
      10.354878550843969,
      10.550843968711403,
      10.421572663647591,
      10.34170440510498,
      10.574310415808975
    ],
    "home_win_rate": [
      0.5109098394400988,
      0.5183202964182791,
      0.507616303005352,
      0.48950185261424456,
      0.5121449156031289,
      0.5047344586249486,
      0.5207904487443392,
      0.5166735282009057,
      0.4981473857554549,
      0.515850144092219,
      0.48085631947303414,
      0.492383696994648,
      0.5117332235487855,
      0.521613832853026,
      0.5026759983532317,
      0.5244956772334294,
      0.5022643062988884,
      0.5043227665706052,
      0.4932070811033347,
      0.5166735282009057
    ],
    "walkoff_rate": [
      0.07698641416220667,
      0.0732811856731165,
      0.07369287772745986,
      0.07739810621655002,
      0.08439687114038699,
      0.07904487443392343,
      0.07533964594483326,
      0.07657472210786331,
      0.08151502675998354,
      0.0708110333470564,
      0.0683408810209963,
      0.07863318237958007,
      0.0708110333470564,
      0.07369287772745986,
      0.06093042404281598,
      0.0708110333470564,
      0.07492795389048991,
      0.06175380815150268,
      0.08151502675998354,
      0.08069164265129683
    ],
    "extra_rate": [
      0.3454096335940716,
      0.3272951832029642,
      0.3355290242898312,
      0.35034993824619187,
      0.3379991766158913,
      0.3445862494853849,
      0.3322354878550844,
      0.3314121037463977,
      0.3499382461918485,
      0.3202964182791272,
      0.34252778921366817,
      0.3548785508439687,
      0.33058871963771097,
      0.338822560724578,
      0.32482503087690406,
      0.3207081103334706,
      0.3219431864965006,
      0.3256484149855908,
      0.3449979415397283,
      0.33676410045286126
    ]
  }
}
saved -> data/runs/six_v26b_abcd_id_s97/games.json
