system,group,mlbam_id,name,pa,k_rate,bb_rate,hit_rate,hr_rate
steamer,bat,605141,Mookie Betts,672.0,0.15625,0.13035714285714287,0.2400297619047619,0.04895833333333333
steamer,bat,543760,Marcus Semien,663.0,0.16304675716440423,0.09562594268476621,0.23695324283559577,0.04012066365007542
steamer,bat,656941,Kyle Schwarber,654.0,0.2892966360856269,0.163302752293578,0.1845565749235474,0.05963302752293578
steamer,bat,650333,Luis Arraez,651.0,0.07081413210445468,0.08341013824884794,0.28509984639016894,0.013978494623655913
steamer,bat,607208,Trea Turner,648.0,0.1986111111111111,0.07669753086419753,0.2537037037037037,0.03256172839506173
steamer,bat,665742,Juan Soto,648.0,0.16141975308641973,0.19768518518518519,0.22361111111111112,0.057716049382716045
steamer,bat,677594,Julio Rodriguez,648.0,0.22731481481481483,0.09104938271604938,0.25169753086419755,0.04938271604938271
steamer,bat,606466,Ketel Marte,647.0,0.17264296754250386,0.10942812982998457,0.24188562596599691,0.031221020092735703
steamer,bat,518692,Freddie Freeman,647.0,0.1695517774343122,0.1265842349304482,0.25935085007727976,0.03910355486862442
steamer,bat,502671,Paul Goldschmidt,647.0,0.22812982998454404,0.12967542503863988,0.23013910355486863,0.04049459041731066
steamer,bat,677951,Bobby Witt Jr.,646.0,0.17275541795665633,0.0718266253869969,0.2543343653250774,0.04551083591331269
steamer,bat,683002,Gunnar Henderson,646.0,0.2388544891640867,0.10928792569659444,0.22925696594427245,0.04303405572755418
steamer,bat,663586,Austin Riley,645.0,0.24093023255813956,0.1027906976744186,0.24573643410852714,0.053798449612403106
steamer,bat,646240,Rafael Devers,644.0,0.1919254658385093,0.10543478260869565,0.25232919254658387,0.053881987577639755
steamer,bat,660670,Ronald Acuna Jr.,643.0,0.1541213063763608,0.13063763608087092,0.273094867807154,0.05489891135303265
steamer,bat,663656,Kyle Tucker,643.0,0.14992223950233283,0.11555209953343701,0.2506998444790047,0.05116640746500777
steamer,bat,607043,Brandon Nimmo,642.0,0.20327102803738317,0.1319314641744548,0.23037383177570095,0.02928348909657321
steamer,bat,608070,Jose Ramirez,642.0,0.12352024922118379,0.11869158878504674,0.24704049844236758,0.04236760124610592
steamer,bat,682998,Corbin Carroll,642.0,0.20389408099688475,0.11246105919003116,0.23816199376947042,0.03722741433021807
steamer,bat,682928,CJ Abrams,641.0,0.1794071762870515,0.06973478939157567,0.23744149765990638,0.027145085803432136
steamer,bat,592885,Christian Yelich,640.0,0.22875,0.1384375,0.22484375,0.03046875
steamer,bat,621566,Matt Olson,640.0,0.22562500000000002,0.14328125,0.22859375,0.06203125
steamer,bat,665489,Vladimir Guerrero Jr.,640.0,0.14890625,0.1159375,0.24562499999999998,0.0475
steamer,bat,668804,Bryan Reynolds,638.0,0.21598746081504705,0.10799373040752352,0.23699059561128524,0.037147335423197494
steamer,bat,608324,Alex Bregman,635.0,0.12724409448818896,0.13905511811023624,0.2269291338582677,0.03637795275590552
steamer,bat,660271,Shohei Ohtani,634.0,0.24558359621451104,0.144794952681388,0.22902208201892743,0.05804416403785489
steamer,bat,668227,Randy Arozarena,634.0,0.25126182965299687,0.1195583596214511,0.22523659305993693,0.0359621451104101
steamer,bat,664023,Ian Happ,633.0,0.23744075829383887,0.13112164296998421,0.21406003159557663,0.032069510268562404
steamer,bat,596019,Francisco Lindor,632.0,0.1949367088607595,0.10901898734177216,0.2254746835443038,0.04003164556962025
steamer,bat,673490,Ha-Seong Kim,632.0,0.1920886075949367,0.110126582278481,0.21629746835443037,0.0254746835443038
steamer,bat,666182,Bo Bichette,630.0,0.19333333333333333,0.06317460317460317,0.26873015873015876,0.0373015873015873
steamer,bat,608369,Corey Seager,629.0,0.16104928457869633,0.10763116057233704,0.2604133545310016,0.050715421303656597
steamer,bat,641487,J.P. Crawford,628.0,0.1730891719745223,0.13264331210191085,0.2195859872611465,0.020382165605095544
steamer,bat,593428,Xander Bogaerts,627.0,0.18277511961722487,0.10079744816586922,0.24513556618819776,0.029346092503987238
steamer,bat,665487,Fernando Tatis Jr.,627.0,0.2133971291866029,0.10255183413078149,0.24609250398724083,0.05374800637958533
steamer,bat,679529,Spencer Torkelson,627.0,0.2322169059011164,0.11993620414673047,0.21036682615629984,0.046251993620414676
steamer,bat,680757,Steven Kwan,624.0,0.10737179487179487,0.10753205128205127,0.24599358974358973,0.013621794871794872
steamer,bat,645277,Ozzie Albies,623.0,0.16629213483146066,0.07977528089887641,0.2532905296950241,0.04317817014446228
steamer,bat,514888,Jose Altuve,622.0,0.1620578778135048,0.1107717041800643,0.23810289389067524,0.038263665594855306
steamer,bat,666969,Adolis Garcia,621.0,0.28647342995169084,0.0893719806763285,0.21884057971014495,0.04895330112721417
steamer,bat,657041,Lane Thomas,620.0,0.2519354838709677,0.0846774193548387,0.22225806451612906,0.034999999999999996
steamer,bat,665926,Andres Gimenez,620.0,0.18612903225806451,0.08806451612903227,0.2390322580645161,0.029516129032258066
steamer,bat,572233,Christian Walker,619.0,0.20759289176090467,0.10920840064620355,0.22423263327948306,0.04361873990306947
steamer,bat,624413,Pete Alonso,618.0,0.2187702265372168,0.12233009708737866,0.2173139158576052,0.06310679611650485
steamer,bat,592518,Manny Machado,615.0,0.19170731707317074,0.09674796747967479,0.24065040650406505,0.04894308943089431
steamer,bat,650402,Gleyber Torres,613.0,0.1734094616639478,0.099836867862969,0.23866231647634586,0.038825448613376834
steamer,bat,663538,Nico Hoerner,613.0,0.12218597063621535,0.08776508972267537,0.2530179445350734,0.01729200652528548
steamer,bat,664761,Alec Bohm,611.0,0.17708674304418986,0.07986906710310965,0.25220949263502457,0.03060556464811784
steamer,bat,592450,Aaron Judge,610.0,0.26721311475409837,0.15868852459016394,0.22377049180327868,0.06967213114754098
steamer,bat,642715,Willy Adames,610.0,0.25622950819672136,0.10934426229508197,0.21114754098360658,0.04081967213114754
steamer,bat,670541,Yordan Alvarez,608.0,0.196875,0.14638157894736842,0.253125,0.0638157894736842
steamer,bat,682829,Elly De La Cruz,608.0,0.3,0.08881578947368421,0.22220394736842106,0.039473684210526314
steamer,bat,666134,Nolan Jones,607.0,0.28846787479406916,0.12471169686985173,0.2275123558484349,0.03756177924217463
steamer,bat,592206,Nick Castellanos,606.0,0.249009900990099,0.0688118811881188,0.2396039603960396,0.03663366336633663
steamer,bat,643217,Andrew Benintendi,603.0,0.16086235489220563,0.09519071310116085,0.23830845771144277,0.01824212271973466
steamer,bat,665833,Oneil Cruz,602.0,0.2588039867109635,0.10398671096345515,0.2239202657807309,0.04568106312292359
steamer,bat,683734,Andrew Vaughn,600.0,0.2006666666666667,0.08383333333333333,0.23800000000000002,0.0405
steamer,bat,671739,Michael Harris II,599.0,0.19248747913188646,0.06928213689482471,0.2681135225375626,0.039065108514190316
steamer,bat,621020,Dansby Swanson,595.0,0.24436974789915966,0.09512605042016807,0.22403361344537817,0.03327731092436975
steamer,bat,547180,Bryce Harper,594.0,0.21885521885521886,0.15134680134680134,0.2420875420875421,0.049999999999999996
steamer,bat,641355,Cody Bellinger,594.0,0.20993265993265994,0.08922558922558922,0.23417508417508417,0.039730639730639734
steamer,bat,642731,Thairo Estrada,594.0,0.19713804713804714,0.07575757575757576,0.23585858585858585,0.027946127946127948
steamer,bat,678662,Ezequiel Tovar,593.0,0.23743676222596966,0.059527824620573364,0.24266441821247894,0.02866779089376054
steamer,bat,663647,Ke’Bryan Hayes,592.0,0.20523648648648649,0.08175675675675675,0.24037162162162165,0.026182432432432432
steamer,bat,621043,Carlos Correa,591.0,0.20964467005076143,0.11353637901861251,0.2289340101522843,0.03434856175972927
steamer,bat,673357,Luis Robert Jr.,591.0,0.25499153976311334,0.0715736040609137,0.24551607445008458,0.050761421319796954
steamer,bat,571448,Nolan Arenado,591.0,0.15380710659898478,0.08443316412859561,0.2377326565143824,0.043485617597292726
steamer,bat,668939,Adley Rutschman,589.0,0.1568760611205433,0.1397283531409168,0.22971137521222412,0.03276740237691002
steamer,bat,669394,Jake Burger,589.0,0.26926994906621393,0.08115449915110357,0.22631578947368422,0.04465195246179966
steamer,bat,543807,George Springer,587.0,0.19131175468483816,0.10068143100511072,0.22776831345826234,0.040374787052810904
steamer,bat,682985,Riley Greene,586.0,0.25119453924914675,0.09812286689419795,0.2416382252559727,0.02747440273037543
steamer,bat,683011,Anthony Volpe,586.0,0.24436860068259383,0.10204778156996587,0.2022184300341297,0.03583617747440273
steamer,bat,680869,Zack Gelof,585.0,0.28478632478632476,0.09401709401709402,0.20974358974358975,0.03316239316239316
steamer,bat,694497,Evan Carter,583.0,0.25317324185248713,0.13224699828473416,0.2176672384219554,0.02778730703259005
steamer,bat,650490,Yandy Diaz,581.0,0.14870912220309812,0.1327022375215146,0.2504302925989673,0.031497418244406196
steamer,bat,672580,Maikel Garcia,581.0,0.20154905335628226,0.0891566265060241,0.24148020654044752,0.014457831325301205
steamer,bat,623993,Anthony Santander,579.0,0.22055267702936096,0.09378238341968913,0.22607944732297064,0.046632124352331605
steamer,bat,673962,Josh Jung,578.0,0.28494809688581313,0.07387543252595156,0.23166089965397924,0.04342560553633218
steamer,bat,671213,Triston Casas,577.0,0.22807625649913343,0.14939341421143848,0.21837088388214904,0.04731369150779896
steamer,bat,673548,Seiya Suzuki,576.0,0.22864583333333333,0.11354166666666668,0.23142361111111112,0.03802083333333333
steamer,bat,668715,Spencer Steer,574.0,0.21411149825783973,0.11167247386759581,0.22439024390243906,0.03588850174216028
steamer,bat,681082,Bryson Stott,574.0,0.1735191637630662,0.08466898954703833,0.24198606271777004,0.024041811846689895
steamer,bat,545361,Mike Trout,573.0,0.28167539267015707,0.12879581151832462,0.22303664921465968,0.056719022687609075
steamer,bat,605137,Josh Bell,572.0,0.19458041958041958,0.1195804195804196,0.2229020979020979,0.036538461538461534
steamer,bat,665161,Jeremy Pena,568.0,0.2112676056338028,0.07359154929577466,0.23978873239436618,0.02992957746478873
steamer,bat,542303,Marcell Ozuna,567.0,0.23209876543209876,0.09523809523809523,0.2296296296296296,0.05291005291005291
steamer,bat,606192,Teoscar Hernandez,567.0,0.29047619047619044,0.07231040564373897,0.2361552028218695,0.049206349206349205
steamer,bat,641857,Ryan McMahon,567.0,0.28871252204585535,0.11181657848324515,0.21322751322751324,0.036155202821869487
steamer,bat,650559,Bryan De La Cruz,565.0,0.2290265486725664,0.07292035398230089,0.23964601769911506,0.032389380530973455
steamer,bat,808982,Jung Hoo Lee,564.0,0.09131205673758866,0.09042553191489362,0.2593971631205674,0.01879432624113475
steamer,bat,593871,Jorge Polanco,562.0,0.23220640569395018,0.1103202846975089,0.21512455516014237,0.03576512455516014
steamer,bat,665862,Jazz Chisholm Jr.,562.0,0.2806049822064057,0.08736654804270463,0.2204626334519573,0.04412811387900356
steamer,bat,647304,Josh Naylor,560.0,0.15214285714285714,0.08607142857142858,0.25785714285714284,0.04071428571428572
steamer,bat,663697,Jonathan India,560.0,0.2082142857142857,0.12303571428571429,0.22214285714285714,0.032857142857142856
steamer,bat,668904,Royce Lewis,560.0,0.22803571428571429,0.09696428571428571,0.23839285714285716,0.04660714285714286
steamer,bat,691023,Jordan Walker,560.0,0.22339285714285714,0.09660714285714286,0.23625000000000002,0.033749999999999995
steamer,bat,624585,Jorge Soler,559.0,0.2518783542039356,0.12039355992844364,0.20948121645796064,0.05044722719141324
steamer,bat,660162,Yoan Moncada,559.0,0.2735241502683363,0.10053667262969589,0.22075134168157426,0.029695885509839
steamer,bat,666397,Edouard Julien,555.0,0.29243243243243244,0.15441441441441442,0.20036036036036037,0.028288288288288287
steamer,bat,656555,Rhys Hoskins,554.0,0.25956678700361013,0.12256317689530687,0.2101083032490975,0.04819494584837545
steamer,bat,676801,Chas McCormick,554.0,0.26732851985559564,0.11010830324909747,0.21299638989169675,0.037184115523465705
steamer,bat,650859,Luis Rengifo,553.0,0.17848101265822786,0.08300180831826401,0.2349005424954792,0.03453887884267631
steamer,bat,807799,Masataka Yoshida,553.0,0.12712477396021699,0.10018083182640145,0.26021699819168176,0.03128390596745027
steamer,bat,553993,Eugenio Suarez,552.0,0.29528985507246375,0.12065217391304349,0.2,0.03605072463768116
steamer,bat,457759,Justin Turner,552.0,0.18641304347826088,0.09945652173913044,0.22826086956521738,0.029528985507246377
steamer,bat,643446,Jeff McNeil,552.0,0.11376811594202899,0.08695652173913043,0.261231884057971,0.018115942028985508
steamer,bat,680776,Jarren Duran,552.0,0.25579710144927537,0.08804347826086957,0.23079710144927537,0.02572463768115942
steamer,bat,592273,Brandon Drury,548.0,0.24726277372262773,0.07080291970802921,0.2282846715328467,0.04251824817518248
steamer,bat,519203,Anthony Rizzo,548.0,0.20930656934306568,0.12244525547445255,0.20985401459854014,0.043065693430656936
steamer,bat,686469,Vinnie Pasquantino,548.0,0.13613138686131385,0.12062043795620436,0.23978102189781023,0.04124087591240876
steamer,bat,596115,Trevor Story,545.0,0.28458715596330275,0.09431192660550458,0.20990825688073395,0.03357798165137615
steamer,bat,694671,Wyatt Langford,543.0,0.225414364640884,0.12430939226519337,0.23406998158379372,0.04530386740331492
steamer,bat,670623,Isaac Paredes,540.0,0.17314814814814813,0.12962962962962962,0.2122222222222222,0.04703703703703704
steamer,bat,656305,Matt Chapman,539.0,0.2884972170686456,0.12226345083487941,0.19944341372912802,0.03599257884972171
steamer,bat,666624,Christopher Morel,539.0,0.2940630797773655,0.09591836734693879,0.21818181818181817,0.04786641929499073
steamer,bat,453568,Charlie Blackmon,537.0,0.16778398510242085,0.09459962756052141,0.2474860335195531,0.024767225325884545
steamer,bat,666971,Lourdes Gurriel Jr.,534.0,0.1797752808988764,0.07322097378277152,0.25355805243445695,0.03071161048689138
steamer,bat,600869,Jeimer Candelario,530.0,0.23,0.10226415094339622,0.22264150943396227,0.03792452830188679
steamer,bat,641313,Tim Anderson,527.0,0.20721062618595826,0.055977229601518026,0.2637571157495256,0.014800759013282733
steamer,bat,687952,Christian Encarnacion-Strand,527.0,0.2550284629981025,0.0840607210626186,0.24629981024667935,0.05332068311195446
steamer,bat,694192,Jackson Chourio,527.0,0.21973434535104364,0.07096774193548387,0.23282732447817836,0.03149905123339659
steamer,bat,681481,Kerry Carpenter,526.0,0.2465779467680608,0.08593155893536122,0.23022813688212926,0.039733840304182505
steamer,bat,571970,Max Muncy,524.0,0.25744274809160306,0.1568702290076336,0.18645038167938932,0.048091603053435114
steamer,bat,547989,Jose Abreu,524.0,0.21202290076335878,0.09904580152671756,0.2318702290076336,0.03148854961832061
steamer,bat,650391,Eloy Jimenez,524.0,0.2068702290076336,0.08206106870229007,0.2517175572519084,0.04923664122137405
steamer,bat,663624,Ryan Mountcastle,524.0,0.24561068702290073,0.08740458015267176,0.2349236641221374,0.04351145038167939
steamer,bat,467793,Carlos Santana,522.0,0.18275862068965518,0.1210727969348659,0.2078544061302682,0.034674329501915714
steamer,bat,661388,William Contreras,521.0,0.21919385796545107,0.10978886756238004,0.2412667946257198,0.03838771593090211
steamer,bat,664034,Ty France,521.0,0.17236084452975048,0.10095969289827256,0.23685220729366604,0.02802303262955854
steamer,bat,621493,Taylor Ward,515.0,0.2133980582524272,0.11320388349514564,0.2304854368932039,0.0370873786407767
steamer,bat,608841,Joey Meneses,514.0,0.21536964980544748,0.07217898832684826,0.2441634241245136,0.03171206225680934
steamer,bat,630105,Jake Cronenworth,512.0,0.18515625,0.1099609375,0.2197265625,0.0240234375
steamer,bat,686217,Sal Frelick,512.0,0.140234375,0.1068359375,0.2345703125,0.016796875
steamer,bat,680977,Brendan Donovan,508.0,0.1531496062992126,0.12736220472440946,0.23681102362204723,0.021653543307086614
steamer,bat,663898,Brendan Rodgers,507.0,0.1893491124260355,0.08027613412228797,0.2532544378698225,0.028994082840236687
steamer,bat,676116,Ryan Noda,505.0,0.3297029702970297,0.1603960396039604,0.17247524752475246,0.034059405940594055
steamer,bat,681546,James Outman,505.0,0.3106930693069307,0.12237623762376237,0.19742574257425743,0.03663366336633663
steamer,bat,662139,Daulton Varsho,504.0,0.23253968253968255,0.09265873015873016,0.21309523809523812,0.042460317460317455
steamer,bat,669004,MJ Melendez,503.0,0.2532803180914513,0.12027833001988071,0.20795228628230616,0.03697813121272366
steamer,bat,678009,Parker Meadows,502.0,0.23346613545816733,0.09880478087649402,0.20717131474103587,0.025697211155378485
steamer,bat,606115,Orlando Arcia,500.0,0.19319999999999998,0.0904,0.2256,0.032799999999999996
steamer,bat,621439,Byron Buxton,499.0,0.2949899799599198,0.10100200400801602,0.20501002004008015,0.05110220440881764
steamer,bat,663993,Nathaniel Lowe,499.0,0.22885771543086172,0.1214428857715431,0.23567134268537074,0.03486973947895791
steamer,bat,516782,Starling Marte,498.0,0.20943775100401607,0.08052208835341365,0.23755020080321285,0.024899598393574297
steamer,bat,669357,Nolan Gorman,497.0,0.28732394366197184,0.10663983903420524,0.21428571428571427,0.05030181086519115
steamer,bat,667670,Brent Rooker,493.0,0.3314401622718053,0.11399594320486817,0.19330628803245437,0.046247464503042596
steamer,bat,596146,Max Kepler,489.0,0.19754601226993865,0.11267893660531697,0.220040899795501,0.03844580777096115
steamer,bat,592178,Kris Bryant,489.0,0.2065439672801636,0.10265848670756647,0.23987730061349694,0.03619631901840491
steamer,bat,664040,Brandon Lowe,489.0,0.26155419222903886,0.11860940695296524,0.20797546012269938,0.044171779141104296
steamer,bat,521692,Salvador Perez,487.0,0.23983572895277208,0.057494866529774126,0.2433264887063655,0.04681724845995893
steamer,bat,657077,Alex Verdugo,485.0,0.1554639175257732,0.08329896907216494,0.24082474226804124,0.02639175257731959
steamer,bat,502110,J.D. Martinez,483.0,0.2933747412008281,0.09192546583850932,0.21656314699792958,0.04161490683229814
steamer,bat,518934,DJ LeMahieu,482.0,0.1892116182572614,0.11327800829875517,0.22323651452282156,0.024273858921161823
steamer,bat,687263,Zach Neto,481.0,0.22390852390852392,0.0918918918918919,0.22432432432432434,0.033264033264033266
steamer,bat,669261,Jack Suwinski,478.0,0.3035564853556485,0.13682008368200838,0.19288702928870294,0.04560669456066946
steamer,bat,575929,Willson Contreras,477.0,0.22830188679245284,0.12410901467505242,0.21740041928721174,0.041509433962264156
steamer,bat,657656,Ramon Laureano,477.0,0.27526205450733754,0.10104821802935011,0.20503144654088049,0.031236897274633125
steamer,bat,592663,J.T. Realmuto,475.0,0.2414736842105263,0.09157894736842105,0.22673684210526315,0.03557894736842105
steamer,bat,663457,Lars Nootbaar,475.0,0.20505263157894738,0.13978947368421055,0.2151578947368421,0.03368421052631579
steamer,bat,694384,Nolan Schanuel,475.0,0.1705263157894737,0.14505263157894738,0.21873684210526317,0.027157894736842107
steamer,bat,641933,Tyler O’Neill,474.0,0.27531645569620256,0.10675105485232068,0.2189873417721519,0.04156118143459916
steamer,bat,656775,Cedric Mullins,473.0,0.2029598308668076,0.09323467230443976,0.22367864693446088,0.03150105708245243
steamer,bat,672695,Geraldo Perdomo,470.0,0.17744680851063832,0.1306382978723404,0.20595744680851064,0.01446808510638298
steamer,bat,543685,Anthony Rendon,467.0,0.17987152034261242,0.1297644539614561,0.21991434689507494,0.029764453961456102
steamer,bat,624424,Michael Conforto,461.0,0.22559652928416485,0.1266811279826464,0.21475054229934923,0.031019522776572668
steamer,bat,672515,Gabriel Moreno,458.0,0.17838427947598254,0.09126637554585154,0.2550218340611354,0.02205240174672489
steamer,bat,663728,Cal Raleigh,455.0,0.26593406593406593,0.09758241758241758,0.20615384615384616,0.05142857142857143
steamer,bat,690993,Colt Keith,452.0,0.21924778761061944,0.09048672566371681,0.23407079646017698,0.02898230088495575
steamer,bat,691026,Masyn Winn,452.0,0.18805309734513273,0.0831858407079646,0.22168141592920354,0.02190265486725664
steamer,bat,642350,Jose Siri,448.0,0.33816964285714285,0.07120535714285714,0.20245535714285715,0.04196428571428572
steamer,bat,683146,Brett Baty,445.0,0.25887640449438204,0.09797752808988765,0.22089887640449438,0.03640449438202247
steamer,bat,669016,Brandon Marsh,443.0,0.3051918735891648,0.11196388261851016,0.21580135440180587,0.02415349887133183
steamer,bat,666139,Josh Lowe,442.0,0.2753393665158371,0.08981900452488688,0.23122171945701359,0.0332579185520362
steamer,bat,677950,Alek Thomas,441.0,0.1927437641723356,0.07551020408163264,0.2365079365079365,0.025396825396825397
steamer,bat,687093,Vaughn Grissom,441.0,0.16326530612244897,0.09863945578231292,0.2537414965986395,0.019501133786848073
steamer,bat,650489,Willi Castro,440.0,0.23340909090909093,0.08318181818181819,0.2268181818181818,0.023636363636363636
steamer,bat,660688,Keibert Ruiz,438.0,0.1093607305936073,0.07853881278538813,0.24680365296803652,0.03219178082191781
steamer,bat,669720,Austin Hays,438.0,0.22442922374429222,0.0769406392694064,0.2328767123287671,0.0319634703196347
steamer,bat,664913,Seth Brown,437.0,0.27368421052631575,0.09061784897025171,0.20938215102974828,0.04050343249427917
steamer,bat,595879,Javier Baez,436.0,0.25045871559633026,0.06467889908256881,0.2217889908256881,0.02981651376146789
steamer,bat,641584,Jake Fraley,436.0,0.21926605504587154,0.12477064220183486,0.21651376146788992,0.03990825688073394
steamer,bat,678882,Ceddanne Rafaela,436.0,0.22477064220183487,0.05733944954128441,0.238302752293578,0.029587155963302754
steamer,bat,457705,Andrew McCutchen,435.0,0.22,0.13448275862068965,0.2085057471264368,0.02827586206896552
steamer,bat,592192,Mark Canha,434.0,0.17603686635944701,0.12995391705069123,0.22096774193548388,0.025806451612903226
steamer,bat,641680,Jonah Heim,433.0,0.19353348729792147,0.08637413394919169,0.2254041570438799,0.03602771362586605
steamer,bat,676059,Jordan Westburg,432.0,0.23703703703703705,0.09375,0.22430555555555556,0.029861111111111113
steamer,bat,664774,LaMonte Wade Jr.,428.0,0.20257009345794394,0.1385514018691589,0.20630841121495327,0.03341121495327103
steamer,bat,571745,Mitch Haniger,427.0,0.2601873536299766,0.0918032786885246,0.21007025761124123,0.04192037470725995
steamer,bat,668930,Brice Turang,426.0,0.1936619718309859,0.09882629107981221,0.21924882629107983,0.01971830985915493
steamer,bat,672284,Jarred Kelenic,426.0,0.26690140845070426,0.10446009389671361,0.21713615023474178,0.03615023474178404
steamer,bat,519317,Giancarlo Stanton,425.0,0.2943529411764706,0.108,0.20376470588235293,0.060470588235294116
steamer,bat,673237,Yainer Diaz,424.0,0.18915094339622643,0.05589622641509434,0.25448113207547174,0.049999999999999996
steamer,bat,676369,Nelson Velazquez,424.0,0.2891509433962264,0.08820754716981132,0.21179245283018866,0.044575471698113205
steamer,bat,677587,Brayan Rocchio,424.0,0.17382075471698114,0.09245283018867925,0.2233490566037736,0.017452830188679245
steamer,bat,669221,Sean Murphy,423.0,0.22434988179669033,0.12624113475177304,0.21583924349881797,0.040898345153664306
steamer,bat,641598,Mitch Garver,422.0,0.2618483412322275,0.12345971563981042,0.20284360189573458,0.046445497630331754
steamer,bat,682626,Francisco Alvarez,421.0,0.2524940617577197,0.11163895486935867,0.2026128266033254,0.05320665083135392
steamer,bat,592669,Hunter Renfroe,420.0,0.21880952380952381,0.08476190476190476,0.22714285714285715,0.04285714285714286
steamer,bat,666158,Gavin Lux,418.0,0.19473684210526318,0.10454545454545454,0.23421052631578948,0.022966507177033493
steamer,bat,605204,J.D. Davis,417.0,0.2973621103117506,0.1158273381294964,0.20671462829736212,0.030695443645083934
steamer,bat,668709,JJ Bleday,417.0,0.2539568345323741,0.1359712230215827,0.1827338129496403,0.03261390887290168
steamer,bat,702616,Jackson Holliday,416.0,0.23245192307692308,0.12740384615384615,0.21802884615384616,0.017548076923076923
steamer,bat,666160,Mickey Moniak,415.0,0.311566265060241,0.05807228915662651,0.21686746987951808,0.03710843373493976
steamer,bat,665750,Leody Taveras,414.0,0.21932367149758453,0.07971014492753623,0.23768115942028986,0.029227053140096618
steamer,bat,669134,Luis Campusano,414.0,0.1717391304347826,0.08043478260869566,0.2391304347826087,0.033816425120772944
steamer,bat,573262,Mike Yastrzemski,413.0,0.2598062953995157,0.1181598062953995,0.20290556900726392,0.03486682808716707
steamer,bat,676694,Jake Meyers,413.0,0.26101694915254237,0.09176755447941888,0.211864406779661,0.027360774818401937
steamer,bat,681351,Logan O’Hoppe,413.0,0.20605326876513316,0.10411622276029056,0.22300242130750603,0.0486682808716707
steamer,bat,669222,Nick Senzel,412.0,0.19902912621359223,0.08883495145631067,0.2145631067961165,0.023058252427184466
steamer,bat,670242,Matt Wallner,411.0,0.32798053527980536,0.1316301703163017,0.2021897810218978,0.03673965936739659
steamer,bat,624415,Cavan Biggio,410.0,0.2626829268292683,0.13658536585365855,0.19365853658536586,0.023414634146341463
steamer,bat,686668,Brenton Doyle,407.0,0.3285012285012285,0.06167076167076167,0.21375921375921375,0.029975429975429974
steamer,bat,592626,Joc Pederson,406.0,0.2273399014778325,0.11945812807881774,0.22142857142857145,0.041379310344827586
steamer,bat,592696,Eddie Rosario,406.0,0.21970443349753696,0.07093596059113301,0.22807881773399014,0.03226600985221675
steamer,bat,666310,Bo Naylor,406.0,0.2317733990147783,0.14039408866995073,0.19507389162561578,0.03768472906403941
steamer,bat,665923,Esteury Ruiz,405.0,0.20592592592592593,0.0891358024691358,0.22049382716049382,0.018024691358024692
steamer,bat,680779,Henry Davis,403.0,0.23275434243176177,0.1272952853598015,0.20794044665012407,0.03076923076923077
steamer,bat,664728,Kyle Isbel,401.0,0.2144638403990025,0.08254364089775562,0.22394014962593514,0.02344139650872818
steamer,bat,660821,Jesus Sanchez,400.0,0.25825,0.0965,0.22399999999999998,0.0385
steamer,bat,621035,Chris Taylor,399.0,0.3137844611528822,0.1137844611528822,0.19749373433583958,0.02932330827067669
steamer,bat,686681,Michael Massey,398.0,0.21633165829145728,0.07085427135678392,0.23165829145728645,0.030402010050251255
steamer,bat,701538,Jackson Merrill,395.0,0.16556962025316457,0.06430379746835442,0.23873417721518986,0.02329113924050633
steamer,bat,666135,Alex Kirilloff,394.0,0.23401015228426397,0.09720812182741116,0.23401015228426397,0.0350253807106599
steamer,bat,669127,Shea Langeliers,389.0,0.28226221079691516,0.08483290488431877,0.19999999999999998,0.0403598971722365
steamer,bat,670042,Luke Raley,389.0,0.3149100257069409,0.10668380462724936,0.20257069408740358,0.03984575835475578
steamer,bat,663886,Tyler Stephenson,388.0,0.2445876288659794,0.10077319587628866,0.22603092783505155,0.028865979381443297
steamer,bat,669707,Jared Triolo,387.0,0.25219638242894055,0.11421188630490955,0.21834625322997417,0.01317829457364341
steamer,bat,671732,Lawrence Butler,387.0,0.2509043927648579,0.07493540051679587,0.21808785529715763,0.028423772609819122
steamer,bat,677800,Wilyer Abreu,387.0,0.26046511627906976,0.13049095607235142,0.20904392764857882,0.03229974160206718
steamer,bat,666181,Will Benson,385.0,0.3015584415584415,0.14883116883116884,0.19012987012987015,0.032207792207792206
steamer,bat,642133,Rowdy Tellez,383.0,0.21227154046997387,0.10783289817232378,0.21775456919060054,0.044647519582245436
steamer,bat,669242,Tommy Edman,382.0,0.1643979057591623,0.07853403141361257,0.23900523560209425,0.02225130890052356
steamer,bat,672275,Patrick Bailey,375.0,0.25973333333333337,0.08639999999999999,0.20613333333333334,0.023466666666666667
steamer,bat,669397,Nick Allen,370.0,0.17081081081081081,0.07837837837837838,0.21675675675675676,0.015405405405405406
steamer,bat,595281,Kevin Kiermaier,369.0,0.23523035230352302,0.08292682926829267,0.2184281842818428,0.021409214092140923
steamer,bat,553869,Elias Diaz,369.0,0.2170731707317073,0.07506775067750679,0.23279132791327914,0.02926829268292683
steamer,bat,676914,Davis Schneider,369.0,0.26720867208672083,0.14010840108401082,0.1956639566395664,0.03577235772357723
steamer,bat,664056,Harrison Bader,368.0,0.19999999999999998,0.07554347826086957,0.22255434782608696,0.028804347826086957
steamer,bat,541645,Avisail Garcia,364.0,0.2824175824175824,0.07939560439560439,0.21620879120879122,0.030494505494505494
steamer,bat,572191,Michael A. Taylor,361.0,0.28448753462603876,0.07977839335180055,0.21163434903047093,0.031301939058171746
steamer,bat,660707,Elehuris Montero,360.0,0.2791666666666667,0.07916666666666666,0.23055555555555557,0.044444444444444446
steamer,bat,645302,Victor Robles,357.0,0.23137254901960783,0.09299719887955181,0.21708683473389356,0.0196078431372549
steamer,bat,680777,Ryan Jeffers,357.0,0.2750700280112045,0.11092436974789917,0.20252100840336135,0.039775910364145656
steamer,bat,608336,Joey Gallo,354.0,0.3757062146892655,0.15112994350282485,0.16045197740112993,0.046610169491525424
steamer,bat,643396,Isiah Kiner-Falefa,352.0,0.16107954545454548,0.07670454545454546,0.23551136363636366,0.013920454545454547
steamer,bat,671289,Tyler Freeman,351.0,0.1527065527065527,0.09886039886039887,0.24216524216524216,0.018803418803418803
steamer,bat,593160,Whit Merrifield,346.0,0.17196531791907516,0.06936416184971098,0.23497109826589593,0.019653179190751446
steamer,bat,649966,Luis Urias,343.0,0.2239067055393586,0.12915451895043734,0.19650145772594754,0.029737609329446062
steamer,bat,518792,Jason Heyward,342.0,0.18859649122807018,0.09532163742690059,0.22309941520467835,0.031578947368421054
steamer,bat,570482,Gio Urshela,341.0,0.18240469208211144,0.0689149560117302,0.25131964809384166,0.02228739002932551
steamer,bat,670770,TJ Friedl,341.0,0.1782991202346041,0.1064516129032258,0.22404692082111438,0.030791788856304986
steamer,bat,502054,Tommy Pham,340.0,0.24205882352941174,0.10647058823529412,0.21764705882352942,0.031764705882352945
steamer,bat,666176,Jo Adell,340.0,0.3267647058823529,0.08088235294117647,0.20264705882352943,0.04441176470588235
steamer,bat,681297,Colton Cowser,339.0,0.28289085545722714,0.13893805309734514,0.20058997050147492,0.026843657817109144
steamer,bat,670032,Nicky Lopez,338.0,0.15355029585798816,0.09467455621301775,0.2186390532544379,0.006804733727810651
steamer,bat,679032,Johan Rojas,338.0,0.2062130177514793,0.06538461538461539,0.23195266272189352,0.01893491124260355
steamer,bat,543305,Aaron Hicks,337.0,0.23887240356083086,0.13827893175074185,0.19732937685459942,0.025222551928783383
steamer,bat,657136,Connor Wong,337.0,0.29554896142433235,0.07240356083086052,0.21572700296735906,0.02908011869436202
steamer,bat,666150,Dominic Fletcher,335.0,0.24567164179104478,0.08447761194029851,0.21791044776119403,0.022388059701492536
steamer,bat,672356,Gabriel Arias,333.0,0.27057057057057055,0.0915915915915916,0.21621621621621623,0.03213213213213213
steamer,bat,656811,Ryan O’Hearn,332.0,0.24156626506024098,0.06927710843373494,0.2355421686746988,0.04156626506024096
steamer,bat,682617,Marco Luciano,331.0,0.30996978851963747,0.09758308157099697,0.19274924471299093,0.02779456193353474
steamer,bat,683737,Michael Busch,330.0,0.27606060606060606,0.10666666666666667,0.20848484848484847,0.03272727272727273
steamer,bat,543228,Yan Gomes,330.0,0.19545454545454546,0.06363636363636363,0.23212121212121212,0.027878787878787878
steamer,bat,642708,Amed Rosario,326.0,0.18466257668711658,0.057975460122699385,0.25,0.018098159509202454
steamer,bat,650907,Rene Pinto,317.0,0.30725552050473187,0.059621451104100956,0.20851735015772868,0.036908517350157724
steamer,bat,669003,Garrett Mitchell,315.0,0.293015873015873,0.1003174603174603,0.2111111111111111,0.025396825396825397
steamer,bat,672386,Alejandro Kirk,315.0,0.11174603174603176,0.11682539682539683,0.23904761904761904,0.029206349206349205
steamer,bat,656448,Stone Garrett,311.0,0.29131832797427654,0.077491961414791,0.21286173633440517,0.03858520900321544
steamer,bat,621438,Tyrone Taylor,310.0,0.23806451612903226,0.07354838709677418,0.21483870967741933,0.036774193548387096
steamer,bat,643376,Danny Jansen,309.0,0.2064724919093851,0.10453074433656957,0.20550161812297735,0.04692556634304207
steamer,bat,668670,Jake Rogers,309.0,0.3155339805825243,0.08576051779935275,0.19061488673139157,0.043042071197411005
steamer,bat,663837,Matt Vierling,307.0,0.20781758957654722,0.09185667752442998,0.2280130293159609,0.02182410423452769
steamer,bat,691406,Junior Caminero,307.0,0.2224755700325733,0.0732899022801303,0.24169381107491858,0.04006514657980456
steamer,bat,623912,Harold Ramirez,306.0,0.184640522875817,0.06503267973856208,0.2607843137254902,0.02483660130718954
steamer,bat,663757,Trent Grisham,298.0,0.26543624161073825,0.13053691275167784,0.18825503355704698,0.037248322147651
steamer,bat,686527,Dominic Canzone,295.0,0.20779661016949152,0.08101694915254237,0.22983050847457626,0.03525423728813559
steamer,bat,663743,Nick Fortes,292.0,0.18253424657534245,0.086986301369863,0.21541095890410958,0.028767123287671233
steamer,bat,658668,Edward Olivares,291.0,0.18419243986254297,0.08144329896907217,0.2374570446735395,0.029896907216494843
steamer,bat,656716,Zach McKinstry,290.0,0.2220689655172414,0.09793103448275861,0.21137931034482757,0.021034482758620687
steamer,bat,664314,Estevan Florial,289.0,0.32110726643598614,0.11038062283737024,0.1982698961937716,0.030795847750865052
steamer,bat,608385,Jesse Winker,287.0,0.19825783972125435,0.14982578397212543,0.20975609756097563,0.027177700348432057
steamer,bat,687401,Joey Ortiz,287.0,0.19721254355400697,0.07595818815331011,0.24320557491289196,0.02195121951219512
steamer,bat,643289,Mauricio Dubon,285.0,0.15052631578947367,0.06385964912280702,0.24245614035087718,0.023859649122807018
steamer,bat,669224,Austin Wells,285.0,0.2407017543859649,0.09789473684210527,0.20526315789473684,0.0375438596491228
steamer,bat,687231,Darell Hernaiz,284.0,0.17359154929577464,0.07253521126760563,0.22640845070422536,0.014084507042253521
steamer,bat,595777,Jurickson Profar,283.0,0.17985865724381625,0.11802120141342756,0.20812720848056537,0.0215547703180212
steamer,bat,542194,Christian Bethancourt,282.0,0.24255319148936172,0.05673758865248227,0.22730496453900706,0.03120567375886525
steamer,bat,668942,Josh Rojas,278.0,0.22841726618705036,0.10251798561151079,0.21223021582733814,0.019064748201438848
steamer,bat,657557,Paul DeJong,277.0,0.2956678700361011,0.08772563176895305,0.18628158844765344,0.038628158844765344
steamer,bat,500743,Miguel Rojas,276.0,0.1318840579710145,0.0713768115942029,0.23442028985507246,0.018115942028985508
steamer,bat,666185,Dylan Carlson,275.0,0.19199999999999998,0.11672727272727274,0.22181818181818183,0.02618181818181818
steamer,bat,518595,Travis d’Arnaud,271.0,0.23173431734317343,0.08081180811808118,0.2247232472324723,0.038007380073800744
steamer,bat,624431,Jose Trevino,267.0,0.17640449438202246,0.0550561797752809,0.22621722846441947,0.02696629213483146
steamer,bat,596142,Gary Sanchez,265.0,0.2833962264150943,0.10943396226415095,0.18830188679245283,0.047547169811320754
steamer,bat,621563,Joey Wendle,261.0,0.20766283524904217,0.06053639846743295,0.2272030651340996,0.014942528735632184
steamer,bat,527038,Wilmer Flores,258.0,0.15426356589147286,0.10348837209302326,0.2294573643410853,0.0375968992248062
steamer,bat,455117,Martin Maldonado,258.0,0.32248062015503876,0.08875968992248061,0.17286821705426358,0.034496124031007755
steamer,bat,622534,Manuel Margot,253.0,0.1707509881422925,0.07984189723320158,0.24347826086956523,0.01857707509881423
steamer,bat,672012,Tyler Black,252.0,0.21785714285714286,0.13293650793650794,0.20595238095238094,0.02142857142857143
steamer,bat,691718,Pete Crow-Armstrong,251.0,0.2737051792828685,0.08286852589641434,0.21952191235059762,0.025896414342629483
steamer,bat,605113,Nick Ahmed,247.0,0.23481781376518218,0.0708502024291498,0.20971659919028338,0.018218623481781375
steamer,bat,624503,Nick Gordon,244.0,0.2122950819672131,0.06270491803278688,0.23114754098360654,0.020491803278688523
steamer,bat,656582,Connor Joe,243.0,0.22839506172839505,0.12757201646090535,0.20823045267489712,0.023868312757201644
steamer,bat,624512,Reese McGuire,242.0,0.22975206611570248,0.0665289256198347,0.2268595041322314,0.014462809917355372
steamer,bat,571771,Enrique Hernandez,241.0,0.19294605809128632,0.08630705394190871,0.2174273858921162,0.029045643153526972
steamer,bat,686823,Will Brennan,238.0,0.14369747899159666,0.0684873949579832,0.253781512605042,0.01680672268907563
steamer,bat,680700,Richie Palacios,236.0,0.17754237288135594,0.1233050847457627,0.21525423728813559,0.01864406779661017
steamer,bat,624428,Adam Frazier,235.0,0.12978723404255318,0.08382978723404257,0.23957446808510638,0.01446808510638298
steamer,bat,643565,Mike Tauchman,235.0,0.23872340425531915,0.13531914893617022,0.2051063829787234,0.020425531914893616
steamer,bat,628451,Andy Ibanez,235.0,0.17617021276595743,0.08,0.23617021276595745,0.025106382978723404
steamer,bat,647351,Abraham Toro,232.0,0.18663793103448276,0.09741379310344828,0.21681034482758618,0.024999999999999998
steamer,bat,676609,Jose Caballero,232.0,0.22801724137931034,0.14525862068965517,0.1896551724137931,0.017672413793103445
steamer,bat,679845,Nick Loftin,232.0,0.16465517241379313,0.08362068965517241,0.23146551724137931,0.022844827586206897
steamer,bat,669289,Santiago Espinal,231.0,0.14848484848484847,0.08398268398268398,0.2497835497835498,0.015584415584415584
steamer,bat,657757,Gavin Sheets,230.0,0.21217391304347824,0.08478260869565217,0.22043478260869567,0.039999999999999994
steamer,bat,688363,Graham Pauley,230.0,0.22043478260869567,0.08565217391304347,0.2265217391304348,0.03217391304347826
steamer,bat,602104,Ramon Urias,229.0,0.24323144104803496,0.08951965065502183,0.22270742358078602,0.0222707423580786
steamer,bat,677649,Ezequiel Duran,229.0,0.24890829694323144,0.06899563318777292,0.2388646288209607,0.03275109170305677
steamer,bat,700932,Kyle Manzardo,229.0,0.21484716157205241,0.11659388646288212,0.2126637554585153,0.0388646288209607
steamer,bat,656413,Stuart Fairchild,228.0,0.28421052631578947,0.10833333333333335,0.19956140350877194,0.031140350877192982
steamer,bat,621550,Patrick Wisdom,227.0,0.35726872246696034,0.10748898678414097,0.1828193832599119,0.05286343612334802
steamer,bat,571657,Kyle Farmer,227.0,0.2026431718061674,0.08061674008810571,0.22555066079295155,0.02378854625550661
steamer,bat,665804,Miguel Amaya,226.0,0.2663716814159292,0.12035398230088497,0.19424778761061945,0.029646017699115044
steamer,bat,608348,Carson Kelly,224.0,0.22187500000000002,0.10357142857142856,0.19999999999999998,0.028571428571428574
steamer,bat,572761,Matt Carpenter,224.0,0.28080357142857143,0.14017857142857143,0.17946428571428572,0.029017857142857144
steamer,bat,543063,Brandon Crawford,222.0,0.22927927927927927,0.0945945945945946,0.21036036036036038,0.025675675675675677
steamer,bat,518735,Yasmani Grandal,221.0,0.20995475113122172,0.1339366515837104,0.20135746606334842,0.0253393665158371
steamer,bat,543877,Christian Vazquez,221.0,0.2004524886877828,0.07375565610859729,0.2239819004524887,0.01990950226244344
steamer,bat,596103,Austin Slater,219.0,0.2808219178082192,0.11506849315068493,0.2132420091324201,0.026484018264840183
steamer,bat,664238,Dylan Moore,218.0,0.30504587155963303,0.12568807339449542,0.17660550458715596,0.028899082568807338
steamer,bat,687363,Victor Scott II,218.0,0.18761467889908257,0.07660550458715595,0.22844036697247705,0.015137614678899082
steamer,bat,643265,Garrett Cooper,213.0,0.2755868544600939,0.09530516431924883,0.2215962441314554,0.03192488262910798
steamer,bat,663611,Nick Madrigal,213.0,0.10704225352112677,0.07183098591549296,0.260093896713615,0.00892018779342723
steamer,bat,649557,Aledmys Diaz,209.0,0.18995215311004787,0.06842105263157894,0.21913875598086124,0.022966507177033493
steamer,bat,594807,Adam Duvall,207.0,0.32077294685990343,0.078743961352657,0.1971014492753623,0.04734299516908213
steamer,bat,553882,Omar Narvaez,207.0,0.19951690821256038,0.10579710144927537,0.2144927536231884,0.02222222222222222
steamer,bat,669911,Michael Toglia,207.0,0.28695652173913044,0.09516908212560386,0.20241545893719806,0.03671497584541063
steamer,bat,605170,Victor Caratini,203.0,0.21477832512315273,0.10344827586206896,0.21773399014778327,0.030541871921182268
steamer,bat,678225,Ji Hwan Bae,203.0,0.21330049261083742,0.09802955665024632,0.22857142857142856,0.013300492610837438
steamer,bat,686611,Dylan Crews,203.0,0.26748768472906403,0.07832512315270936,0.2083743842364532,0.02315270935960591
steamer,bat,605131,Austin Barnes,202.0,0.21930693069306928,0.10594059405940594,0.19554455445544555,0.026237623762376237
steamer,bat,666023,Freddy Fermin,202.0,0.21336633663366336,0.09405940594059406,0.22277227722772278,0.032673267326732675
steamer,bat,656248,Sean Bouchard,201.0,0.26865671641791045,0.12238805970149254,0.217910447761194,0.03681592039800995
steamer,bat,543309,Kyle Higashioka,197.0,0.267005076142132,0.06548223350253807,0.20761421319796955,0.0401015228426396
steamer,bat,660644,Vidal Brujan,197.0,0.19898477157360409,0.09390862944162437,0.21116751269035533,0.01928934010152284
steamer,bat,542932,Jon Berti,196.0,0.20918367346938777,0.09693877551020408,0.2239795918367347,0.017857142857142856
steamer,bat,678554,Curtis Mead,196.0,0.2010204081632653,0.10051020408163265,0.22244897959183674,0.02295918367346939
steamer,bat,595978,Austin Hedges,194.0,0.25257731958762886,0.07628865979381443,0.1845360824742268,0.02577319587628866
steamer,bat,571912,Luke Maile,194.0,0.2639175257731959,0.10103092783505153,0.20515463917525772,0.025257731958762887
steamer,bat,543257,Robbie Grossman,194.0,0.25876288659793817,0.13144329896907217,0.19123711340206187,0.02731958762886598
steamer,bat,624641,Edmundo Sosa,194.0,0.23556701030927837,0.06649484536082474,0.22783505154639178,0.024742268041237112
steamer,bat,668731,Akil Baddoo,194.0,0.24123711340206183,0.11752577319587629,0.20876288659793815,0.02628865979381443
steamer,bat,608701,Rob Refsnyder,192.0,0.2354166666666667,0.1265625,0.22135416666666666,0.020833333333333332
steamer,bat,656896,Emmanuel Rivera,191.0,0.21675392670157068,0.08324607329842933,0.22670157068062827,0.02722513089005236
steamer,bat,543510,James McCann,190.0,0.26052631578947366,0.07157894736842105,0.21578947368421053,0.02578947368421053
steamer,bat,640492,Jose Azocar,188.0,0.24148936170212765,0.06170212765957447,0.22393617021276596,0.0175531914893617
steamer,bat,608596,Tom Murphy,187.0,0.2748663101604278,0.10427807486631016,0.21016042780748662,0.034224598930481284
steamer,bat,671056,Ivan Herrera,187.0,0.22673796791443848,0.14705882352941177,0.20695187165775403,0.02459893048128342
steamer,bat,682619,Orelvis Martinez,187.0,0.26096256684491975,0.09358288770053476,0.18983957219251338,0.038502673796791446
steamer,bat,456781,Donovan Solano,186.0,0.21236559139784947,0.09516129032258064,0.24354838709677418,0.014516129032258065
steamer,bat,695578,James Wood,184.0,0.3277173913043478,0.09184782608695652,0.20054347826086955,0.03260869565217391
steamer,bat,572138,Jon Singleton,183.0,0.28360655737704915,0.14153005464480872,0.18032786885245902,0.03715846994535519
steamer,bat,696100,Hunter Goodman,183.0,0.2639344262295082,0.07377049180327869,0.23224043715846995,0.04972677595628415
steamer,bat,664983,Jake McCarthy,182.0,0.20824175824175822,0.09120879120879122,0.23131868131868133,0.019230769230769232
steamer,bat,641943,Joshua Palacios,181.0,0.20165745856353592,0.08397790055248619,0.23756906077348067,0.029834254143646412
steamer,bat,672724,Oswald Peraza,181.0,0.22099447513812154,0.08839779005524862,0.21933701657458565,0.030939226519337015
steamer,bat,682641,Luis Matos,181.0,0.13591160220994475,0.08232044198895028,0.23812154696132598,0.022651933701657457
steamer,bat,670764,Taylor Walls,180.0,0.2561111111111111,0.12944444444444445,0.18,0.022222222222222223
steamer,bat,691016,Tyler Soderstrom,179.0,0.2877094972067039,0.0681564245810056,0.19832402234636873,0.036871508379888264
steamer,bat,668472,Nick Pratto,175.0,0.3342857142857143,0.12285714285714286,0.18285714285714286,0.032
steamer,bat,668901,Mark Vientos,175.0,0.27485714285714286,0.08971428571428572,0.2182857142857143,0.045714285714285714
steamer,bat,678894,Liover Peguero,175.0,0.22799999999999998,0.06971428571428571,0.2257142857142857,0.025714285714285714
steamer,bat,607732,Jacob Stallings,174.0,0.2206896551724138,0.09942528735632185,0.22011494252873562,0.020689655172413793
steamer,bat,682622,Noelvi Marte,174.0,0.21264367816091953,0.09137931034482759,0.24022988505747125,0.032758620689655175
steamer,bat,595909,Jake Cave,172.0,0.25872093023255816,0.08953488372093023,0.2302325581395349,0.029069767441860465
steamer,bat,622761,Jorge Mateo,172.0,0.2552325581395349,0.06744186046511629,0.21511627906976744,0.023255813953488372
steamer,bat,677008,Heston Kjerstad,172.0,0.2244186046511628,0.08197674418604652,0.2377906976744186,0.03197674418604651
steamer,bat,656180,Riley Adams,171.0,0.30467836257309944,0.10350877192982456,0.195906432748538,0.030994152046783626
steamer,bat,686676,Korey Lee,166.0,0.286144578313253,0.06566265060240964,0.19457831325301203,0.02710843373493976
steamer,bat,691723,Coby Mayo,166.0,0.27048192771084334,0.11566265060240963,0.2060240963855422,0.03313253012048193
steamer,bat,666018,Jonathan Aranda,160.0,0.24562499999999998,0.12125000000000001,0.22312500000000002,0.028749999999999998
steamer,bat,686894,Joey Wiemer,159.0,0.27169811320754716,0.09433962264150944,0.20440251572327045,0.03459119496855346
steamer,bat,665828,Oswaldo Cabrera,157.0,0.23057324840764332,0.08535031847133759,0.21082802547770702,0.03121019108280255
steamer,bat,666163,Ben Rortvedt,157.0,0.2917197452229299,0.10318471337579617,0.18471337579617833,0.029299363057324838
steamer,bat,671221,Drew Waters,157.0,0.29363057324840763,0.09681528662420381,0.21146496815286625,0.02611464968152866
steamer,bat,621466,DJ Stewart,156.0,0.2858974358974359,0.13141025641025642,0.18974358974358976,0.04294871794871795
steamer,bat,676475,Alec Burleson,155.0,0.15741935483870967,0.07612903225806451,0.24645161290322581,0.03290322580645161
steamer,bat,667452,Corey Julks,154.0,0.24870129870129867,0.09025974025974026,0.2116883116883117,0.02922077922077922
steamer,bat,641343,Jake Bauers,153.0,0.30653594771241827,0.11830065359477125,0.18823529411764706,0.03660130718954248
steamer,bat,605361,Nick Martini,152.0,0.2480263157894737,0.11710526315789474,0.2111842105263158,0.03355263157894737
steamer,bat,593934,Miguel Sano,151.0,0.3403973509933775,0.10596026490066225,0.19337748344370861,0.05231788079470199
steamer,bat,655316,Andruw Monasterio,151.0,0.22582781456953643,0.1119205298013245,0.2152317880794702,0.015231788079470197
steamer,bat,607054,Jace Peterson,149.0,0.2429530201342282,0.11677852348993288,0.20201342281879195,0.017449664429530203
steamer,bat,676701,Alan Trejo,149.0,0.23557046979865773,0.06711409395973154,0.22818791946308725,0.028187919463087248
steamer,bat,642180,Tyler Wade,148.0,0.25743243243243247,0.09324324324324325,0.20067567567567568,0.011486486486486485
steamer,bat,665839,Enmanuel Valdez,148.0,0.22972972972972974,0.10135135135135136,0.2175675675675676,0.033783783783783786
steamer,bat,683083,Nasim Nunez,148.0,0.22837837837837835,0.11689189189189189,0.18716216216216217,0.007432432432432433
steamer,bat,622569,Pablo Reyes,147.0,0.18163265306122447,0.08979591836734693,0.23197278911564626,0.0217687074829932
steamer,bat,642136,Matt Thaiss,147.0,0.2571428571428571,0.1285714285714286,0.19115646258503402,0.030612244897959183
steamer,bat,686797,Brooks Lee,147.0,0.18503401360544217,0.08571428571428572,0.22312925170068026,0.02040816326530612
steamer,bat,545121,Ildemaro Vargas,146.0,0.1184931506849315,0.06986301369863013,0.23972602739726026,0.017123287671232876
steamer,bat,608671,Travis Jankowski,146.0,0.18904109589041096,0.13013698630136986,0.21712328767123287,0.00958904109589041
steamer,bat,657088,Forrest Wall,146.0,0.27465753424657535,0.09657534246575342,0.21164383561643835,0.014383561643835616
steamer,bat,571466,Tucker Barnhart,145.0,0.2786206896551724,0.09517241379310344,0.19448275862068964,0.013103448275862068
steamer,bat,493329,Yuli Gurriel,145.0,0.14482758620689656,0.07655172413793103,0.2413793103448276,0.020689655172413793
steamer,bat,676356,Jonny DeLuca,145.0,0.21793103448275863,0.08827586206896551,0.20551724137931035,0.034482758620689655
steamer,bat,664059,Sam Haggerty,144.0,0.2347222222222222,0.10208333333333335,0.21041666666666667,0.019444444444444445
steamer,bat,666211,Taylor Trammell,143.0,0.3258741258741259,0.11468531468531468,0.17902097902097902,0.03496503496503497
steamer,bat,669699,Braden Shewmake,143.0,0.21958041958041957,0.06853146853146853,0.2062937062937063,0.025874125874125874
steamer,bat,693049,Oscar Colas,142.0,0.2556338028169014,0.06901408450704226,0.22887323943661972,0.03380281690140845
steamer,bat,672820,Lenyn Sosa,139.0,0.21654676258992805,0.055395683453237414,0.22877697841726619,0.03669064748201439
steamer,bat,665506,Cristian Pache,138.0,0.26521739130434785,0.08623188405797101,0.20579710144927535,0.026086956521739132
steamer,bat,676946,Matthew Batten,138.0,0.27608695652173915,0.10289855072463769,0.18913043478260871,0.015217391304347827
steamer,bat,545341,Randal Grichuk,136.0,0.22426470588235295,0.06691176470588235,0.22941176470588234,0.030882352941176472
steamer,bat,609280,Miguel Andujar,136.0,0.16029411764705884,0.07647058823529412,0.24117647058823527,0.028676470588235293
steamer,bat,681807,David Fry,133.0,0.24060150375939848,0.09548872180451128,0.20902255639097744,0.029323308270676692
steamer,bat,702358,Trey Lipscomb,132.0,0.19924242424242425,0.048484848484848485,0.22727272727272727,0.01893939393939394
steamer,bat,687799,Cade Marlowe,130.0,0.3207692307692308,0.08692307692307691,0.19153846153846152,0.026153846153846153
steamer,bat,678246,Miguel Vargas,127.0,0.20551181102362207,0.1204724409448819,0.21181102362204723,0.02913385826771654
steamer,bat,691176,Jasson Dominguez,124.0,0.275,0.10967741935483871,0.20161290322580644,0.029838709677419355
steamer,bat,663616,Trevor Larnach,119.0,0.31932773109243695,0.12605042016806722,0.19747899159663865,0.03277310924369748
steamer,bat,666915,Bobby Dalbec,115.0,0.3617391304347826,0.09739130434782609,0.1956521739130435,0.04434782608695652
steamer,bat,606992,Eric Haase,113.0,0.3008849557522124,0.07610619469026549,0.2,0.035398230088495575
steamer,bat,666165,Blake Sabol,113.0,0.3115044247787611,0.08938053097345132,0.20530973451327433,0.02920353982300885
steamer,bat,668800,Andrew Knizner,113.0,0.23982300884955754,0.09203539823008848,0.21061946902654868,0.030973451327433628
steamer,bat,676391,Ernie Clement,113.0,0.11238938053097344,0.07168141592920353,0.23982300884955754,0.017699115044247787
steamer,bat,596117,Garrett Stubbs,109.0,0.24128440366972478,0.11192660550458715,0.1908256880733945,0.02018348623853211
steamer,bat,680911,Owen Miller,109.0,0.20733944954128442,0.07706422018348624,0.23027522935779818,0.01926605504587156
steamer,bat,641658,Garrett Hampson,108.0,0.24537037037037038,0.08703703703703704,0.21574074074074076,0.013888888888888888
steamer,bat,641511,Jason Delay,107.0,0.2542056074766355,0.07850467289719626,0.20373831775700935,0.014018691588785047
steamer,bat,641645,Luis Guillorme,107.0,0.17383177570093458,0.11869158878504674,0.22710280373831776,0.011214953271028037
steamer,bat,669364,Xavier Edwards,105.0,0.1257142857142857,0.10095238095238096,0.2438095238095238,0.010476190476190477
steamer,bat,695336,Thomas Saggese,103.0,0.24174757281553397,0.07281553398058252,0.23106796116504855,0.02621359223300971
steamer,bat,690291,Jace Jung,101.0,0.2633663366336634,0.10495049504950495,0.20198019801980197,0.026732673267326736
steamer,bat,669208,Ryan Bliss,100.0,0.243,0.07800000000000001,0.207,0.024
steamer,bat,679881,J.P. Martinez,96.0,0.325,0.11145833333333333,0.1875,0.021875000000000002
steamer,bat,669477,Casey Schmitt,92.0,0.22934782608695653,0.06521739130434782,0.22282608695652173,0.021739130434782608
steamer,bat,676113,Zach DeLoach,91.0,0.3142857142857143,0.0967032967032967,0.1934065934065934,0.029670329670329672
steamer,bat,664058,David Fletcher,90.0,0.10222222222222221,0.06111111111111111,0.25222222222222224,0.008888888888888889
steamer,bat,669087,Sam Huff,90.0,0.32,0.08777777777777779,0.2088888888888889,0.04555555555555555
steamer,bat,682657,Angel Martinez,89.0,0.21910112359550563,0.08089887640449439,0.20674157303370785,0.017977528089887642
steamer,bat,663527,Tyler Nevin,88.0,0.21818181818181817,0.10454545454545454,0.21363636363636365,0.028409090909090908
steamer,bat,668853,Austin Shenton,87.0,0.31724137931034485,0.1206896551724138,0.19655172413793104,0.031034482758620693
steamer,bat,672279,Michael Siani,87.0,0.232183908045977,0.11149425287356321,0.18735632183908046,0.016091954022988506
steamer,bat,677942,Blaze Alexander,87.0,0.3103448275862069,0.09310344827586206,0.19540229885057472,0.01954022988505747
steamer,bat,694355,Tyler Gentry,87.0,0.24482758620689657,0.11609195402298852,0.21264367816091953,0.025287356321839084
steamer,bat,596129,Daniel Vogelbach,86.0,0.24767441860465117,0.14651162790697675,0.19651162790697674,0.03953488372093023
steamer,bat,670097,Zack Short,85.0,0.3035294117647059,0.1341176470588235,0.16588235294117645,0.024705882352941178
steamer,bat,669352,Bubba Thompson,84.0,0.2761904761904762,0.06666666666666668,0.2154761904761905,0.02023809523809524
steamer,bat,670156,Miles Mastrobuoni,84.0,0.22023809523809523,0.11071428571428572,0.22499999999999998,0.014285714285714285
steamer,bat,680118,Dairon Blanco,84.0,0.2392857142857143,0.09047619047619047,0.23214285714285715,0.02023809523809524
steamer,bat,645305,Ali Sanchez,83.0,0.2289156626506024,0.08674698795180721,0.21445783132530122,0.01927710843373494
steamer,bat,663368,Blake Perkins,83.0,0.27228915662650605,0.1216867469879518,0.19156626506024096,0.024096385542168676
steamer,bat,666703,Eguy Rosario,83.0,0.23373493975903611,0.09036144578313253,0.20963855421686745,0.02530120481927711
steamer,bat,675961,Alika Williams,83.0,0.21807228915662652,0.08795180722891567,0.21084337349397592,0.018072289156626505
steamer,bat,607680,Kevin Pillar,81.0,0.2333333333333333,0.06172839506172839,0.2148148148148148,0.037037037037037035
steamer,bat,666149,Tyler Fitzgerald,81.0,0.3037037037037037,0.07407407407407407,0.19999999999999998,0.02592592592592593
steamer,bat,664874,Seby Zavala,79.0,0.36835443037974686,0.0949367088607595,0.16962025316455698,0.026582278481012658
steamer,bat,683021,Michael Stefanic,79.0,0.13291139240506328,0.12025316455696203,0.23291139240506328,0.012658227848101266
steamer,bat,691011,Drew Romo,78.0,0.19743589743589743,0.06666666666666665,0.22435897435897437,0.021794871794871794
steamer,bat,666197,Grae Kessinger,77.0,0.27402597402597406,0.10129870129870129,0.18311688311688312,0.02077922077922078
steamer,bat,693304,Nick Gonzales,74.0,0.2783783783783784,0.10270270270270271,0.20675675675675675,0.01756756756756757
steamer,bat,665561,Rafael Marchan,72.0,0.1513888888888889,0.1013888888888889,0.20972222222222223,0.015277777777777779
steamer,bat,669392,Samad Taylor,72.0,0.2569444444444444,0.11666666666666667,0.2,0.019444444444444445
steamer,bat,696285,Jacob Young,69.0,0.18115942028985507,0.08115942028985507,0.23043478260869565,0.011594202898550725
steamer,bat,677588,Jose Tena,66.0,0.28181818181818186,0.0712121212121212,0.21363636363636362,0.01818181818181818
steamer,bat,669234,Justyn-Henry Malloy,65.0,0.2661538461538462,0.14769230769230768,0.20307692307692307,0.027692307692307693
steamer,bat,679822,Justin Foscue,64.0,0.1875,0.109375,0.203125,0.0234375
steamer,bat,663330,Jahmai Jones,60.0,0.275,0.12333333333333334,0.18666666666666665,0.02
steamer,bat,687957,Dustin Harris,60.0,0.2533333333333333,0.10666666666666666,0.20166666666666666,0.02666666666666667
steamer,bat,687462,Spencer Horwitz,59.0,0.20677966101694914,0.13559322033898305,0.22203389830508474,0.020338983050847456
steamer,bat,689172,Brett Wisely,58.0,0.2637931034482759,0.09827586206896552,0.19655172413793104,0.017241379310344827
steamer,bat,663630,Ryan McKenna,57.0,0.3192982456140351,0.09649122807017543,0.19298245614035087,0.02631578947368421
steamer,bat,676070,Jacob Amaya,57.0,0.21403508771929824,0.10701754385964914,0.20175438596491227,0.01929824561403509
steamer,bat,665120,Jared Walsh,56.0,0.32321428571428573,0.08750000000000001,0.1982142857142857,0.0375
steamer,bat,672640,Otto Lopez,56.0,0.1767857142857143,0.08392857142857142,0.23392857142857143,0.008928571428571428
steamer,bat,667472,Dane Myers,53.0,0.2528301886792453,0.07735849056603773,0.2358490566037736,0.02641509433962264
steamer,bat,669450,Cooper Hummel,53.0,0.3,0.1320754716981132,0.17547169811320756,0.018867924528301886
steamer,bat,664770,Nathan Lukes,48.0,0.19166666666666665,0.08958333333333333,0.2333333333333333,0.016666666666666666
steamer,bat,670223,Matt Mervis,48.0,0.25625000000000003,0.10625,0.21666666666666667,0.03958333333333333
steamer,bat,656976,Pavin Smith,47.0,0.2148936170212766,0.1127659574468085,0.2127659574468085,0.027659574468085108
steamer,bat,663609,Luken Baker,47.0,0.26170212765957446,0.10425531914893618,0.20851063829787236,0.04468085106382979
steamer,bat,660766,Juan Yepez,46.0,0.2326086956521739,0.08260869565217391,0.21739130434782608,0.0391304347826087
steamer,bat,669065,Kyle Stowers,46.0,0.3,0.10869565217391304,0.19999999999999998,0.0391304347826087
steamer,bat,677870,Leo Jimenez,46.0,0.2021739130434783,0.10217391304347827,0.20434782608695654,0.015217391304347825
steamer,bat,678489,Jorge Barrosa,46.0,0.21739130434782608,0.10652173913043479,0.2021739130434783,0.017391304347826087
steamer,bat,680716,Jonathan Ornelas,46.0,0.2608695652173913,0.08695652173913043,0.19782608695652174,0.015217391304347825
steamer,bat,681584,David Villar,46.0,0.3065217391304348,0.11304347826086956,0.18695652173913044,0.03695652173913044
steamer,bat,681962,Vinny Capra,46.0,0.21739130434782608,0.11739130434782609,0.21304347826086958,0.017391304347826087
steamer,bat,682073,David Hensley,46.0,0.30434782608695654,0.11956521739130435,0.18695652173913044,0.015217391304347825
steamer,bat,691182,Adael Amador,46.0,0.1565217391304348,0.09999999999999999,0.22826086956521738,0.021739130434782608
steamer,bat,642086,Dominic Smith,45.0,0.18888888888888888,0.09555555555555555,0.2288888888888889,0.024444444444444446
steamer,bat,645801,Mike Ford,45.0,0.26666666666666666,0.11999999999999998,0.1911111111111111,0.04
steamer,bat,665019,Kody Clemens,45.0,0.26,0.0911111111111111,0.20444444444444443,0.04
steamer,bat,665856,Jair Camargo,45.0,0.33555555555555555,0.06666666666666667,0.19777777777777777,0.03333333333333333
steamer,bat,666152,David Hamilton,45.0,0.2511111111111111,0.10666666666666666,0.20222222222222222,0.02
steamer,bat,668885,Austin Martin,45.0,0.19777777777777777,0.12888888888888891,0.19777777777777777,0.011111111111111112
steamer,bat,669743,Alex Call,45.0,0.1911111111111111,0.13555555555555557,0.19777777777777777,0.024444444444444446
steamer,bat,670869,Livan Soto,45.0,0.25555555555555554,0.09777777777777778,0.1911111111111111,0.013333333333333332
steamer,bat,671286,Johnathan Rodriguez,45.0,0.3088888888888889,0.08222222222222221,0.2177777777777778,0.03777777777777778
steamer,bat,672761,Wenceel Perez,45.0,0.18666666666666668,0.09555555555555555,0.21333333333333332,0.015555555555555555
steamer,bat,680718,Addison Barger,45.0,0.24888888888888888,0.1,0.21555555555555553,0.02888888888888889
steamer,bat,681146,Jonah Bride,45.0,0.2088888888888889,0.1311111111111111,0.19777777777777777,0.02
steamer,bat,686554,Oliver Dunn,45.0,0.3288888888888889,0.12222222222222222,0.18444444444444447,0.024444444444444446
steamer,bat,693307,Dillon Dingler,45.0,0.3022222222222222,0.0911111111111111,0.18444444444444447,0.024444444444444446
steamer,bat,642851,Austin Wynns,44.0,0.25,0.09545454545454546,0.20681818181818182,0.022727272727272728
steamer,bat,645444,Jose Herrera,44.0,0.24545454545454548,0.10909090909090911,0.19545454545454544,0.013636363636363636
steamer,bat,663967,Cesar Salazar,44.0,0.23636363636363636,0.09545454545454546,0.18181818181818182,0.020454545454545454
steamer,bat,668952,Ryan Kreidler,44.0,0.2840909090909091,0.1068181818181818,0.18636363636363634,0.025
steamer,bat,671218,Heliot Ramos,44.0,0.2727272727272727,0.08409090909090909,0.20681818181818182,0.02727272727272727
steamer,bat,672744,Alexander Canario,44.0,0.28863636363636364,0.0818181818181818,0.20909090909090908,0.038636363636363635
steamer,bat,677347,Kyren Paris,44.0,0.325,0.12272727272727274,0.17954545454545456,0.020454545454545454
steamer,bat,695391,Brett Harris,44.0,0.2159090909090909,0.09318181818181817,0.2,0.020454545454545454
steamer,bat,623168,Tyler Heineman,43.0,0.2046511627906977,0.10232558139534882,0.2116279069767442,0.013953488372093023
steamer,bat,621545,Zach Remillard,43.0,0.2558139534883721,0.09999999999999999,0.19534883720930232,0.01627906976744186
steamer,bat,656541,Sam Hilliard,43.0,0.31627906976744186,0.09999999999999999,0.19999999999999998,0.037209302325581395
steamer,bat,656577,Alex Jackson,43.0,0.3186046511627907,0.08604651162790698,0.19069767441860463,0.03953488372093023
steamer,bat,664954,Brett Sullivan,43.0,0.17209302325581396,0.08372093023255812,0.20930232558139536,0.018604651162790697
steamer,bat,663698,Joey Bart,42.0,0.3238095238095238,0.0880952380952381,0.1880952380952381,0.023809523809523808
steamer,bat,643393,Tony Kemp,39.0,0.11794871794871795,0.11025641025641025,0.2205128205128205,0.017948717948717947
steamer,bat,444482,David Peralta,36.0,0.2,0.075,0.24166666666666664,0.022222222222222223
steamer,bat,674441,Jacob Hurtubise,35.0,0.21142857142857144,0.14571428571428574,0.21142857142857144,0.014285714285714285
steamer,bat,677956,Rece Hinds,35.0,0.34857142857142853,0.06571428571428571,0.21142857142857144,0.04
steamer,bat,663853,Romy Gonzalez,33.0,0.3151515151515152,0.06969696969696969,0.21515151515151515,0.030303030303030304
steamer,bat,578428,Jose Iglesias,32.0,0.165625,0.056249999999999994,0.2375,0.0125
steamer,bat,665877,Jose Fermin,32.0,0.140625,0.11875000000000001,0.21875,0.021875
steamer,bat,671083,Buddy Kennedy,32.0,0.228125,0.121875,0.196875,0.015625
steamer,bat,676439,Hunter Feduccia,32.0,0.26875,0.1,0.184375,0.025
steamer,bat,686780,Pedro Pages,32.0,0.253125,0.09687499999999999,0.196875,0.021875
steamer,bat,694388,Joey Loperfido,32.0,0.2875,0.090625,0.203125,0.028125
steamer,bat,642201,Eli White,31.0,0.31935483870967746,0.10322580645161289,0.18064516129032257,0.025806451612903226
steamer,bat,644433,Chadwick Tromp,31.0,0.25483870967741934,0.08387096774193549,0.1903225806451613,0.02903225806451613
steamer,bat,664702,Myles Straw,31.0,0.18064516129032257,0.0967741935483871,0.22258064516129034,0.0064516129032258064
steamer,bat,676896,Chris Roller,31.0,0.3064516129032258,0.12258064516129032,0.1774193548387097,0.02258064516129032
steamer,bat,661531,Brian Serven,30.0,0.2866666666666667,0.07666666666666666,0.17333333333333334,0.02666666666666667
steamer,bat,668832,Kyle McCann,30.0,0.3733333333333333,0.08666666666666666,0.16666666666666666,0.02666666666666667
steamer,bat,621512,Tomas Nido,29.0,0.2517241379310345,0.05862068965517241,0.20689655172413793,0.017241379310344827
steamer,bat,664901,Danny Mendick,29.0,0.19655172413793104,0.08620689655172414,0.22068965517241382,0.020689655172413793
steamer,bat,668845,Aaron Schunk,28.0,0.2571428571428572,0.060714285714285714,0.22142857142857145,0.02142857142857143
steamer,bat,663897,Luke Williams,26.0,0.2692307692307692,0.08846153846153847,0.19615384615384615,0.019230769230769232
steamer,bat,665966,Carlos Narvaez,26.0,0.29230769230769227,0.11923076923076922,0.16923076923076924,0.023076923076923075
steamer,bat,681624,Andy Pages,26.0,0.27307692307692305,0.11153846153846153,0.19230769230769232,0.038461538461538464
steamer,bat,621311,David Dahl,25.0,0.244,0.076,0.22,0.024
steamer,bat,613564,Jason Vosler,25.0,0.28800000000000003,0.09200000000000001,0.188,0.032
steamer,bat,668843,Conner Capel,25.0,0.256,0.10400000000000001,0.2,0.027999999999999997
steamer,bat,675659,Greg Jones,25.0,0.348,0.07600000000000001,0.204,0.02
steamer,bat,676632,Bligh Madris,25.0,0.272,0.096,0.188,0.02
steamer,bat,676679,Luis Vazquez,25.0,0.24,0.084,0.204,0.02
steamer,bat,678877,Jhonkensy Noel,25.0,0.268,0.08,0.2,0.036000000000000004
steamer,bat,682634,Kevin Alcantara,25.0,0.276,0.068,0.2,0.024
steamer,bat,682668,Luisangel Acuna,25.0,0.228,0.08,0.21600000000000003,0.016
steamer,bat,682729,Jonatan Clase,25.0,0.32,0.1,0.18,0.024
steamer,bat,682868,Bryan Ramos,25.0,0.23600000000000002,0.084,0.2,0.032
steamer,bat,686452,Drew Millas,25.0,0.20800000000000002,0.10400000000000001,0.204,0.016
steamer,bat,700250,Ben Rice,25.0,0.23199999999999998,0.1,0.204,0.036000000000000004
steamer,bat,592325,Ben Gamel,24.0,0.26666666666666666,0.12083333333333335,0.2041666666666667,0.024999999999999998
steamer,bat,622110,Matt Duffy,24.0,0.2125,0.07916666666666668,0.22916666666666666,0.016666666666666666
steamer,bat,605119,Brian Anderson,24.0,0.2833333333333333,0.10833333333333332,0.19999999999999998,0.029166666666666664
steamer,bat,620443,Luis Torrens,24.0,0.2791666666666667,0.08333333333333333,0.2041666666666667,0.029166666666666664
steamer,bat,621458,Edwin Rios,24.0,0.35000000000000003,0.09583333333333333,0.1875,0.0375
steamer,bat,641432,Willie Calhoun,24.0,0.15833333333333333,0.09166666666666667,0.22916666666666666,0.0375
steamer,bat,642215,Weston Wilson,24.0,0.30416666666666664,0.10833333333333334,0.19166666666666665,0.0375
steamer,bat,656537,Derek Hill,24.0,0.25416666666666665,0.07916666666666666,0.225,0.024999999999999998
steamer,bat,663905,Travis Blankenhorn,24.0,0.2625,0.09999999999999999,0.2041666666666667,0.03333333333333333
steamer,bat,665155,Nick Maton,24.0,0.25833333333333336,0.12916666666666665,0.19166666666666665,0.024999999999999998
steamer,bat,669369,Bryce Johnson,24.0,0.3,0.09583333333333333,0.19583333333333333,0.016666666666666666
steamer,bat,670276,Cal Stevenson,24.0,0.25833333333333336,0.14583333333333334,0.18333333333333335,0.020833333333333332
steamer,bat,677941,Jordyn Adams,24.0,0.31666666666666665,0.075,0.19166666666666665,0.020833333333333332
steamer,bat,501303,Ehire Adrianza,24.0,0.21666666666666667,0.09583333333333333,0.19999999999999998,0.016666666666666666
steamer,bat,542364,Rafael Ortega,23.0,0.23043478260869565,0.12173913043478261,0.19999999999999998,0.02608695652173913
steamer,bat,542963,Rob Brantly,23.0,0.19999999999999998,0.09130434782608696,0.20869565217391303,0.013043478260869565
steamer,bat,621028,Kevin Newman,23.0,0.1391304347826087,0.06956521739130435,0.2391304347826087,0.013043478260869565
steamer,bat,805779,Jacob Wilson,23.0,0.19130434782608696,0.05652173913043478,0.1956521739130435,0.013043478260869565
steamer,bat,694175,Pedro Leon,20.0,0.35,0.10500000000000001,0.175,0.025
steamer,bat,663550,Trey Cabbage,17.0,0.3764705882352941,0.08235294117647059,0.19999999999999998,0.041176470588235294
steamer,bat,641779,Charles Leblanc,16.0,0.3125,0.10625000000000001,0.2,0.025
steamer,bat,681393,Connor Norby,16.0,0.21875,0.0875,0.225,0.025
steamer,bat,686482,Logan Driscoll,16.0,0.29375,0.075,0.19375,0.01875
steamer,bat,694359,Niko Kavadas,16.0,0.38125,0.14375000000000002,0.1625,0.03125
steamer,bat,592200,Curt Casali,13.0,0.29230769230769227,0.11538461538461539,0.1769230769230769,0.023076923076923075
steamer,bat,656484,Tristan Gray,13.0,0.3230769230769231,0.06923076923076923,0.1846153846153846,0.038461538461538464
steamer,bat,657061,Cole Tucker,13.0,0.2846153846153846,0.1,0.1769230769230769,0.015384615384615385
steamer,bat,623520,David Bote,12.0,0.26666666666666666,0.09999999999999999,0.19999999999999998,0.024999999999999998
steamer,bat,663662,Daz Cameron,12.0,0.26666666666666666,0.08333333333333333,0.19166666666666665,0.024999999999999998
steamer,pit,675911,Spencer Strider,752.143,0.341824626434069,0.09282702890274853,0.1842030039500467,0.02800983323649891
steamer,pit,554430,Zack Wheeler,812.185,0.2462567025985459,0.06990993431299519,0.2202970997986912,0.02960421578827484
steamer,pit,592332,Kevin Gausman,797.433,0.2779493700411194,0.07114892411023872,0.20962011855541468,0.030838703690466783
steamer,pit,605400,Aaron Nola,807.895,0.2500374429845463,0.06335006405535373,0.22555901447589108,0.03450770211475501
steamer,pit,657277,Logan Webb,842.934,0.21478905821808114,0.06234889089774526,0.2402275860269013,0.02091705874955809
steamer,pit,664285,Framber Valdez,810.855,0.244009101503968,0.08943695235276343,0.22136016920411172,0.020681009551646104
steamer,pit,641154,Pablo López,801.268,0.2678666813101235,0.07751414008796058,0.2143115661676243,0.02795244537408208
steamer,pit,669373,Tarik Skubal,702.441,0.2812876811006191,0.07512104219429105,0.21100277461025196,0.027835932128107557
steamer,pit,669203,Corbin Burnes,827.766,0.26359260950558494,0.08674504630535683,0.2120695945472513,0.029722047051944634
steamer,pit,607192,Tyler Glasnow,631.934,0.3036567109856409,0.08192406168998662,0.2031240604240316,0.029689492890080296
steamer,pit,668678,Zac Gallen,824.139,0.24593909522544133,0.07562098141211616,0.22499359938068697,0.029060389084850976
steamer,pit,543037,Gerrit Cole,830.084,0.2710075124927116,0.07200102640214726,0.2135759754434491,0.0352273986729054
steamer,pit,608331,Max Fried,772.623,0.22840764512575992,0.06912090372665582,0.23385014424887687,0.026066658642054406
steamer,pit,669923,George Kirby,786.053,0.23382901661847227,0.051734043378754355,0.2306193093849906,0.03193868606824222
steamer,pit,621107,Zach Eflin,758.623,0.23431137732444177,0.05474998780685531,0.2321851565270233,0.030662792981494102
steamer,pit,622491,Luis Castillo,814.55,0.25205328095267326,0.08176600577005708,0.21422134921122093,0.029752992449818917
steamer,pit,808967,Yoshinobu Yamamoto,768.331,0.2598775788039269,0.07401705775245304,0.22194080415862433,0.03575880707663754
steamer,pit,657006,Justin Steele,755.886,0.23016698285191153,0.08287797366269517,0.2258978205708268,0.026648859748692265
steamer,pit,666200,Jesús Luzardo,761.488,0.2701697203370243,0.09215890467085495,0.20978531506734183,0.030387215556909628
steamer,pit,673540,Kodai Senga,793.106,0.2709726064359619,0.10756695826282993,0.2014812647994089,0.028209848368313944
steamer,pit,605483,Blake Snell,749.18,0.29516938519447933,0.11584398942844179,0.19190982140473586,0.02750113457380069
steamer,pit,642547,Freddy Peralta,688.977,0.2866351126380126,0.0946439431214685,0.19907921454562344,0.032346653081307505
steamer,pit,656756,Jordan Montgomery,804.729,0.21559183277848815,0.0727719517999227,0.23307100899806021,0.030177985383899424
steamer,pit,543243,Sonny Gray,763.625,0.2254457357996399,0.0881060730070388,0.2230898674087412,0.026525716156490426
steamer,pit,607074,Carlos Rodón,682.504,0.284549248063015,0.08604096093209711,0.20219954754843927,0.03461635389682698
steamer,pit,669456,Shane Bieber,813.024,0.22379536151454324,0.07097994647144487,0.23251343133782026,0.030717666391152046
steamer,pit,593958,Eduardo Rodriguez,754.055,0.22396642154749988,0.08424093733215747,0.22835336944917814,0.028448985816684463
steamer,pit,519242,Chris Sale,586.43,0.27719420902750547,0.0825878621489351,0.21160581825622837,0.032574390805381714
steamer,pit,605397,Joe Musgrove,742.8,0.23583871836295103,0.07724798061389339,0.22351507808292945,0.03162762520193861
steamer,pit,669302,Logan Gilbert,775.284,0.23913946373200015,0.06500508200865748,0.22552638774952147,0.03492036466636742
steamer,pit,656605,Mitch Keller,813.745,0.21783851206459023,0.09492494577539647,0.22748895538528655,0.02831747046064799
steamer,pit,680570,Grayson Rodriguez,692.144,0.2615293927275249,0.09096300769782012,0.2080145172102915,0.02918019949605862
steamer,pit,668881,Hunter Greene,673.661,0.2898772528022255,0.10576001876314647,0.20286167671870572,0.03861883053939593
steamer,pit,656302,Dylan Cease,767.602,0.26180755130914196,0.10917910583870287,0.20440540801092233,0.03373831751350309
steamer,pit,506433,Yu Darvish,733.607,0.24162801063784833,0.07626413052220059,0.22299950791091142,0.03637328978594807
steamer,pit,684007,Shota Imanaga,616.628,0.24331201307757672,0.07289597618012805,0.22465570814169966,0.032984879051875686
steamer,pit,666142,Cole Ragans,758.65,0.24477954260858104,0.10767389441771569,0.21123706584063798,0.02748447900876557
steamer,pit,657746,Joe Ryan,746.804,0.2636113357721705,0.07447897975908002,0.2161437271359018,0.03817628186244316
steamer,pit,666129,Braxton Garrett,696.869,0.2189981187281971,0.07865108076266844,0.2335029969764762,0.02799349662562117
steamer,pit,434378,Justin Verlander,746.944,0.224371572701568,0.07142101683660354,0.2292179868905835,0.037418869419929744
steamer,pit,672282,Reid Detmers,755.521,0.2512584031416731,0.10390498741927756,0.2124705997583125,0.03469116013982405
steamer,pit,680694,Kyle Bradish,765.075,0.2321432539293533,0.0846059536646734,0.2235440969839558,0.029350847956082737
steamer,pit,676272,Bobby Miller,637.525,0.23468099290223915,0.08266091525822516,0.22553311634837847,0.031244108074193172
steamer,pit,678394,Brayan Bello,730.501,0.2005212860762682,0.0874989904189043,0.24143156545986935,0.025829396537444854
steamer,pit,686613,Hunter Brown,638.381,0.25032699908048645,0.09784000463672948,0.21592591258198474,0.025681372095974035
steamer,pit,518876,Merrill Kelly,794.169,0.2217185510892518,0.08984208650803545,0.22777393728538886,0.029991979037207447
steamer,pit,605135,Chris Bassitt,825.482,0.20832677151046297,0.08471692901844013,0.2296524939368757,0.03314693718336681
steamer,pit,666157,Nick Lodolo,507.699,0.27996903677178797,0.10067658199051012,0.20869255208302556,0.03160179555208893
steamer,pit,624133,Ranger Suárez,664.967,0.20306270837500207,0.09536097280015399,0.22983396168531672,0.02727518809204066
steamer,pit,543135,Nathan Eovaldi,741.249,0.21385256506248237,0.07564785922139523,0.2359342137392428,0.03386878093596079
steamer,pit,621244,José Berríos,761.338,0.2205708896705537,0.07749908713344139,0.22897976982627952,0.0346216792016161
steamer,pit,572020,James Paxton,599.927,0.24418137540067375,0.0910130732572463,0.2176281447576122,0.032978679072620504
steamer,pit,458681,Lance Lynn,752.097,0.21415056834424284,0.08444110267691536,0.2289385544683731,0.03530807861220029
steamer,pit,663776,Patrick Sandoval,713.765,0.21408026451282985,0.10909094730058214,0.22295433370927406,0.02857411052657387
steamer,pit,669022,MacKenzie Gore,651.864,0.24486702747812428,0.1071089981959427,0.2124538247241756,0.032798866021133244
steamer,pit,579328,Yusei Kikuchi,654.369,0.24695240758654521,0.09554013102698936,0.21466022993143014,0.0344137634881848
steamer,pit,671096,Andrew Abbott,574.262,0.25597897823641474,0.10120119388014531,0.21585965987650238,0.039077981827110274
steamer,pit,450203,Charlie Morton,715.665,0.24877840889242875,0.11034799801583144,0.2144508953211349,0.02934962587244032
steamer,pit,656288,Griffin Canning,611.158,0.24141874932505175,0.08729821093726989,0.2234463101194781,0.03602930829670887
steamer,pit,573186,Marcus Stroman,717.063,0.1980634895399707,0.08270291452773326,0.23521643147115384,0.027958073418932507
steamer,pit,593423,Frankie Montas,638.976,0.22576747796474358,0.08711313100961537,0.23160337790464744,0.03703988882211538
steamer,pit,592351,Jon Gray,711.014,0.22523044553271807,0.09072999969058275,0.22766780963525332,0.034231956051498286
steamer,pit,663903,Brady Singer,732.436,0.19026645331469233,0.08238003047365229,0.24481319869585874,0.02833489888536336
steamer,pit,607625,Seth Lugo,669.511,0.20202207282628665,0.08167304196645014,0.2397077867279253,0.030717792538136043
steamer,pit,628317,Kenta Maeda,600.688,0.23997815837839276,0.07616582984844046,0.22440268492129026,0.03390595450550036
steamer,pit,502043,Kyle Gibson,771.753,0.18263745006498192,0.08487002965974864,0.24168483957950274,0.03024840849339102
steamer,pit,601713,Nick Pivetta,700.742,0.2558045614505767,0.09937252226925175,0.21774347762800003,0.03486647011310868
steamer,pit,641927,Bailey Ober,657.264,0.22977829304510822,0.06701005988461257,0.23118868521629055,0.038280660434772025
steamer,pit,640455,Sean Manaea,624.482,0.24379405651403885,0.08658087823187859,0.2185683494480225,0.03417808679833846
steamer,pit,650633,Michael King,583.696,0.23991941010388967,0.09904676406896741,0.21377395082371645,0.029103677256654147
steamer,pit,571945,Miles Mikolas,783.169,0.167560258386121,0.06160803096138892,0.2540345698054954,0.03635805298728627
steamer,pit,668933,Graham Ashcraft,707.086,0.17702089986225153,0.09327196408923384,0.24817631801506465,0.03322650992948524
steamer,pit,650911,Cristopher Sánchez,597.663,0.19841281792582108,0.09383398336520749,0.23217264578868024,0.027218348801916797
steamer,pit,650644,Aaron Civale,627.484,0.22559459683434155,0.07622202319102957,0.22917237730364437,0.03384532513976452
steamer,pit,669358,Shane Baz,477.176,0.2636867738528342,0.08368589367445135,0.21185055409324863,0.030791783325230103
steamer,pit,676440,Tanner Bibee,692.988,0.2294296582336202,0.08326594399903028,0.223000975485867,0.035845786651428305
steamer,pit,665795,Edward Cabrera,605.045,0.25227379781669135,0.12744886743961192,0.20386252262228433,0.02667768513085804
steamer,pit,669432,Trevor Rogers,557.207,0.2351801036239674,0.09451299068389306,0.22106685666188688,0.03005382200869695
steamer,pit,681857,Reese Olson,629.293,0.22076520793970375,0.09557694110692475,0.22449796835496344,0.02996664510808161
steamer,pit,663978,Chris Paddack,604.248,0.20681739947835986,0.0670727913042327,0.24148693913757263,0.0354438905879705
steamer,pit,477132,Clayton Kershaw,381.494,0.23880401788756833,0.07367402894934127,0.2241086360467006,0.029143577618520867
steamer,pit,621111,Walker Buehler,557.926,0.22034284116531583,0.07899112068625588,0.23315816075967064,0.03568716998311604
steamer,pit,656557,Tanner Houck,587.401,0.2155699428499441,0.09668897397178419,0.23207995900585804,0.0265128932364773
steamer,pit,592791,Jameson Taillon,701.218,0.2002187622108959,0.07216400605803046,0.24121314626835022,0.038402037597437606
steamer,pit,571927,Steven Matz,485.112,0.22444713798050758,0.0796900509573047,0.22626939758241396,0.03104520193274955
steamer,pit,641482,Nestor Cortes,580.136,0.24572341657818167,0.08122319594026228,0.2168060592688611,0.03995580346677331
steamer,pit,641540,Dane Dunning,718.719,0.19270535494400454,0.09504896906857893,0.2380624416496572,0.03126534848807392
steamer,pit,571760,Andrew Heaney,631.364,0.24574571879296253,0.09539457428678227,0.21766682927756412,0.03723398863413181
steamer,pit,676710,Kutter Crawford,636.038,0.22225087180325706,0.08348510623579095,0.232286435716105,0.03818671211468497
steamer,pit,453286,Max Scherzer,392.632,0.26740561136127466,0.0740861671998207,0.21607153772489252,0.039249220644267405
steamer,pit,671737,Taj Bradley,629.888,0.24643269914651492,0.08698292394838447,0.2164226021133916,0.034573924253200564
steamer,pit,500779,José Quintana,727.982,0.1942355717586424,0.08849394627889151,0.23332857131082912,0.030259264652147993
steamer,pit,622663,Luis Severino,616.649,0.22318855621269149,0.08728693308511001,0.22650162410058233,0.03506857223477213
steamer,pit,592836,Taijuan Walker,761.806,0.17849426231875307,0.09384607104695945,0.2392853298608832,0.03596873744759164
steamer,pit,694297,Brandon Pfaadt,600.393,0.21540557601437724,0.07472305639805926,0.2335620168789443,0.03731972224859384
steamer,pit,608379,Michael Wacha,673.311,0.19286778323835493,0.07934208708902721,0.24282983643516887,0.036063126846286486
steamer,pit,676664,JP Sears,721.882,0.21513765407642801,0.08760199035299399,0.22475141366594542,0.03700978830335152
steamer,pit,663474,Triston McKenzie,638.933,0.23719857950677145,0.0917349706463745,0.2184595254901531,0.03944967625713494
steamer,pit,502171,Alex Cobb,377.666,0.21267495617821036,0.07398998056483772,0.23802036720276648,0.02225919198445187
steamer,pit,690986,Kyle Harrison,607.902,0.25548854914114444,0.11898792897539405,0.2038667416787574,0.03071893166990732
steamer,pit,656427,Jack Flaherty,679.402,0.21875855531776472,0.10438694616736482,0.2237335185942932,0.03050668087524028
steamer,pit,663855,Jordan Hicks,504.688,0.2582981961132423,0.12415650857559524,0.2034028944615287,0.01972943680055797
steamer,pit,543294,Kyle Hendricks,687.604,0.16154501719012684,0.06862103769029848,0.2549316176171168,0.03662384162977528
steamer,pit,664299,Cristian Javier,698.453,0.24733375044562772,0.10087894246284287,0.2133930271614554,0.04147050696324592
steamer,pit,681217,Chase Silseth,518.866,0.22120932957642245,0.10712843007635883,0.22329850096171266,0.03094691114854317
steamer,pit,693433,Bryan Woo,527.229,0.2487571814145276,0.0921286575662568,0.21117199547065885,0.03384961752862608
steamer,pit,657376,Clarke Schmidt,593.929,0.20258145333869876,0.08962401229776623,0.2314502238483051,0.03480163453880851
steamer,pit,668909,Gavin Williams,614.237,0.24158101840169188,0.10278394170328391,0.2121493820789044,0.03371630168811062
steamer,pit,676974,Max Meyer,473.122,0.20735412853344382,0.09507420918917318,0.23136104429724258,0.029297728704224278
steamer,pit,676775,Keaton Winn,596.869,0.20086149557105495,0.08461756264775018,0.23476173163625522,0.026892333158532275
steamer,pit,605182,Mike Clevinger,623.243,0.20008407635545042,0.0869758665560624,0.2342505250760939,0.039219213051731025
steamer,pit,489119,Wade Miley,637.449,0.16928413096577138,0.08595307232421731,0.24441327855248027,0.03252479806227636
steamer,pit,621112,Paul Blackburn,634.769,0.18677660692314843,0.08594906178468073,0.23803147286650733,0.030441310145895593
steamer,pit,607067,Colin Rea,540.145,0.2036916013292727,0.07809143841005657,0.23621620120523193,0.03731479510131539
steamer,pit,571578,Patrick Corbin,723.072,0.1656930430164631,0.0816810774030802,0.2523801225880687,0.036876687245530185
steamer,pit,661395,Jhoan Duran,268.949,0.33866160498830633,0.10341068380994164,0.18112318692391494,0.01657812447713135
steamer,pit,647336,Michael Soroka,570.461,0.20026434760658485,0.09143902913608468,0.23154080647055628,0.03386226227559815
steamer,pit,676879,Aaron Ashby,347.883,0.2668236159858344,0.11472564051707039,0.20188051730035675,0.02273318903194465
steamer,pit,682243,Bryce Miller,609.217,0.21349863841619654,0.07399891992508417,0.2312230289043149,0.0381284501253248
steamer,pit,621242,Edwin Díaz,259.74,0.3672522522522523,0.10111419111419111,0.16909139909139909,0.023627050127050127
steamer,pit,596001,Jakob Junis,485.616,0.20493002701723173,0.0809901238838918,0.23824173832822643,0.03534006293038121
steamer,pit,665152,Dean Kremer,755.985,0.20119843647691424,0.08378406978974451,0.23426258457509075,0.036404690569257325
steamer,pit,527048,Martín Pérez,674.197,0.15833502670584412,0.09636486071578486,0.24782815705201894,0.028760288165031882
steamer,pit,547179,Michael Lorenzen,706.059,0.18171144337796136,0.09217105086118865,0.2407419210009362,0.033411797031126296
steamer,pit,548389,Ross Stripling,618.09,0.184298403145173,0.06401592001164878,0.2501075895096183,0.03509456551634875
steamer,pit,607259,Nick Martinez,521.359,0.20716627122577722,0.09895906659326872,0.23511246569062774,0.03430304262513929
steamer,pit,663372,Ryan Feltner,536.512,0.1941391804843135,0.10593891655731841,0.24380256173207684,0.0383931766670643
steamer,pit,695243,Mason Miller,276.986,0.33859653556497443,0.10347093354898804,0.17658834742550167,0.024359028976193745
steamer,pit,593334,Domingo Germán,461.836,0.21222187096718317,0.08489593708589196,0.23177491577096632,0.03640448124442443
steamer,pit,656849,David Peterson,396.097,0.24990217042795074,0.10415983963524088,0.20954311696377403,0.024795567752343494
steamer,pit,693821,Bryce Elder,610.788,0.17602670648408286,0.09332698088371087,0.24635389038422495,0.029027911484835984
steamer,pit,696136,Jordan Wicks,535.581,0.1939631913753475,0.08882932740332461,0.23428762409420797,0.032590588538428354
steamer,pit,607644,John Means,574.046,0.18866083902683756,0.06614591861976217,0.23865857439996097,0.04018893956233472
steamer,pit,621237,José Alvarado,308.977,0.3141479786521327,0.12652203885726124,0.179926984856478,0.02073005434061435
steamer,pit,681190,Randy Vásquez,553.13,0.1913908122864426,0.10724187803952055,0.227635456402654,0.031629815775676605
steamer,pit,664126,Pete Fairbanks,270.381,0.3317041508094134,0.10488606817786754,0.17931400505213016,0.022402942514451834
steamer,pit,680686,Josiah Gray,785.693,0.2054339290282591,0.11272189010211367,0.22664323088025476,0.04107291270254412
steamer,pit,471911,Carlos Carrasco,557.328,0.1822786581689777,0.08931903654580427,0.24327684953923007,0.034430891683174
steamer,pit,542881,Tyler Anderson,729.265,0.17891438640274798,0.09146304841175705,0.23975098215326393,0.03965609209272349
steamer,pit,663623,Jake Irvin,543.886,0.18459015308355062,0.10174007052948596,0.23674446483270392,0.03590403135951284
steamer,pit,596295,Austin Gomber,676.176,0.15582629374600696,0.08336202408840301,0.267491008258205,0.04176338704715932
steamer,pit,607536,Kyle Freeland,759.875,0.14699786149037672,0.07759697318637934,0.2739911169600263,0.041682645171903274
steamer,pit,682990,Quinn Priester,447.449,0.18267824936473206,0.10538586520474959,0.2356469675873675,0.026065093451991178
steamer,pit,547973,Aroldis Chapman,259.197,0.3545033314428794,0.14204639714194225,0.1605203763932453,0.020464897356065076
steamer,pit,663554,Casey Mize,470.734,0.18627398913186644,0.08164611011739113,0.2439466875135427,0.03325444943428773
steamer,pit,622072,Alex Wood,560.942,0.18255363299592473,0.09776411821543048,0.2387091713581796,0.03211401535274591
steamer,pit,664854,Ryan Helsley,268.706,0.31702492687174827,0.11105297239361979,0.18145780146330934,0.02537263775278557
steamer,pit,694813,Gavin Stone,398.614,0.2190066078963609,0.09560928617660193,0.22690698269503834,0.033618237191869835
steamer,pit,676477,Garrett Whitlock,357.767,0.24321387942431807,0.06579952874356775,0.2312913152973863,0.031197958447816598
steamer,pit,663738,Daniel Lynch IV,432.968,0.1823012324236433,0.08857467526468468,0.24258374752868572,0.03344958518874374
steamer,pit,662253,Andrés Muñoz,262.834,0.3221116750496511,0.1031848999748891,0.18240448343821578,0.021022128035185706
steamer,pit,666159,Matt Manning,542.585,0.1719220030041376,0.08803099975119105,0.24406129915128505,0.034350009675903306
steamer,pit,656945,Tanner Scott,275.229,0.3136202943730494,0.12049820331433098,0.18397189249679358,0.01958369212546643
steamer,pit,642207,Devin Williams,275.344,0.32522117787204374,0.12051978615840547,0.17619813760241734,0.02255843599279447
steamer,pit,523260,Joe Kelly,259.089,0.3053580043923131,0.11369336405636672,0.190437648838816,0.02087228712913323
steamer,pit,688107,Robert Gasser,505.303,0.20935755378456095,0.0944864764309731,0.22470873911296788,0.03832195732065711
steamer,pit,656730,Trevor Megill,261.954,0.3050111851699153,0.10452025928216405,0.19060254853905648,0.02776441665330554
steamer,pit,669084,DL Hall,257.796,0.3093752424397586,0.10957384908997814,0.18481124610156868,0.024557751090009156
steamer,pit,605288,Adrian Houser,617.428,0.1699890513549758,0.09242308414908297,0.2431392810173818,0.030001230912754195
steamer,pit,671212,Joe Boyle,599.46,0.24303706669335734,0.15438244419977978,0.1933023054082007,0.026314182764488037
steamer,pit,663559,Bailey Falter,505.963,0.18152157371191172,0.07461158226984978,0.24421153325440792,0.03782569081138344
steamer,pit,670280,David Bednar,285.714,0.2740653240653241,0.09434924434924435,0.204012054012054,0.027555142555142555
steamer,pit,661403,Emmanuel Clase,270.936,0.2524980069093808,0.0745751764254289,0.21879853544748576,0.020733051347919806
steamer,pit,686752,Ryan Pepiot,587.128,0.22955812020547478,0.10327713888623945,0.2167414941886607,0.03557333324249567
steamer,pit,689672,Drew Thorpe,275.29,0.21567655926477533,0.08862072723309963,0.22504922082167894,0.03172403647063097
steamer,pit,594835,Marco Gonzales,612.155,0.1498470158701636,0.07891302039516136,0.25446333036567537,0.03515008453741291
steamer,pit,621345,A.J. Minter,265.781,0.29443564438391,0.09079580556924685,0.2008612353779992,0.028039777109725675
steamer,pit,650556,Bryan Abreu,279.167,0.31851078386772075,0.11658684586645272,0.18200002149251165,0.023893296843824664
steamer,pit,666201,Alek Manoah,513.729,0.20745568188675348,0.11086000595644785,0.22146306710347283,0.0353694262928509
steamer,pit,623352,Josh Hader,262.172,0.3398654318538974,0.11769716064263154,0.17385723875928777,0.029263231771508778
steamer,pit,615698,Cal Quantrill,721.732,0.14217881429671955,0.08686603891749292,0.2694587464599048,0.04127875721181824
steamer,pit,656876,Drew Rasmussen,247.725,0.24710303764254718,0.07240771016247856,0.22166474921788276,0.027054919769906146
steamer,pit,676979,Garrett Crochet,376.756,0.2627161876652263,0.12330288037881283,0.198670492308019,0.029875569333998667
steamer,pit,605452,Joe Ross,418.771,0.20991281631249536,0.0874157952675806,0.23111151440763567,0.03566961418054259
steamer,pit,621381,Matt Strahm,280.528,0.2841170934808646,0.0863920892032168,0.20355615125762846,0.03280481805737751
steamer,pit,665622,Luis Medina,601.549,0.2016992796929261,0.13140010206982308,0.21671052565958882,0.02794934410995613
steamer,pit,519151,Ryan Pressly,274.314,0.2709562763839979,0.08114131980139547,0.21280357546461354,0.025156098485676997
steamer,pit,640462,A.J. Puk,263.378,0.2712819597688494,0.0934649059526612,0.2063505683846031,0.026763814745346996
steamer,pit,657571,Caleb Ferguson,265.04,0.2768348173860549,0.10671408089345004,0.20132093268940535,0.027018563235737997
steamer,pit,640451,Hunter Harvey,266.778,0.2636248116411398,0.08758218443799712,0.21163476748457516,0.02868137552571801
steamer,pit,669165,Kyle Hurt,301.539,0.2667784266711769,0.11939218475885377,0.20215892471620586,0.028450117563565577
steamer,pit,673513,Yuki Matsui,267.895,0.30001157169786674,0.1084678698743911,0.1901248623527875,0.026809832210380934
steamer,pit,666808,Camilo Doval,278.246,0.28429123868806744,0.11144418967388571,0.19636760276877296,0.020478281808184128
steamer,pit,592779,Brock Stewart,263.488,0.30093324933203786,0.10090820075297548,0.194195561088171,0.027177708282730143
steamer,pit,640470,Adbert Alzolay,278.124,0.2627468323481612,0.08055399749751908,0.21462980541053628,0.029898318735528038
steamer,pit,657240,Julian Merryweather,269.587,0.28712215351630455,0.10668207294862142,0.1970146928449814,0.02648332449264987
steamer,pit,605280,Clay Holmes,279.07,0.24548464542946216,0.10098505751245207,0.21079442433797974,0.0184995520837066
steamer,pit,607481,Aaron Bummer,245.347,0.27495465605856195,0.11887489963194985,0.20037090325131346,0.016836928921079124
steamer,pit,608344,Cole Irvin,500.36,0.17705791829882483,0.06778799264529538,0.24547126069230155,0.03659804940442881
steamer,pit,668941,JoJo Romero,268.682,0.2576808271488228,0.10142398820910965,0.20581430836453501,0.023264193358691686
steamer,pit,623465,Evan Phillips,277.194,0.27296658657835304,0.08998030260395246,0.20868020231318138,0.029180537818278895
steamer,pit,448179,Rich Hill,412.315,0.19065690067060378,0.09541491335508044,0.23548379273128556,0.03555582503668312
steamer,pit,455119,Chris Martin,275.689,0.2349342919013816,0.06585318964485344,0.2342654222692962,0.02707880981830976
steamer,pit,573204,Caleb Thielbar,258.657,0.28125355200129903,0.0898537445342674,0.2025133671232559,0.03078810934944734
steamer,pit,628452,Raisel Iglesias,274.657,0.2797856963412548,0.07883287154523642,0.21103449029152727,0.03081177614260696
steamer,pit,572955,Pierce Johnson,266.272,0.30280427532748466,0.10453408544646076,0.19582719925489728,0.02776108640788367
steamer,pit,700249,Cade Povich,360.39,0.20895807319847942,0.10445406365326454,0.21995837842337468,0.0323607758261883
steamer,pit,625643,Reynaldo López,281.868,0.2778438843714079,0.0935778449486994,0.2062632154057928,0.029369137326691924
steamer,pit,641712,Dakota Hudson,618.928,0.12586358994907323,0.1014090491947367,0.2728621099707882,0.032283399684615986
steamer,pit,665871,Javier Assad,454.228,0.1878358445538364,0.09832727176660179,0.23462446172406806,0.032563382266174695
steamer,pit,607200,Erick Fedde,647.709,0.16534740137932313,0.09556513804810494,0.24654590255809322,0.03986898437415568
steamer,pit,642397,Gregory Soto,296.359,0.2716198934400508,0.11984113861903975,0.19714130497133545,0.025509601530576093
steamer,pit,656546,Jeff Hoffman,309.847,0.27666719380855714,0.1120078619447663,0.19789960851646138,0.03193692370750725
steamer,pit,622250,Josh Sborz,271.647,0.2762927622981296,0.10312795650237258,0.20240790437589962,0.029711758274525393
steamer,pit,683003,Jared Jones,366.106,0.19184798938012487,0.10644212331947578,0.22998393907775344,0.03331849245846831
steamer,pit,641816,Tyler Mahle,216.633,0.24491928745851277,0.08511353302590094,0.22096679637912967,0.03604686266635277
steamer,pit,605447,Jordan Romano,277.544,0.2730341855705762,0.10072889343671634,0.20000972818724239,0.02940794973049319
steamer,pit,572971,Dallas Keuchel,424.018,0.14487403836629578,0.09667207524208878,0.25174874651547813,0.02722785353451976
steamer,pit,658648,Pedro Avila,483.909,0.1923088845216766,0.11152241433823303,0.22711501542645415,0.030519581160920753
steamer,pit,660813,Brusdar Graterol,270.499,0.21375864605784123,0.08151379487539694,0.23201749359517038,0.023975430593089066
steamer,pit,681911,Alex Vesia,253.271,0.2979725274508333,0.11033635907782574,0.19124218722238237,0.03400835468727174
steamer,pit,641793,Zack Littell,674.482,0.1874772047289624,0.07867118766698,0.24274925053596685,0.03740040505158032
steamer,pit,656529,Sam Hentges,259.197,0.25947522540770146,0.09587803871186781,0.20947387508343077,0.0222987920384881
steamer,pit,682842,Abner Uribe,256.849,0.30290949156897634,0.13683019984504516,0.1808728085373118,0.02239965894358164
steamer,pit,592094,Jason Adam,267.782,0.2836964396412007,0.10241203665668343,0.19541567394373036,0.027777147082328164
steamer,pit,445276,Kenley Jansen,271.993,0.27903916644913657,0.1066810542918384,0.20014338604302317,0.032053104307831454
steamer,pit,456501,Johnny Cueto,560.466,0.15928406005002982,0.07448801533010031,0.25509308325571933,0.04090596039724087
steamer,pit,622554,Seranthony Domínguez,298.89,0.24937769748067853,0.11121014420020743,0.20762052929171268,0.029066813878015324
steamer,pit,689147,Orion Kerkering,269.928,0.2630312527785187,0.10308600812068404,0.205027266530334,0.02882087075071871
steamer,pit,573124,Taylor Rogers,266.272,0.2731240986660257,0.10046418699675519,0.20525552818170892,0.02544766254056003
steamer,pit,527054,Julio Teheran,485.006,0.16781998573213527,0.07993406267138962,0.2492051644721921,0.03888714778786242
steamer,pit,592866,Trevor Williams,539.163,0.16898340576041013,0.0845432642818591,0.25066260110578803,0.04107218039813563
steamer,pit,656464,Kevin Ginkel,270.499,0.25590889430275154,0.10208577480877931,0.21092092761895606,0.024711514645155804
steamer,pit,675627,Michael Grove,257.441,0.24487280580793272,0.08290210184081012,0.22336807268461514,0.03638072412708155
steamer,pit,666745,Jhony Brito,376.012,0.18788841845473017,0.08621214216567556,0.2353698818122826,0.03218088784400498
steamer,pit,664350,Sixto Sánchez,186.162,0.2561623747059013,0.09198708651604517,0.21376972744169057,0.025424307860895348
steamer,pit,641835,Tim Mayza,261.163,0.23267652768577476,0.08722675110946038,0.2199679893399907,0.023608091498412868
steamer,pit,592767,Drew Smyly,289.064,0.24157591398444633,0.07971833227243794,0.22219681454625964,0.03620859048515207
steamer,pit,656629,Michael Kopech,617.22,0.22001393344350473,0.13307281034315155,0.2132562133437024,0.03950471468844172
steamer,pit,663567,Peter Lambert,536.095,0.17760695399136348,0.09706283401262836,0.25518424906033443,0.04088118710303211
steamer,pit,663362,Matt Waldron,357.997,0.1696500250002095,0.08583200417880597,0.24331879876088347,0.03854669173205362
steamer,pit,543475,Jordan Lyles,568.971,0.1620868198906447,0.0766956488116266,0.25558420376433943,0.04064934768204355
steamer,pit,672851,Joan Adon,356.71,0.19525861343948867,0.10588152841243588,0.23125171708110231,0.030332202629587062
steamer,pit,663941,Tristan Beck,544.401,0.18848422394521688,0.08539330383302017,0.23931256555370034,0.032574885057154564
steamer,pit,640448,Kyle Finnegan,280.374,0.235252912181586,0.0992438671203464,0.2177734026692917,0.02853570587857647
steamer,pit,518585,Fernando Cruz,220.713,0.2907531500183496,0.10967183627606893,0.1986620634036056,0.033690811143883684
steamer,pit,677053,Andrew Nardi,272.456,0.27213825351616405,0.11369615644360924,0.19955295533957776,0.027483336758962914
steamer,pit,670059,Colin Holderman,273.973,0.2366558018490873,0.10588087147273635,0.21480693352994637,0.023982910724779448
steamer,pit,670174,Josh Winckowski,325.782,0.20864105444745262,0.0874676931199391,0.23541570743626106,0.027401053465200654
steamer,pit,676684,Will Vest,262.935,0.24614372373400273,0.09513415863236162,0.2155871222925818,0.024234963013672582
steamer,pit,641585,J.P. France,557.66,0.20480041602410073,0.0920519671484417,0.23175590861815448,0.03572355915790984
steamer,pit,667755,José Soriano,275.269,0.2691679775056399,0.12763769258434476,0.19912885214099663,0.024954971318964358
steamer,pit,669713,Hayden Wesneski,303.858,0.21931033574893535,0.08947008141961048,0.22685761112098415,0.03378913834751759
steamer,pit,656731,Tylor Megill,386.768,0.2137177843048029,0.08892514375542962,0.2297478074711455,0.033557843461713484
steamer,pit,543518,Scott McGough,254.994,0.25106865259574734,0.1028369294963803,0.2120100865118395,0.025961395170082432
steamer,pit,682227,Brandon Williamson,425.08,0.19292933094946835,0.10415545309118283,0.2366683918321257,0.042463771525359933
steamer,pit,642100,Gabe Speier,258.441,0.2561331212926742,0.0840470358805298,0.21310357102781682,0.026069122159409694
steamer,pit,676282,Joey Cantillo,322.585,0.2193152192445402,0.11636715904335292,0.2133087403320055,0.03300153447928453
steamer,pit,669194,Ryne Nelson,515.328,0.16792683494783905,0.08562973484848485,0.24653036512667661,0.03796164772727273
steamer,pit,674370,Osvaldo Bido,472.001,0.18924832786371218,0.11566204308889177,0.22169020828345704,0.03396857210048284
steamer,pit,696131,Mason Black,268.205,0.23248224306034565,0.0940090602337764,0.2197941872821163,0.028547603512238773
steamer,pit,518886,Craig Kimbrel,277.895,0.2927015599417046,0.10980406268554671,0.1914104248007341,0.03018884830601486
steamer,pit,630023,Yonny Chirinos,395.118,0.14976310874219853,0.0888818023982709,0.2536837096766029,0.035268198360995956
steamer,pit,643377,Griffin Jax,269.928,0.2479890933878664,0.08812016537743397,0.21803777303577251,0.028293952461397116
steamer,pit,606303,Joel Payamps,270.499,0.23072063112987476,0.08578700845474474,0.22072576978103428,0.031099708316851448
steamer,pit,554340,Yimi García,262.829,0.25104649791309175,0.08400975539228928,0.21270065327646492,0.03182677710602711
steamer,pit,641656,Ian Hamilton,264.167,0.2617030136239576,0.11390521904704222,0.19930801349146562,0.024408802007820814
steamer,pit,518489,Ryan Brasier,253.271,0.23883231795191712,0.08679517196994524,0.22016180296994128,0.03011268562133051
steamer,pit,666619,Gregory Santos,268.886,0.23592786534070198,0.10547890183944125,0.21470214142796576,0.025746970835223846
steamer,pit,656222,Jalen Beeks,250.54,0.23121377823900377,0.09926279236848409,0.23060110162049974,0.029529097150155666
steamer,pit,669622,Anthony Bender,247.652,0.24928851775879057,0.10243769482984189,0.2132451989081453,0.025709907450777707
steamer,pit,668868,Zack Thompson,317.732,0.21629329120138982,0.11516340815530067,0.21644719449095462,0.02802062744703083
steamer,pit,643410,Mark Leiter Jr.,267.289,0.25062011530590483,0.09518985068596163,0.21431072734007012,0.0283887477599153
steamer,pit,664747,Alexis Díaz,295.395,0.2727514006669037,0.13098799911982265,0.19736014489073953,0.03302093806597945
steamer,pit,669461,Matthew Liberatore,218.44,0.21070408350119027,0.09894753708112067,0.22259796740523713,0.029145852407983886
steamer,pit,502085,David Robertson,267.587,0.25353735420629553,0.11125390994330817,0.2059390030158416,0.028705094044180025
steamer,pit,663465,Kolby Allard,235.377,0.19463286557310186,0.09336128848613076,0.23484410116536447,0.03794533875442375
steamer,pit,684320,Yariel Rodriguez,399.386,0.23622059861887995,0.11239853174623046,0.2120347233002659,0.03227829718618079
steamer,pit,595345,Steven Okert,256.191,0.2735353700949682,0.10996717292957209,0.19929154419944498,0.032371668013318186
steamer,pit,676962,Ben Brown,198.369,0.2518518518518519,0.10816306983450034,0.2077733920118567,0.029203202113233417
steamer,pit,671131,Jackson Rutledge,433.979,0.16013148101636257,0.10705541051525536,0.2419425824751889,0.03824286428605992
steamer,pit,664076,Garrett Cleavinger,253.807,0.3023541509887434,0.11652082093874479,0.18842860914001586,0.026476811120260672
steamer,pit,671345,Jason Foley,267.857,0.20598826986041058,0.08416207155310482,0.23478273855079387,0.022004278402281814
steamer,pit,674072,Tommy Henry,361.045,0.1812555221648271,0.10015205860765278,0.2368164633217466,0.03306097577864255
steamer,pit,668674,Lucas Erceg,282.534,0.2743613158062393,0.12690720408871142,0.1916197696560414,0.02315236396327522
steamer,pit,594580,Sam Moll,263.499,0.24589277378661778,0.12240691615527952,0.20982698226558733,0.02883460658294718
steamer,pit,593576,Hector Neris,299.914,0.25161913081750104,0.10558893549484186,0.20812499583213856,0.03158682155551258
steamer,pit,690829,Ben Joyce,240.757,0.2871247772650432,0.13372778361584503,0.1895375835385887,0.028170395876340043
steamer,pit,606149,Giovanny Gallegos,287.283,0.2470494251313165,0.08249704994726453,0.21611163904581893,0.0348475196931249
steamer,pit,676254,Ryan Walker,253.7,0.25604296413086325,0.10027828143476547,0.2090752857705952,0.025174103271580605
steamer,pit,660761,José Suarez,270.863,0.21966381528669476,0.09624644192820725,0.2256358380435866,0.03546634276368496
steamer,pit,669111,John McMillon,275.109,0.2669301985758372,0.13838405868219508,0.194039453452995,0.02585157155890938
steamer,pit,623149,Paul Sewald,279.543,0.26954672447530437,0.10082384463213173,0.20423655752424494,0.03182097208658417
steamer,pit,605488,Jeffrey Springs,115.139,0.2721388929902118,0.07776253050660506,0.20994537037841218,0.031466662034584286
steamer,pit,642232,Ryan Yarbrough,355.09,0.1840305274719085,0.06882959249767664,0.2465448196231941,0.04091019178236504
steamer,pit,672710,Roansy Contreras,313.166,0.21784165586302473,0.0953666745432135,0.22510777031989423,0.03270661566070391
steamer,pit,542888,Shawn Armstrong,258.765,0.24813672637335038,0.0836565996174135,0.21602380538326282,0.030162927752980503
steamer,pit,666974,Yennier Cano,270.613,0.22403025723080564,0.09368914279801782,0.2212643147225004,0.022704009046128605
steamer,pit,681432,Luke Little,223.56,0.2827988012166756,0.13916174628735015,0.18562623009482915,0.022200348899624262
steamer,pit,668676,Zach Plesac,383.316,0.16220742155297457,0.07856755261977064,0.25390095899988524,0.04057357376159618
steamer,pit,657053,Touki Toussaint,418.654,0.21667343438734613,0.13843555776369032,0.21275874588562393,0.029763002383830083
steamer,pit,664875,Justin Lawrence,288.714,0.22822689582077768,0.11971674390573371,0.22500606136176285,0.02745737996771892
steamer,pit,641729,Joe Jiménez,260.943,0.28526957994657837,0.09329891968744132,0.20557018199376875,0.03381838179219217
steamer,pit,596133,Luke Weaver,269.793,0.22235121000174207,0.07362274039726754,0.23040367985826168,0.03871004807389369
steamer,pit,701542,Will Warren,209.674,0.20444785714967045,0.09273777387754324,0.2289578106966052,0.02908596201722674
steamer,pit,670167,John Schreiber,275.624,0.23199830203465588,0.10283719850230748,0.22141214117783645,0.02698683714045221
steamer,pit,664192,Joey Lucchesi,219.605,0.19347419229981105,0.08775118963593727,0.2329300334691833,0.030813733749231575
steamer,pit,642528,Jonathan Loáisiga,271.993,0.20692517822149836,0.086135304952701,0.2279624843286408,0.026118319221450553
steamer,pit,676395,Robert Garcia,250.757,0.23190578927009017,0.11690680619085408,0.21083638741889557,0.028861048744401954
steamer,pit,663158,Robert Suarez,274.609,0.25350917122162786,0.0991151054772422,0.20975532484368686,0.028982626206715732
steamer,pit,608032,Carlos Estévez,283.383,0.24994724454183914,0.10895431271459474,0.21107229438604294,0.034443385806488036
steamer,pit,592662,Robbie Ray,143.499,0.26237186321855904,0.08633230893595077,0.2147394755364149,0.03435849727175799
steamer,pit,672582,Angel Zerpa,218.846,0.19606664046864006,0.08865503596136094,0.2351397786571379,0.02770317940469554
steamer,pit,641941,Emilio Pagán,281.69,0.2551940075970038,0.09731229365614684,0.21680641840320922,0.042174021087010544
steamer,pit,656234,Jake Bird,272.288,0.1981640762721824,0.10092622517334586,0.24453372899283113,0.026919217886943236
steamer,pit,595014,Blake Treinen,247.335,0.23391796551236177,0.09472901126003194,0.22183637576566195,0.030015970242788122
steamer,pit,681892,Kody Funderburk,256.41,0.2384973284973285,0.10440934440934439,0.21311493311493307,0.02293202293202293
steamer,pit,694462,Hurston Waldrep,203.609,0.22367380616770377,0.10621829093998791,0.22439430477041777,0.029232057522015232
steamer,pit,701581,David Festa,202.234,0.19439708456540442,0.10286153663577835,0.2311213742496316,0.030947318452881317
steamer,pit,663546,Sean Hjelle,356.458,0.17375847925982865,0.09078516964130416,0.24372576853374028,0.02340438424723249
steamer,pit,669467,Andre Pallante,257.4,0.18007536907536908,0.10022727272727273,0.23686519036519038,0.017845104895104897
steamer,pit,669330,Tyler Wells,326.888,0.23671440982844277,0.07255849098162062,0.22265026553437264,0.039567374758327015
steamer,pit,666205,Kyle Muller,334.849,0.20086456880564074,0.10085710275377859,0.22550194266669457,0.02790069553739148
steamer,pit,656412,Alex Faedo,202.532,0.24164477712164004,0.07946694843284023,0.22146080619358913,0.03267962593565461
steamer,pit,552640,Andrew Kittredge,264.167,0.19162499479495929,0.0785889229161856,0.23852790091116607,0.029911230395923794
steamer,pit,657514,Brennan Bernardino,249.462,0.23126848979002815,0.10112522147661769,0.2232356030176941,0.025213379192021233
steamer,pit,628708,Yunior Marte,207.254,0.2225959450722302,0.10753616335511017,0.21845802734808498,0.028615467011493145
steamer,pit,663432,Tanner Rainey,257.511,0.25470989588794263,0.11819262089774804,0.2035633429251566,0.03404386608727394
steamer,pit,677944,Slade Cecconi,205.663,0.19604547244764492,0.07320713983555623,0.240637353340173,0.035393337644593334
steamer,pit,622075,Yency Almonte,241.275,0.2376922598694436,0.10889441508651954,0.21349538907885193,0.028135695782820432
steamer,pit,680897,Nick Nastrini,327.302,0.20227985163549259,0.11438885188602575,0.22400993577796652,0.041027247007351005
steamer,pit,656271,Brock Burke,254.345,0.23920501680787906,0.08514930507774873,0.22097387406868624,0.033576441447640014
steamer,pit,674003,Cody Bradford,350.985,0.1967454449620354,0.07048021995241961,0.23842813795461346,0.042106927646480614
steamer,pit,605177,Andrew Chafin,259.291,0.24390009680243435,0.10672024867812613,0.21173854858055235,0.026276770115430153
steamer,pit,669211,Keegan Akin,158.664,0.25242462058185855,0.08161586749357133,0.21437314072505423,0.030602783240054453
steamer,pit,592454,Tommy Kahnle,270.502,0.2541182689961627,0.10624320707425453,0.20621843831099215,0.029112538909139302
steamer,pit,606160,Rafael Montero,265.525,0.24537350531964977,0.10149967046417477,0.21337086903304775,0.028590754166274365
steamer,pit,657024,Erik Swanson,269.247,0.25772877692230556,0.0859738455767381,0.21005693656753835,0.03457212150924615
steamer,pit,687765,Mitch Spence,269.765,0.18618501288158212,0.0801241821585454,0.2361169907141401,0.02807573258206217
steamer,pit,543056,Danny Coulombe,267.743,0.23378613072984167,0.08959823412750287,0.2180923497533082,0.02996156762268295
steamer,pit,685314,Andrew Saalfrank,268.864,0.22313176922161393,0.12081498452749348,0.21542452689835756,0.019191040823613427
steamer,pit,605130,Scott Barlow,273.504,0.25285809348309346,0.10177035802035803,0.20946421258921255,0.027794035919035915
steamer,pit,571670,Dylan Floro,263.841,0.19766601854905036,0.09163283947529002,0.23410501021448524,0.02666503689722219
steamer,pit,623167,Chris Flexen,467.626,0.1652547120989851,0.08662691980343266,0.24761240820655825,0.0425019139226647
steamer,pit,571948,Hoby Milner,265.184,0.21654587003740797,0.08229983709424399,0.2291435380716785,0.030861590442862307
steamer,pit,548384,Brooks Raley,270.968,0.24274674500309998,0.10541503055711375,0.21052190664580317,0.02908830563018511
steamer,pit,641755,Tyler Kinley,279.843,0.22494184239019735,0.09888580382571656,0.23281661503057072,0.03753211622231036
steamer,pit,687798,Nick Robertson,216.561,0.23489732685017153,0.09941771602458428,0.2143751645033039,0.027893618887980753
steamer,pit,643338,Chad Green,250.941,0.2599798358976811,0.08264093950370804,0.20999717064967463,0.03644948414169068
steamer,pit,670950,Trevor Richards,239.01,0.27714698129785365,0.10793481444291034,0.19723819087067487,0.033921425881762265
steamer,pit,445926,Jesse Chavez,219.638,0.2233830211529881,0.09044609766980213,0.22394348883162296,0.029850617834800898
steamer,pit,680573,Simeon Woods Richardson,378.254,0.18031587240319996,0.1035499955056655,0.23565567052826933,0.034273530484806504
steamer,pit,694037,Daniel Palencia,206.274,0.2538191919485732,0.11903099760512717,0.20348710937878745,0.0291909305099043
steamer,pit,687396,Brent Headrick,220.409,0.22181625977160643,0.08927040184384487,0.22355529946599279,0.034948845101606556
steamer,pit,543339,Daniel Hudson,202.361,0.273222607122914,0.09265174613685444,0.20764327118367673,0.03557997835551317
steamer,pit,700363,AJ Smith-Shawver,210.436,0.23985772396358035,0.11353950844912468,0.214762683191089,0.03457108099374632
steamer,pit,592773,Ryne Stanek,241.068,0.25590248394643833,0.11387658254102577,0.20322191248942206,0.03208314666401181
steamer,pit,677960,Ryan Weathers,237.649,0.20981110797857347,0.09642792521744253,0.22803041460304904,0.03183787855198213
steamer,pit,663704,James McArthur,283.383,0.2127071842700515,0.09210114932794135,0.2295052984829718,0.02691294114325842
steamer,pit,663878,Nate Pearson,196.918,0.26542977279882995,0.11597924008978357,0.19732426695375738,0.03192531916838481
steamer,pit,656638,Alex Lange,284.713,0.2571940866767587,0.1319328587033258,0.19998489707178807,0.022525595951010315
steamer,pit,642546,Jonathan Hernández,267.544,0.22624876655802412,0.12343091229853782,0.21405750082229466,0.02583997398558742
steamer,pit,656887,Sean Reid-Foley,218.603,0.27880449948079394,0.11798465711815481,0.1941972434047108,0.027762656505171474
steamer,pit,672578,Carlos Hernández,247.863,0.24207808345739382,0.1024961369788956,0.2137418654660034,0.029172042620318483
steamer,pit,663947,Tyler Holton,260.128,0.21017306864312954,0.08425890330914011,0.22914180711034568,0.02806183878705868
steamer,pit,592426,Luke Jackson,267.357,0.2327255317796055,0.10631402955598693,0.21801187176696324,0.024117565651918596
steamer,pit,623211,Huascar Brazoban,207.075,0.24757599903416638,0.11899215260171436,0.20698828926717372,0.02477686828443801
steamer,pit,656793,Nick Nelson,237.952,0.1659595212479828,0.10960487829478215,0.23562651291016676,0.031131320602474446
steamer,pit,657044,Ryan Thompson,250.216,0.19340489816798287,0.0931319340090162,0.23637257409598106,0.02495711705086805
steamer,pit,669459,Kyle Nelson,206.629,0.23129618785359266,0.10516336041891507,0.217099245507649,0.029140778883893357
steamer,pit,678061,Ray Kerr,206.452,0.2657876891480828,0.1169957181330285,0.20369238370178055,0.02735744870478368
steamer,pit,660853,Enyel De Los Santos,280.851,0.2503861478150336,0.10502294811127609,0.2079640093857597,0.03015834018750156
steamer,pit,600917,José Leclerc,285.962,0.2544019834803226,0.11571607416370008,0.20257691581398926,0.0347225505486743
steamer,pit,605347,Jorge López,260.795,0.23082114304338655,0.09740217412143637,0.22101037213136754,0.02778212772484135
steamer,pit,666214,Joey Wentz,225.154,0.2278209580997895,0.09420618776481876,0.22063831866189362,0.032332936567860224
steamer,pit,570257,Joely Rodríguez,231.362,0.21850563186694444,0.1074100327625107,0.22073417415132995,0.023832781528513758
steamer,pit,542585,José Cisnero,220.684,0.24044652081709594,0.11560375922133004,0.2091660473799641,0.02842525964727846
steamer,pit,663542,Bryan Hudson,132.479,0.2496003140120321,0.11230761101759522,0.206174563515727,0.025583903864008634
steamer,pit,661563,Luis Gil,154.597,0.28302425014715676,0.1166704399179803,0.19262146095978575,0.03302644941363674
steamer,pit,518397,Scott Alexander,218.415,0.18027653778357716,0.08667032941876703,0.24038687819060048,0.022960877229128037
steamer,pit,543351,Jay Jackson,213.493,0.23311162426871138,0.0887115736815727,0.2204554716079684,0.034427358274041774
steamer,pit,518617,Jake Diekman,251.955,0.27055069357623385,0.14251195650016868,0.18959734873290865,0.025603341866603162
steamer,pit,641745,Brad Keller,280.939,0.1664012472458434,0.1256411534176458,0.23612705961080518,0.028009283153994282
steamer,pit,690925,Clayton Beeter,285.301,0.22979274520594042,0.11561053063256001,0.21132943803211346,0.03616741616748627
steamer,pit,681982,Grant Anderson,250.974,0.21977575366372615,0.10421199008662252,0.22121414967287448,0.031634990078653565
steamer,pit,621383,Tanner Banks,238.197,0.21839065983198783,0.08390659831987808,0.22733661633018049,0.03437675537475283
steamer,pit,667463,John King,240.757,0.16265778357430938,0.08808798913427231,0.2446097102057261,0.020675535913805207
steamer,pit,621366,Ryan Borucki,260.304,0.20549972340033196,0.1058808162763538,0.22509335238797715,0.02753192421169095
steamer,pit,573009,Joe Mantiply,230.179,0.19439088709221955,0.08066808874832194,0.23866338805885853,0.025571403125393716
steamer,pit,623437,Justin Topa,269.231,0.20645876589248638,0.08847866701828541,0.22802649026300836,0.02472597880630388
steamer,pit,613534,Austin Adams,244.115,0.2615382094504639,0.1272113553038527,0.19752247915941257,0.029057329537308236
steamer,pit,593974,Wandy Peralta,237.889,0.22251932624038942,0.11205688367263723,0.216888128496904,0.024019143381997485
steamer,pit,624647,Victor González,231.959,0.2281838600787208,0.10935380821610716,0.21345539513448497,0.024366375092149905
steamer,pit,608717,Chris Stratton,268.98,0.21277752992787566,0.09655624953528143,0.2274250873670905,0.029478437058517357
steamer,pit,622065,Alex Young,234.477,0.20449468391356082,0.09833203256609391,0.23431594570043116,0.03546616512493763
steamer,pit,600986,Thyago Vieira,148.305,0.2661461177977816,0.10122450355685918,0.20453524830585618,0.03125693671824955
steamer,pit,666720,Yerry Rodríguez,197.595,0.246940459019712,0.10894000354259976,0.21028669753789317,0.02969488094334371
steamer,pit,571510,Matthew Boyd,75.33,0.2225275454666136,0.09074605071020843,0.22559139784946236,0.03621359352183725
steamer,pit,700241,Michael McGreevy,104.981,0.1473666663491489,0.06806850763471486,0.2575675598441623,0.029470475609872267
steamer,pit,543859,Michael Tonkin,246.494,0.23772302774104034,0.09156571762395839,0.21773876848929385,0.03241908525156799
steamer,pit,656794,Sean Newcomb,261.097,0.23794260370666842,0.131954790748266,0.2006802069728875,0.025992906850710658
steamer,pit,679885,Justin Martinez,143.541,0.2728635024139444,0.14692875206387024,0.18931524790826312,0.020971917431256575
steamer,pit,607179,Jordan Weems,268.631,0.23074589306520843,0.11069385141699953,0.21551198484166015,0.03328647847791208
steamer,pit,622088,Tejay Antone,189.737,0.233737752784117,0.10735860691378066,0.2202027016343676,0.03290401977474083
steamer,pit,670046,Kenny Rosenberg,155.04,0.19942466460268318,0.10421504127966975,0.23009932920536635,0.03525754643962849
steamer,pit,519043,Matt Moore,244.845,0.24764932916743246,0.10793890012048439,0.20889991627356083,0.030289897690375545
steamer,pit,622766,Miguel Díaz,247.396,0.21534584229332732,0.10519167650244952,0.2220816019660787,0.026905568400459184
steamer,pit,605154,John Brebbia,282.051,0.24201332383150564,0.09092930002020912,0.21666648939376212,0.038298038298038295
steamer,pit,675921,Spencer Howard,135.881,0.2466783435506068,0.09289672581155571,0.21609938107608864,0.030615023439627322
steamer,pit,527038,Wilmer Flores,112.497,0.20293518938282798,0.08667431131496839,0.23260353609429585,0.027569090731308393
steamer,pit,622251,Josh Staumont,164.147,0.267774616654584,0.12308784199528472,0.1973474994974017,0.028114373092411073
steamer,pit,656458,Lucas Gilbreath,212.389,0.22955755712395648,0.12584220463394996,0.22056227017406738,0.03028405425893055
steamer,pit,669854,Ronel Blanco,256.191,0.24869218668883764,0.10225534854854387,0.2120948823338837,0.031851235991896674
steamer,pit,665625,Elvis Peguero,215.889,0.21389232429628188,0.10354117162060132,0.22276957140011763,0.026582595685745912
steamer,pit,608638,JT Chargois,268.515,0.21660167960821558,0.10330782265422789,0.22528201404018397,0.02683567026050686
steamer,pit,672335,Cionel Pérez,231.859,0.2239149655609659,0.11419095225977857,0.2134525724686124,0.02347116135237364
steamer,pit,669952,Mitch White,179.055,0.2155912987629499,0.08989528357208679,0.22416631761190695,0.03245488816285499
steamer,pit,682120,Tim Herrin,148.683,0.2525211355703073,0.10970117632816126,0.2066120538326507,0.024612363215700518
steamer,pit,678906,Kai-Wei Teng,207.882,0.24809411108224858,0.11676143196621158,0.20714828604689198,0.02491158445656671
steamer,pit,642216,Allan Winans,101.095,0.21718878282803306,0.06908848113160888,0.23605321727088382,0.028171521835896926
steamer,pit,676617,Riley O'Brien,226.087,0.21869413102035942,0.12051599605461615,0.21388668963717508,0.024609995267308605
steamer,pit,641149,Wes Parsons,102.52,0.24074619586422163,0.09879243074522044,0.21361490440889583,0.02975682793601249
steamer,pit,678606,Jose A. Ferrer,224.816,0.19568135719877588,0.10546091025549782,0.22888940288947404,0.02623972493060992
steamer,pit,664139,Ian Gibaut,269.565,0.22280526032682282,0.10672008606458554,0.22543727857845047,0.034525587520635094
steamer,pit,689225,Beau Brieske,238.298,0.21977272155032773,0.08132086714953546,0.22772159229200412,0.03287388060327825
steamer,pit,663462,Isaiah Campbell,208.062,0.22077457680883583,0.10307840932029876,0.22629841105055223,0.02860685757130086
steamer,pit,681867,Cooper Criswell,170.921,0.16966493292222726,0.0766020559205715,0.25450939322845056,0.03161788194546018
steamer,pit,612434,Miguel Castro,273.556,0.22385325125385663,0.11479112137916918,0.2178413195104476,0.02581921069177792
steamer,pit,685107,Anthony Veneziano,155.332,0.18241701645507688,0.0998448484536348,0.23578464192825688,0.03168806170010043
steamer,pit,664123,Scott Effross,256.849,0.2166451884180978,0.08615528968382201,0.2261274133829604,0.03174367040556903
steamer,pit,680689,Lyon Richardson,83.331,0.2373678462996964,0.1230034440964347,0.21496081890292928,0.03322725036301016
steamer,pit,543238,Anthony Gose,88.832,0.3008487932276657,0.1166381484149856,0.18799644272334295,0.028052953890489916
steamer,pit,669276,Dylan Lee,186.599,0.2394117867727051,0.08248061350811098,0.2223388121051024,0.03440055948852888
steamer,pit,669212,Eli Morgan,245.243,0.24575624992354522,0.08052013717007213,0.2195426576905355,0.03576407889317942
steamer,pit,681869,Shawn Dubin,129.694,0.2403249186546795,0.10797492559409072,0.21375005782842693,0.02923003377180132
steamer,pit,571946,Shelby Miller,251.955,0.2334377170526483,0.11143378777956381,0.21343533567502132,0.03018173880256395
steamer,pit,687424,Anthony Maldonado,188.922,0.24299446332348798,0.10241898773038609,0.21337747853611544,0.03154508209737352
steamer,pit,680744,Ty Madden,140.231,0.20755396452995414,0.09285963873893789,0.2275958953441108,0.03310908429662486
steamer,pit,608371,Lucas Sims,281.69,0.2560662430331215,0.13109091554545776,0.20412652206326104,0.03907841953920977
steamer,pit,571656,Buck Farmer,264.085,0.22297442111441393,0.11080182516992636,0.22229547304845035,0.03849783213738001
steamer,pit,681882,Colin Selby,192.644,0.23612881792321586,0.12685212101077636,0.20843317206868625,0.02428661157367995
steamer,pit,458677,Justin Wilson,206.897,0.22478044630903302,0.10469798982102206,0.21851452655185916,0.029489697772321494
steamer,pit,663485,Cole Sands,233.161,0.22813163436423758,0.10115585368050403,0.2188423449890848,0.030339550782506507
steamer,pit,608718,Brent Suter,308.642,0.18838784092897273,0.10006188399504928,0.23865190090784794,0.0338437412925007
steamer,pit,676680,Tom Cosgrove,243.267,0.22141186433013932,0.11275676520037654,0.2123868013335142,0.030565428109854603
steamer,pit,666204,Dany Jiménez,279.232,0.23624906887462752,0.12355210004584,0.20280591049736418,0.02921026243410497
steamer,pit,489446,Kirby Yates,269.448,0.2633272468157122,0.12486490899913898,0.20140472373148066,0.03096122442920341
steamer,pit,679525,Alec Marsh,153.42,0.20672923999478557,0.1132427323686612,0.22701147177682182,0.03260982922695868
steamer,pit,502624,Chase Anderson,414.688,0.17349911258584766,0.10272590477660315,0.2381040686009723,0.041152625588394165
steamer,pit,594902,Ben Lively,266.302,0.2052282746656052,0.07558974397488565,0.23588670006233523,0.035428235612199675
steamer,pit,669711,Greg Weissert,191.888,0.2314652297173351,0.11473932710747936,0.21791253231051444,0.02807658634203285
steamer,pit,623433,Nick Anderson,259.403,0.19893331996931415,0.08751325158151602,0.23443676441675693,0.034103961789185164
steamer,pit,680767,Victor Vodnik,168.216,0.22186415085366434,0.121637656346602,0.2275259190564512,0.02901561088124792
steamer,pit,671109,Jake Eder,123.449,0.1872214436730958,0.11878346523665644,0.22653970465536377,0.03702605934434463
steamer,pit,656232,Brandon Bielak,244.86,0.20645225843339052,0.0935624438454627,0.23175324675324677,0.029712488769092542
steamer,pit,667297,Tommy Nance,106.929,0.23117956775056345,0.10443378316452973,0.21605644867154838,0.026705196906358426
steamer,pit,687792,DJ Herz,150.937,0.2459834235475728,0.14067193597328687,0.19791767426144682,0.03084611460410635
steamer,pit,689017,Landon Knack,161.393,0.20299517327269462,0.08030707651509049,0.23715216892925964,0.04013680890744952
steamer,pit,672860,Prelander Berroa,153.78,0.28093575237352064,0.12534334763948496,0.18733580439589023,0.027207699310703604
steamer,pit,655889,Manuel Rodríguez,163.864,0.23489845237514034,0.11583996484889908,0.21186593760679587,0.02391141434360201
steamer,pit,606965,Chris Devenski,287.765,0.21637308220249163,0.08457109099438778,0.22743002102409954,0.03527982902715758
steamer,pit,647315,Zach Pop,163.793,0.20016301062926986,0.09569883938874066,0.2292124816078831,0.02590666267789222
steamer,pit,663687,Hogan Harris,170.112,0.20312911493604213,0.11653087377727615,0.21729977896914973,0.031035670617005268
steamer,pit,660896,Jorge Alcala,249.248,0.2398558865066119,0.1005187604313776,0.21642099435100784,0.030742232635768394
steamer,pit,686826,Bryce Jarvis,162.055,0.20028570547036498,0.10231958285767179,0.23120298664033814,0.02992558082132609
steamer,pit,663773,Bryan Hoeing,142.535,0.17186515592661453,0.07747149822850528,0.2508885536885677,0.029280527589714805
steamer,pit,669387,Carmen Mlodzinski,282.855,0.2101157837054321,0.10404871754078945,0.2252850400381821,0.029695214862738857
steamer,pit,656786,Parker Mushinski,162.88,0.22533153241650294,0.10288617387033398,0.220171905697446,0.026933263752455798
steamer,pit,700669,Gordon Graceffo,80.752,0.16333465425004956,0.09228502080443829,0.24273083019615613,0.0347624826629681
steamer,pit,656266,J.B. Bukauskas,89.59,0.21468913941288092,0.09347695055251701,0.22615693715816496,0.0265914722625293
steamer,pit,641329,Bryan Baker,150.473,0.24649073255667128,0.1096223242707994,0.205376379815648,0.030082938467366236
steamer,pit,650671,José Quijada,90.361,0.2663638073947831,0.12198404178793947,0.20021358772036607,0.03230375936521287
steamer,pit,493603,Adam Ottavino,279.232,0.21843305924822368,0.11263608755443501,0.22017139869355948,0.02712199891129956
steamer,pit,683155,Joey Estes,322.249,0.17501466257459292,0.09062277927937712,0.2341515411995072,0.04025520637767689
steamer,pit,641360,Phil Bickford,268.515,0.24068971938252984,0.10786473753794015,0.2110496620300542,0.034070498854812586
steamer,pit,677076,Clayton Andrews,121.212,0.2486024486024486,0.11739101739101739,0.20607943107943105,0.028541398541398543
steamer,pit,670102,Bowden Francis,188.219,0.23311249130002815,0.08794755045983668,0.2156647309782753,0.04018728183658398
steamer,pit,621016,Jose Cuas,270.742,0.22667336430993343,0.12193822901507709,0.21360298734588648,0.027098381484956156
steamer,pit,598264,Matt Barnes,210.434,0.22220506191965178,0.11276884914034806,0.2187445945046903,0.03010920288546528
steamer,pit,694363,Jared Shuster,184.154,0.16229405823386947,0.09996959066867946,0.24033634892535594,0.03946468716400404
steamer,pit,680704,Nick Sandlin,258.732,0.23744337770356969,0.11728004266963497,0.20862552757293257,0.029683224340243956
steamer,pit,657508,Mike Baumann,206.274,0.22605611953033344,0.1056652801613388,0.21586627495467195,0.028260129730358647
steamer,pit,683822,Naoyuki Uwasawa,159.055,0.21189588507120177,0.0815227437050077,0.2322347615604665,0.033839740970104684
steamer,pit,676083,Janson Junk,200.706,0.1583161440116389,0.07154394985700478,0.2531887437346168,0.04243171604237043
steamer,pit,571882,Derek Law,213.415,0.20003842279127523,0.10122343790267788,0.22892720755335846,0.029439776960382354
steamer,pit,614179,José Ruiz,90.87,0.2315109497083746,0.11024650599757896,0.2145086387146473,0.03289314405194233
steamer,pit,676130,José Butto,160.48,0.20849015453639086,0.0928938185443669,0.226473703888335,0.03422046360917248
steamer,pit,680730,Mitchell Parker,125.645,0.1983015639301206,0.12114210672927694,0.2191109873055036,0.03466592383302161
steamer,pit,670970,Adrian Morejon,221.748,0.23468261269549218,0.0993384382271768,0.2150165954146148,0.03272584194671429
steamer,pit,666208,Alex Speas,194.004,0.2569591348631987,0.1469516092451702,0.19331457083359105,0.027896332034391045
steamer,pit,663893,Brendon Little,122.164,0.19426508627746308,0.11427834713991028,0.22225942176091157,0.022665351494712025
steamer,pit,672456,Keider Montero,89.514,0.21745201867864244,0.08544808633286413,0.2263221395535894,0.030185222423308088
steamer,pit,670766,Darren McCaughan,158.332,0.18856958795442488,0.06609718818684789,0.24035949776419172,0.03839249172624612
steamer,pit,623474,Jimmy Herget,190.229,0.20681336704708536,0.09412024454736133,0.23038811117127253,0.037701927676642356
steamer,pit,621363,Colin Poche,269.692,0.24328678640819895,0.10453665663052666,0.20873107099951055,0.03459872743722468
steamer,pit,642048,Tayler Saucedo,249.355,0.2174401957049187,0.10860419883298912,0.21629042930761366,0.0246039181087205
steamer,pit,694646,Chayce McDermott,163.545,0.2336488428261335,0.11958482374881531,0.20788284569996027,0.03291387691461066
steamer,pit,681676,Ryan Fernandez,193.882,0.19722408475258146,0.09520533107766578,0.22937714692441794,0.03032772511115008
steamer,pit,670241,Darius Vines,120.12,0.20559024309024307,0.0773143523143523,0.23791375291375289,0.03436929736929737
steamer,pit,621389,Ty Blach,133.123,0.14370619652501823,0.07965565679859979,0.27325856538689786,0.03822322213291468
steamer,pit,668873,Caleb Kilian,85.215,0.1986058792466115,0.08342427976295252,0.23493164348999587,0.028789884410021706
steamer,pit,607237,Amir Garrett,175.131,0.25492345729768007,0.13728694520102097,0.1978844407900372,0.02682437718051059
steamer,pit,671922,Cade Smith,207.792,0.24752637252637252,0.11889004389004389,0.20488757988757988,0.02931137868637869
steamer,pit,677020,Josh Walker,89.4,0.2407125279642058,0.09466778523489933,0.21427404921700222,0.030954474272930646
steamer,pit,608648,Tyler Duffey,153.711,0.19946002563251813,0.10493393446142435,0.23085205352902521,0.03048649738795532
steamer,pit,547001,Cody Poteet,136.811,0.24103836679799137,0.09819605148708803,0.21482336946590552,0.034149300860310934
steamer,pit,621051,Steven Wilson,263.841,0.24634988496859853,0.11174798458162302,0.20404865051299834,0.03745437593095841
steamer,pit,676534,Calvin Faucher,143.728,0.2187520872759657,0.1089133641322498,0.2210738339084938,0.027883710898363574
steamer,pit,689266,Dylan Dodd,151.759,0.17824840701375208,0.07743263990932994,0.24779156425648563,0.03552540541252908
steamer,pit,641401,Connor Brogdon,141.874,0.22698873648448625,0.09983436006597404,0.2180455897486502,0.03589805038273398
steamer,pit,666818,Luis Frías,190.807,0.22586225872216428,0.11257710670992155,0.21711415199652007,0.02777445271923986
steamer,pit,623451,Jackson Stephens,142.487,0.20991318506249693,0.0942773726725947,0.2313888284545257,0.029722009727203187
steamer,pit,657697,Vinny Nittoli,141.813,0.20434938968923866,0.09555118360093927,0.22455910248002656,0.031828323214373865
steamer,pit,682254,Mason Montgomery,81.036,0.20080828273853596,0.10749666814749001,0.22426452440890468,0.03605866528456488
steamer,pit,640454,Matt Krook,148.019,0.22796195083063658,0.12515893229923186,0.20724163789783742,0.02424614407609834
steamer,pit,676105,Jeff Criswell,83.302,0.16646419053564138,0.10469736620969482,0.2517286499723896,0.043551655422438836
steamer,pit,669395,Dylan Coleman,179.667,0.25208413342461333,0.1421412947285812,0.19729221281593168,0.02801788864955724
steamer,pit,650893,Génesis Cabrera,256.076,0.2314152829628704,0.11548524656742529,0.20910940502038455,0.03148803480216811
steamer,pit,686654,Ty Adcock,72.371,0.2373271061613077,0.08996973926020091,0.2178331099473546,0.03207693689461248
steamer,pit,686730,Carson Spiers,172.029,0.19355748158740677,0.10170785158316331,0.23776688814095298,0.04062204628289417
steamer,pit,622259,Trey Wingenter,82.18,0.24482599172548064,0.10998661474811389,0.21147237770747138,0.0283348746653687
steamer,pit,687330,Kevin Kelly,206.986,0.1993086488941281,0.09160088121901964,0.23029431942256967,0.027364169557361366
steamer,pit,682052,Jacob Lopez,63.721,0.2476326485773921,0.1020558371651418,0.2088306837620251,0.028248144253856657
steamer,pit,608723,Austin Voth,277.859,0.2219366657189438,0.08838835524492639,0.22332334025530937,0.03657106662012028
steamer,pit,683232,Nick Mears,270.027,0.22158006421580065,0.13359589966929233,0.22236480055698135,0.03389783243897833
steamer,pit,547184,Michael Kelly,150.797,0.22675981617671437,0.10986690716658822,0.21228539029291035,0.02976040637413211
steamer,pit,669721,Davis Daniel,266.356,0.1855227590142516,0.09809840964723904,0.23818461007073238,0.04038842751805854
steamer,pit,678226,Daysbel Hernández,165.505,0.25167457176520347,0.11878613939155917,0.20829763451255248,0.02995009214223135
steamer,pit,691172,Yosver Zulueta,91.864,0.2272402682225899,0.12493686318906208,0.20940411913263082,0.026009426979012453
steamer,pit,672391,Kaleb Ort,121.951,0.23010553418996155,0.10662561192610147,0.21679691023443845,0.033802264844076724
steamer,pit,657585,Reed Garrett,73.881,0.21261082010259744,0.1040159174889349,0.22192579959664868,0.030270840946928168
steamer,pit,693312,Kyle Nicolas,143.478,0.23842610016866697,0.11457923862891871,0.2099743514685178,0.031050056454648096
steamer,pit,683004,Jack Leiter,82.965,0.19842102091243294,0.12280841318628336,0.2242825287771952,0.039078647622491414
steamer,pit,622098,Drew Smith,274.39,0.2384183097051642,0.10763511789788258,0.2112474944422173,0.03635336564743613
steamer,pit,694350,Zach Brzykcy,157.895,0.2241343931093448,0.12225339624433959,0.21374647708920483,0.031691947180088026
steamer,pit,683568,Jairo Iriarte,90.948,0.23585125566257642,0.1153505299731715,0.20861151427189165,0.03029940185600563
steamer,pit,663562,Noah Davis,239.156,0.16407449530850157,0.11539037281105219,0.24990675542323837,0.04135597685192929
steamer,pit,681799,Ethan Roberts,51.813,0.23018161465269332,0.10969640823731495,0.21697450446799066,0.03018547468781966
steamer,pit,621294,Ben Heller,157.48,0.20607442214884428,0.11114935229870461,0.2251504953009906,0.02758445516891034
steamer,pit,664208,Phil Maton,291.051,0.22133131306884363,0.10436315284950061,0.2207159569972273,0.031742065823515464
steamer,pit,669422,Matt Sauer,232.777,0.2000025775742449,0.10514569738419174,0.22754868393355016,0.032016737048763406
steamer,pit,592741,Chasen Shreve,91.424,0.2135052065103255,0.10134537976898844,0.22448809940497022,0.03243863755687784
steamer,pit,668338,Tyson Miller,51.569,0.2192421803796855,0.0958153154026644,0.21923636293121834,0.031672710349240824
steamer,pit,663568,Stephen Kolek,165.074,0.19303766795497776,0.10353296097507783,0.2270175799944267,0.028084374280625657
steamer,pit,681293,Spencer Arrighetti,40.858,0.19990699495814773,0.11315531841989329,0.22663370698516816,0.03784277252924764
steamer,pit,676702,Hunter Stratton,35.042,0.22968723246390046,0.12015295930597568,0.21128074881570685,0.029450373837109755
steamer,pit,677976,Randy Dobnak,51.858,0.1822129661768676,0.08753519225577538,0.24105056114774964,0.026096841374522735
steamer,pit,681806,Andrew Wantz,226.58,0.22172036366846146,0.10360005296142642,0.22213964162768116,0.038887412834319
steamer,pit,673929,Jordan Leasure,104.302,0.23627351345132402,0.11422312132078002,0.21113689095127608,0.03564006442829476
steamer,pit,676106,Emerson Hancock,287.347,0.18809522980925503,0.09090994511861965,0.23264485099896642,0.036968891270832825
steamer,pit,701643,Grant Hartwig,192.644,0.21559975914121382,0.11272398828927971,0.21832655052843586,0.028727704989514338
steamer,pit,669620,Brady Basso,34.217,0.20864190314755823,0.09585586112166468,0.22325160008183068,0.027666569249203615
steamer,pit,642121,Cole Sulser,43.403,0.22599359491279405,0.10366103725548925,0.21666935465290418,0.033151855862497984
steamer,pit,660825,Eduard Bazardo,102.433,0.2178135952281003,0.08819716302363495,0.22298673279119033,0.032906094715570176
steamer,pit,674444,Steven Cruz,240.107,0.2208686127434852,0.13651497040902597,0.21036704469257456,0.02723785645566352
steamer,pit,687847,Marc Church,227.571,0.23204714133171628,0.11440912945849867,0.21512099520589179,0.033386415668077214
steamer,pit,622253,Dillon Tate,191.138,0.1827909677824399,0.0939164373384675,0.23646266048614092,0.02660088522428821
steamer,pit,680572,Adam Kloffenstein,34.617,0.19930958777479274,0.10303030303030304,0.22616055695178672,0.027834763266603117
steamer,pit,663969,Tyler Phillips,26.03,0.18081828659239338,0.09629658086822897,0.23681905493661157,0.029069035728006145
steamer,pit,656186,Dan Altavilla,91.743,0.21178618532204094,0.10859902117872755,0.22512235265905847,0.029807941750324276
steamer,pit,664776,Jake Cousins,56.993,0.23317775867211762,0.12838418753180214,0.20703595178355236,0.029627498113803448
steamer,pit,671111,Sammy Peralta,156.182,0.18860752199357161,0.09616793228413006,0.23162784443789938,0.03352499007568094
steamer,pit,622694,Elieser Hernández,42.355,0.24902136701688113,0.07709361350489907,0.22432298429937436,0.04496375870617401
steamer,pit,664948,Anthony Misiewicz,25.929,0.21725481121524165,0.09454664661190174,0.22301284276292954,0.03417023410081376
steamer,pit,676568,Ricky Vanasco,122.485,0.22156753888231212,0.1116218312446422,0.21975752132914236,0.03324847940564151
steamer,pit,682175,Joe Jacques,136.986,0.1753120756865665,0.10403252887156351,0.24116698056735725,0.025194764428481745
steamer,pit,680742,Jonathan Bowlan,103.493,0.19213956499473397,0.08643386509232509,0.23770689805107592,0.03091996560153827
steamer,pit,682989,Victor Mederos,60.976,0.21231960115455262,0.1106763316714773,0.22247605615324062,0.031123392810286015
steamer,pit,670990,Yohan Ramirez,158.8,0.22788413098236776,0.1268425692695214,0.2093910579345088,0.026322418136020147
steamer,pit,675650,Michael Mercado,43.159,0.22641395769132744,0.10215018883662735,0.21792210199494894,0.03805046456127343
steamer,pit,682610,Roddery Muñoz,91.864,0.205843420708874,0.10939214490986676,0.22446660280414524,0.02885428459461813
steamer,pit,656353,Tucker Davidson,42.863,0.2045773744254952,0.09480437673517952,0.22715395562606444,0.029525698154585542
steamer,pit,605463,Tayler Scott,51.68,0.22380998452012382,0.10104489164086687,0.22281927244582042,0.03093401702786378
steamer,pit,592288,Kent Emanuel,4.228,0.19437086092715233,0.06665089877010406,0.24221854304635762,0.0289077578051088
steamer,pit,595897,Nick Burdi,4.279,0.27560177611591496,0.11635896237438653,0.19873802290254733,0.02887497078756719
steamer,pit,687145,Evan Justice,157.374,0.2305870092899717,0.13552175073392048,0.21930623864170704,0.03237154803207645
steamer,pit,656924,Ryder Ryan,43.995,0.18948971474031143,0.10872826457551996,0.23198090692124104,0.02581111489942039
steamer,pit,686796,Blake Walston,83.189,0.15044657346524182,0.11093413792688939,0.24326533556119198,0.034952698073062546
steamer,pit,663992,Richard Lovelady,4.316,0.22764133456904542,0.10859592215013902,0.21802594995366079,0.02844717330861909
steamer,pit,659275,Dinelson Lamet,4.317,0.23639101227704423,0.10678712068566135,0.21554320129719712,0.03163215195737781
steamer,pit,674944,Sean Guenther,4.284,0.21106442577030812,0.09061624649859944,0.2274509803921569,0.02816690009337068
steamer,pit,642239,Rob Zastryzny,4.305,0.22167247386759584,0.10034843205574913,0.21737514518002324,0.033784901277584205
steamer,pit,669724,Brenan Hanifee,4.288,0.18535447761194027,0.07896455223880597,0.24181436567164177,0.026067630597014925
steamer,pit,685126,Brandon Eisert,4.276,0.21583255378858748,0.09144059869036483,0.22252104770813846,0.031701590271281575
steamer,pit,656457,Tyler Gilbert,4.307,0.21012305549106106,0.08449036452286975,0.23693986533550032,0.03998653355003482
steamer,pit,621114,Ryan Burr,4.331,0.19988455322096513,0.10240129300392518,0.2293927499422766,0.030990995151235278
steamer,pit,687863,Porter Hodge,35.026,0.22472163535659223,0.12231485182435904,0.21189687660594986,0.029996859475817962
steamer,pit,643361,Kevin Herget,4.277,0.1873041851765256,0.07266775777414074,0.24140752864157117,0.03585059621229834
steamer,pit,542882,Matt Andriese,4.283,0.18283913144991826,0.07137520429605415,0.24737333644641607,0.03193509222507588
steamer,pit,679358,Eric Orze,4.313,0.23667980523997217,0.10653837236262463,0.21163923023417575,0.031223510317644334
steamer,pit,680880,Grant Holman,4.296,0.20246741154562384,0.0980679702048417,0.22523277467411545,0.027570763500931097
steamer,pit,676596,Josh Fleming,4.369,0.13925383382925158,0.07724879835202564,0.25992217898832687,0.024160219729915312
steamer,pit,666215,Forrest Whitley,104.439,0.2230479035609303,0.11359741092886759,0.21749729507176438,0.02997606258198566
steamer,pit,519008,T.J. McFarland,4.376,0.16640767824497255,0.09638939670932357,0.24408135283363802,0.02374063071297989
steamer,pit,570632,José Ureña,25.952,0.18707614056720098,0.08388948828606659,0.24138024044389642,0.03239314889025894
steamer,pit,607455,Anthony Banda,4.318,0.20613710050949516,0.10208429828624364,0.2254979157017138,0.02918017600741084
steamer,pit,679156,Walter Pennington,4.415,0.1703510758776897,0.11223103057757644,0.23698754246885617,0.022373227633069082
steamer,pit,680891,Jack Neely,4.325,0.23995375722543352,0.10855491329479768,0.20978034682080923,0.034168323699421965
steamer,pit,667725,Kyle Tyler,4.344,0.1841620626151013,0.09304788213627992,0.23690147329650088,0.030744935543278083
steamer,pit,686747,Joe La Sorsa,74.171,0.16681317496056408,0.08934893691604535,0.24270402178749104,0.03320853163635383
steamer,pit,594798,Jacob deGrom,3.971,0.3548980105766809,0.062100226643162934,0.18771090405439433,0.02820448249811131
steamer,pit,660271,Shohei Ohtani,4.143,0.29693458846246684,0.09287955587738356,0.19980690321023414,0.030198165580497226
steamer,pit,694738,Landen Roupp,4.318,0.20736452061139418,0.09263547938860585,0.2300602130616026,0.028716998610467812
steamer,pit,676428,Brant Hurter,4.31,0.17939675174013922,0.08180974477958236,0.24276102088167056,0.027249187935034808
steamer,pit,605513,Spencer Turnbull,4.327,0.19135659810492256,0.09329789692627687,0.23630691009937602,0.02906817656574994
steamer,pit,681035,Christian Scott,4.275,0.207859649122807,0.07934502923976608,0.23225730994152044,0.03534760233918128
steamer,pit,663460,Kris Bubic,4.354,0.2037896187413872,0.10257234726688103,0.23146531924666974,0.030214974735875057
steamer,pit,608566,Germán Márquez,4.346,0.20052922227335482,0.08554993097100783,0.2513575701794754,0.03471905200184077
steamer,pit,806185,Hayden Birdsong,4.384,0.20903284671532846,0.10488138686131386,0.22493156934306566,0.03315077554744525
steamer,pit,641726,Daulton Jefferies,4.344,0.16282228360957643,0.07002762430939227,0.255939226519337,0.0344792817679558
steamer,pit,669372,J.T. Ginn,4.399,0.14873834962491475,0.0996362809729484,0.2451466242327802,0.026925210275062512
steamer,pit,695549,Jackson Jobe,4.357,0.1773008951113151,0.08379619003901767,0.24381455129676383,0.03542184989671792
steamer,pit,663436,Davis Martin,4.336,0.19949261992619924,0.09365774907749078,0.232080258302583,0.038181734317343174
steamer,pit,621399,Brady Feigl,4.398,0.16919054115507048,0.09604365620736699,0.24276944065484315,0.03266643929058663
steamer,pit,657649,Jared Koenig,4.393,0.16765308445253815,0.09405872979740497,0.24179376280446166,0.03351286137036194
steamer,pit,686751,Seth Johnson,4.392,0.18066939890710382,0.09754098360655737,0.23722677595628414,0.03493715846994535
steamer,pit,800049,Adam Mazur,4.323,0.17346749942169787,0.07661346287300486,0.24452926208651396,0.03999282905389775
steamer,pit,681347,Mike Burrows,4.38,0.1910730593607306,0.09618721461187216,0.233013698630137,0.03779817351598174
steamer,pit,672552,Jack O'Loughlin,4.409,0.1584032660467226,0.10662281696529825,0.23592651394874123,0.030367203447493767
steamer,pit,622608,Antonio Senzatela,4.425,0.13812429378531074,0.07238418079096044,0.2776271186440678,0.03522915254237288
steamer,pit,690916,Richard Fitts,4.373,0.172398810884976,0.08035673450720329,0.2510404756460096,0.0392051223416419
steamer,pit,668874,Blair Henley,4.449,0.16340750730501236,0.1084288604180715,0.2424589795459654,0.030918408631153072
steamer,pit,528748,Humberto Castellanos,4.393,0.16804006373776462,0.08625085363077624,0.24896426132483496,0.03768631914409288
steamer,pit,686790,Trevor McDonald,4.528,0.1465326855123675,0.11689487632508835,0.24465547703180213,0.026698100706713784
steamer,pit,687924,Julian Aguiar,4.386,0.1756269949840401,0.09366165070679434,0.2454628362973096,0.037771773825809395
steamer,pit,686563,Jonathan Cannon,4.407,0.15157703653278876,0.09335148627184026,0.24883140458361697,0.035171318357159066
steamer,pit,689981,River Ryan,4.433,0.18125422964132643,0.10304534175501918,0.23816828332957368,0.03747146401985112
steamer,pit,805673,Zebby Matthews,4.432,0.15388086642599277,0.0885379061371841,0.25121841155234653,0.037479918772563174
steamer,pit,681066,Ky Bush,4.423,0.16886728464842868,0.10235134524078679,0.23879719647298214,0.037505991408546234
steamer,pit,668964,Tobias Myers,4.387,0.185662183724641,0.09402780943697288,0.23519489400501487,0.04237269204467746
steamer,pit,642834,Jonathan Bermúdez,4.451,0.1732869018198158,0.10258368905863852,0.23857560098854194,0.03806874859582117
steamer,pit,676614,Bryan Sammons,4.472,0.17104203935599283,0.10529964221824685,0.23781305903398922,0.0377906976744186
steamer,pit,678368,Valente Bellozo,4.421,0.1636959963809093,0.09160823343135037,0.24869938927844376,0.0402623840760009
steamer,pit,700270,Yilber Diaz,4.511,0.1844602083795167,0.12762136998448237,0.2263356240301485,0.034680558634449125
steamer,pit,691441,Cristian Mena,4.442,0.18374606033318325,0.10880234128770824,0.23381359747861322,0.03994687077892841
steamer,pit,641302,Tyler Alexander,4.417,0.17151913063165047,0.0985963323522753,0.23984604935476567,0.04072651120670138
steamer,pit,677958,Kumar Rocker,4.5,0.17244444444444446,0.1114888888888889,0.2403111111111111,0.03725933333333334
steamer,pit,642520,Gerson Garabito,4.487,0.16630265210608425,0.10519277913973703,0.2438154669043905,0.03820904836193448
steamer,pit,680732,Sean Burke,4.464,0.18573028673835124,0.11559139784946236,0.2304659498207885,0.03947625448028673
steamer,pit,661269,Vladimir Gutierrez,4.488,0.16998663101604278,0.10688502673796789,0.24142156862745093,0.03916622103386809
steamer,pit,686799,Jack Kochanowicz,4.468,0.13128916741271263,0.09507609668755594,0.2597582811101164,0.03650649059982095
steamer,pit,685299,Tanner Gordon,4.448,0.14874100719424457,0.07897931654676259,0.26758093525179855,0.04578844424460431
steamer,pit,680885,Spencer Schwellenbach,4.552,0.1412126537785589,0.1045694200351494,0.2552284710017575,0.03785874340949033
steamer,pit,687134,Bradley Blalock,4.521,0.15399247953992481,0.11174518911745189,0.24293297942932982,0.03885578411855784
steamer,pit,668968,Hans Crouse,4.509,0.17882013750277223,0.11791971612330894,0.23220226214238188,0.041521845198491905
steamer,pit,670219,Zac Kristofak,4.488,0.14937611408199641,0.10552584670231728,0.24886363636363634,0.04020588235294117
steamer,pit,687362,Connor Gillispie,4.486,0.15178332590280874,0.10082478823004905,0.24489522960321,0.043790459206419975
steamer,pit,680736,Justin Wrobleski,4.542,0.1545134302069573,0.11292382210479966,0.2442536327608983,0.041024438573315725
steamer,pit,702674,Caden Dana,4.566,0.16596583442838372,0.12823039859833554,0.2371879106438896,0.040516863775733686
steamer,pit,683068,Zach Penrod,4.634,0.1391238670694864,0.12537764350453173,0.24909365558912386,0.03680535174794994
steamer,pit,676508,Ben Casparius,4.532,0.16979258605472197,0.1145631067961165,0.2371359223300971,0.04535657546337158
steamer,pit,677955,Jaden Hill,4.653,0.14113475177304965,0.12512357618740597,0.25796260477111543,0.03801611863313991
steamer,pit,678821,Luis Peralta,4.757,0.1455539205381543,0.16575572840025227,0.22789573260458276,0.0295471936094177
steamer,pit,683618,Edgardo Henriquez,4.715,0.13514316012725344,0.1373913043478261,0.24591728525980913,0.04185217391304348
steamer,pit,608070,Jose Ramirez,4.757,0.11095228084927478,0.15066218204750895,0.24500735757830566,0.036484338869035106
steamer,pit,628708,Yunior Marte,4.896,0.08858251633986927,0.1616013071895425,0.2520833333333333,0.03619730392156863
steamer,pit,608070,José  Ramírez,4.988,0.10711708099438652,0.19190056134723335,0.23285886126704086,0.033279871692060946
steamer,pit,655889,Manuel Rodriguez,4.917,0.09619686800894854,0.16121618873296728,0.2482204596298556,0.044313402481187716
steamer,pit,665742,Juan Soto,5.084,0.09815106215578286,0.2017899291896145,0.23489378442171518,0.038049567269866254
steamer,pit,664849,Danny Young,4.401,0.20886162235855488,0.10979322881163373,0.2262894796637128,0.027746194046807546
steamer,pit,660600,Enoli Paredes,4.425,0.23416949152542374,0.14092655367231638,0.2024858757062147,0.028298757062146893
steamer,pit,605121,Justin Anderson,4.373,0.21367482277612623,0.11200548822318775,0.2201463526183398,0.034758746855705465
steamer,pit,571539,Matt Carasiti,4.38,0.19319634703196348,0.10659817351598173,0.23050228310502285,0.027828538812785387
steamer,pit,622786,Jesus Tinoco,4.396,0.21203366696997272,0.11091901728844404,0.22434030937215652,0.032428571428571425
steamer,pit,605156,Aaron Brooks,4.342,0.1702901888530631,0.07754491017964073,0.24900967296176876,0.03311331183786274
steamer,pit,666207,Riley Pint,150.136,0.21410854158895937,0.151718441945969,0.21954561197847286,0.02600975115894922
steamer,pit,678692,Ronny Henriquez,4.355,0.19779563719862225,0.09880597014925371,0.23067738231917334,0.029901722158438573
steamer,pit,664351,Luis Contreras,4.348,0.22769089236430542,0.11159153633854646,0.21649034038638457,0.03247976080956762
steamer,pit,687922,Easton Lucas,4.352,0.1941176470588235,0.10815716911764706,0.22231158088235292,0.029820312499999998
steamer,pit,685116,Austin Kitchen,4.466,0.14614867890729957,0.09245409762651141,0.2633452754142409,0.032915360501567396
steamer,pit,676714,Brandon Hughes,4.35,0.23903448275862071,0.11324137931034485,0.21062068965517244,0.034303908045977015
steamer,pit,673380,Dedniel Núñez,4.346,0.22011044638748273,0.10609756097560975,0.21686608375517716,0.03313391624482282
steamer,pit,646242,Jhonathan Diaz,4.415,0.17098527746319367,0.10770101925254814,0.2357644394110985,0.02843850509626274
steamer,pit,669912,Kirby Snead,4.398,0.19156434743065032,0.11271032287403367,0.2282855843565257,0.02779035925420646
steamer,pit,622491,Luis Castillo,4.401,0.17818677573278802,0.09918200408997956,0.2386275846398546,0.02865507839127471
steamer,pit,669674,Sam Long,4.398,0.1892223738062756,0.1056844020009095,0.232287403365166,0.030948385629831748
steamer,pit,676661,Max Lazar,4.383,0.17141227469769563,0.09598448551220624,0.2410905772302076,0.03462879306411134
steamer,pit,669270,Joel Kuhnel,4.367,0.1607281886878864,0.08855049232882987,0.24767574994275243,0.029921456377375776
steamer,pit,641703,Brent Honeywell,4.376,0.18663162705667274,0.09705210237659961,0.23526051188299818,0.033363802559414985
steamer,pit,620982,Ricardo Pinto,4.333,0.1890376182783291,0.09554581121624739,0.23286406646665125,0.029079159935379642
steamer,pit,592155,Cam Booser,4.427,0.20124237632708383,0.1130110684436413,0.2293652586401627,0.0314483849107748
steamer,pit,681517,Kyle Leahy,4.374,0.1783493369913123,0.1041838134430727,0.23381344307270233,0.029213077274805672
steamer,pit,502179,Paolo Espino,4.274,0.19616284510996726,0.0633364529714553,0.24300421151146467,0.041517080018717824
steamer,pit,661527,Seth Martinez,235.089,0.21998902543292115,0.10459017648635198,0.21973550442598336,0.03228564501103837
steamer,pit,656354,Austin Davis,4.443,0.22345262210218322,0.13589916722934955,0.2084402430790007,0.03028494260634707
steamer,pit,686642,Fraser Ellard,4.47,0.18711409395973155,0.12966442953020135,0.22297539149888146,0.02948053691275168
steamer,pit,656240,Scott Blewett,4.355,0.1761653272101033,0.08964408725602756,0.23970149253731343,0.03431549942594718
steamer,pit,683409,Angel Chivilli,4.496,0.16919483985765124,0.10569395017793592,0.2522241992882562,0.03593327402135231
steamer,pit,676961,Caleb Boushley,4.308,0.1667595171773445,0.07356081708449397,0.24802692664809659,0.03538625812441969
steamer,pit,656848,Michael Petersen,4.401,0.21033855941831403,0.11356509884117247,0.22110883890024993,0.0341840490797546
steamer,pit,670103,Raymond Burgos,4.42,0.17260180995475113,0.10755656108597285,0.23493212669683258,0.030241402714932128
steamer,pit,642016,Daniel Robert,4.425,0.21236158192090396,0.11520903954802261,0.22237288135593222,0.0356309604519774
steamer,pit,664129,Geoff Hartlieb,85.355,0.17577529142991036,0.11483920098412512,0.24529318727666805,0.034354519360318664
steamer,pit,642629,Emmanuel Ramirez,4.365,0.21415807560137456,0.1024971363115693,0.22190148911798396,0.03711340206185567
steamer,pit,683627,Anthony Molina,234.889,0.15301355108157472,0.07605166695758422,0.26743738531817157,0.039837327418482775
steamer,pit,656657,Zach Logue,4.329,0.18685608685608684,0.08235158235158235,0.2419034419034419,0.0374989604989605
steamer,pit,676604,Tyler Zuber,4.417,0.21333484265338468,0.11910799184967173,0.21856463663119766,0.03426148969889065
steamer,pit,656671,Josh Maciejewski,4.365,0.19053837342497135,0.0961053837342497,0.23030927835051548,0.03525521191294387
steamer,pit,670036,Matt Festa,4.333,0.22894068774521115,0.10784675744288022,0.21308562197092085,0.03384883452573274
steamer,pit,669199,Lake Bachar,4.39,0.19353075170842826,0.1029612756264237,0.22995444191343967,0.03543416856492028
steamer,pit,657097,Jacob Webb,251.082,0.22253128460025012,0.10809018567639259,0.21556742418811387,0.03205769429907361
steamer,pit,605218,Carl Edwards Jr.,218.15,0.20245198258079303,0.10418106807242723,0.227577355030942,0.030865597066238825
steamer,pit,458677,Justin Wilson,4.433,0.2021204601849763,0.11890367696819311,0.2205729754116851,0.03205752312203925
steamer,pit,667478,Evan Kravetz,4.467,0.19169464965301097,0.11914036265950304,0.2293933288560555,0.03910163420640251
steamer,pit,621053,Tyler Ferguson,4.445,0.19156355455568053,0.1317660292463442,0.2175928008998875,0.026696737907761527
steamer,pit,663767,Chase Shugart,4.431,0.15642067253441663,0.09291356352967726,0.25256149853306253,0.033075152335815844
steamer,pit,669701,Josh Smith,4.468,0.167905102954342,0.1128692927484333,0.23628021486123546,0.031060429722470907
steamer,pit,670955,Edwin Uceta,4.374,0.2338363054412437,0.12263374485596708,0.20640146319158667,0.03213443072702332
steamer,pit,641312,Shaun Anderson,4.363,0.16782030712812282,0.08592711437084574,0.243868897547559,0.03725785010314004
steamer,pit,663321,Nick Hernandez,4.355,0.21995407577497128,0.11327210103329506,0.21161882893226175,0.036918025258323765
steamer,pit,605335,Brandon Leibrandt,4.371,0.17021276595744678,0.08862960420956302,0.24040265385495307,0.03718965911690689
steamer,pit,702352,Spencer Bivens,4.432,0.17062274368231045,0.1042870036101083,0.23856046931407937,0.028580099277978336
steamer,pit,674285,Eduardo Salazar,4.439,0.16758278891642261,0.10117143500788466,0.24178869114665463,0.033916647893669744
steamer,pit,668943,Ryan Miller,4.416,0.19257246376811593,0.10677083333333333,0.2329710144927536,0.03955321557971014
steamer,pit,676969,Brett de Geus,4.431,0.17014218009478674,0.10767321146468065,0.2359286842699165,0.02843601895734597
steamer,pit,688297,Chris Roycroft,4.468,0.17016562220232767,0.12300805729632945,0.22945389435989255,0.029891674127126233
steamer,pit,671305,Michel Otanez,4.505,0.21431742508324086,0.1539622641509434,0.20315205327413985,0.026415094339622643
steamer,pit,685801,Hunter Bigge,4.49,0.20080178173719374,0.13596881959910914,0.21672605790645877,0.03165055679287305
steamer,pit,624522,Keegan Thompson,192.308,0.2197948083283067,0.11332393868169811,0.2196091686253302,0.032286176342117855
steamer,pit,572143,Burch Smith,4.376,0.17378884826325408,0.0922760511882998,0.23848263254113344,0.0359282449725777
steamer,pit,657097,Jacob Webb,4.519,0.18847090064173488,0.1289223279486612,0.2285682673157778,0.03171785793317105
steamer,pit,595881,Tyler Beede,4.504,0.1780417406749556,0.11847246891651865,0.2340586145648313,0.03273623445825933
steamer,pit,703231,James Meeker,4.378,0.15714938328003653,0.07718136135221564,0.252855185015989,0.041190726359068064
steamer,pit,608334,Carson Fulmer,4.485,0.17357859531772574,0.12283166109253066,0.23279821627647715,0.030348049052396877
steamer,pit,519326,Hunter Strickland,4.478,0.1917373827601608,0.11784278695846362,0.22579276462706568,0.036176864671728454
steamer,pit,666171,Ryan Zeferjahn,4.525,0.195292817679558,0.13080662983425412,0.22587845303867402,0.03346828729281768
steamer,pit,686993,Justin Sterner,4.363,0.21732752693101076,0.10710520284208112,0.21709832683933072,0.03855649782259913
steamer,pit,687911,Bryan King,4.482,0.1788933511825078,0.12429718875502008,0.22909415439535918,0.03088888888888889
steamer,pit,687377,Orlando Ribalta,4.498,0.17469986660738107,0.12332147621164963,0.23030235660293463,0.03638661627389951
steamer,pit,642701,Dennis Santana,74.171,0.22746086745493518,0.11472812824419246,0.2128298121907484,0.029948767038330344
steamer,pit,670161,Parker Dunshee,4.463,0.16851893345283442,0.1053775487340354,0.238583912166704,0.03858884158637687
steamer,pit,676755,Isaac Mattson,4.585,0.18074154852780808,0.13794983642311887,0.22532170119956377,0.03329705561613958
steamer,pit,663765,Jake Woodford,82.789,0.18153498653202718,0.09094807281160541,0.23948592204278343,0.033685392986991025
steamer,pit,605155,Colten Brewer,43.745,0.19489084466796205,0.10469539375928678,0.231258429534804,0.029692307692307695
steamer,pit,641427,Alan Busenitz,26.432,0.19800620460048426,0.10341631355932203,0.2357937348668281,0.03805992736077482
steamer,pit,643511,Tyler Rogers,277.898,0.16731930420514002,0.08094516693175194,0.24868548892039524,0.026151897458779837
steamer,pit,643493,Austin Pruitt,56.843,0.17525640800098516,0.07357282339074292,0.2494168147353236,0.03951427616417148
steamer,pit,554431,Tyler Matzek,237.99,0.23665742258078068,0.12101096684734651,0.21175133408966762,0.03103491743350561
steamer,pit,642028,Josh Rogers,4.465,0.129003359462486,0.08430011198208286,0.2591713325867861,0.04071175811870101
steamer,pit,700187,Troy Taylor,4.589,0.17511440400958814,0.1447374155589453,0.22198736108084546,0.03007191109174112
steamer,pit,606930,Jacob Barnes,96.364,0.1824498775476319,0.09554916773898968,0.23767382009879204,0.03239342493047196
steamer,pit,622503,Nabil Crismatt,34.798,0.19032703028909706,0.08549916661877119,0.24167480889706305,0.03604287602735789
steamer,pit,641582,Matt Foster,34.828,0.21365280808544845,0.09641667623751005,0.22617147123004477,0.04091219708280693
steamer,pit,663989,Nick Vespi,141.813,0.20450593387066068,0.0924111329708842,0.22797698377440717,0.030845761672061094
steamer,pit,669391,Owen White,382.303,0.1669160325710235,0.10356209603377427,0.2418688841050162,0.03636356502564719
steamer,pit,598286,Nick Ramirez,208.243,0.1763699139947081,0.08386500386567616,0.23906061668339393,0.03183458747713008
steamer,pit,677594,Julio Rodriguez,4.76,0.14403361344537816,0.16462184873949579,0.2286134453781513,0.027637815126050423
steamer,pit,677161,Zack Kelly,154.457,0.2153861592546793,0.11958991822966909,0.2217575117994005,0.028249480437921238
steamer,pit,608678,Dominic Leone,208.877,0.2271422894813694,0.10789411950573782,0.2194741402835161,0.03278484466935086
steamer,pit,702795,Ryan Loutos,144.294,0.18408180520326556,0.10754986347318668,0.22982868310532661,0.02856203307136818
steamer,pit,663574,Tony Santillan,110.522,0.2336249796420622,0.12957148802953256,0.2136687718282333,0.036116519787915524
steamer,pit,595928,John Curtiss,199.566,0.19256536684605594,0.0919304891614804,0.23470430834911757,0.035112844873375224
steamer,pit,656550,Grant Holmes,43.917,0.19826490880524625,0.09822164537650568,0.23492952615160415,0.03375048386729512
steamer,pit,689690,Alek Jacob,190.147,0.2004759475563643,0.09603885414968419,0.2281981835106523,0.03129042267298458
steamer,pit,669093,Jeremiah Estrada,174.825,0.25193307593307596,0.13086171886171888,0.1994039754039754,0.03271843271843272
steamer,pit,677865,Justin Bruihl,35.667,0.17498528051139708,0.11112512967168531,0.23979308604592478,0.03506518630667003
steamer,pit,621097,Jacob Waguespack,73.371,0.19998637063690014,0.0938531572419621,0.23021493505608487,0.03099617014896894
steamer,pit,678246,Miguel Vargas,5.007,0.10517275813860595,0.19658478130617138,0.23103654883163574,0.031733373277411624
steamer,pit,668984,Casey Legumina,140.474,0.20200748893033588,0.10407263977675583,0.23392300354514006,0.03743518373506842
steamer,pit,681870,Erik Sabrowski,74.66,0.2274899544602197,0.12502410929547284,0.20977497990892044,0.02949959817840879
steamer,pit,650960,Daniel Duarte,124.444,0.20088393172832758,0.12415624698659637,0.22209990035678698,0.0317501044646588
steamer,pit,622766,Miguel Diaz,5.097,0.10559152442613301,0.20776927604473217,0.2286835393368648,0.03531489111241907
steamer,pit,666277,George Soriano,236.014,0.2114421178404671,0.1141317887921903,0.22019922546967552,0.03137102036319879
steamer,pit,687014,Nick Avila,35.227,0.18174411672864565,0.0988190876316462,0.23703409316717292,0.030809606267919495
steamer,pit,665896,José Marte,44.683,0.21387776111720339,0.14226439585524694,0.21315936709710628,0.030088400510261175
steamer,pit,608070,Jose Ramirez,5.211,0.10259067357512952,0.22565726348109766,0.22444828247937054,0.03513932066781807
steamer,pit,694361,Will Klein,125.112,0.20957941684250914,0.13832566020845324,0.21475078329816485,0.02536391393311593
steamer,pit,672782,Yoendrys Gómez,104.076,0.23289903532034284,0.10571409354702335,0.21359295130481573,0.03502565432952842
steamer,pit,669438,Mason Englert,95.321,0.19145518825862087,0.08565688568101468,0.23778390910712227,0.03369666705133182
steamer,pit,675989,Cody Bolton,60.949,0.2278314656516104,0.10834140018704162,0.21384764311145382,0.03261743424830596
steamer,pit,669169,Jonathan Heasley,160.575,0.18560112097150866,0.08395204732990816,0.23960703721002646,0.03959682391405885
steamer,pit,641771,Chad Kuhl,121.951,0.21866979360562852,0.10645177161318892,0.22260580069044125,0.03831776697198055
steamer,pit,681810,Austin Warren,83.811,0.18779277183185977,0.10915631599670687,0.2340301392418656,0.03254417677870446
steamer,pit,670810,Logan Gillaspie,82.573,0.1947949087474114,0.09541375510154652,0.23070495198188273,0.03395250263403292
steamer,pit,680739,Josh Winder,191.805,0.20171684784025443,0.08981934777508407,0.23324000938453118,0.03308453898490655
steamer,pit,681871,Eli Villalobos,44.823,0.18841666108917296,0.12380920509559824,0.22625214733507348,0.031184436561586686
steamer,pit,669060,Bryse Wilson,258.844,0.18985180263015564,0.07554395697794812,0.24267744278407075,0.038427276660845916
steamer,pit,622103,Gerardo Reyes,74.627,0.22141852144666144,0.12680933174320286,0.20847414474653947,0.03153764723223498
steamer,pit,683769,Hunter Gaddis,198.084,0.19785141657074778,0.08801468064053634,0.23107217140203148,0.042242785888814846
steamer,pit,686580,Justin Slaten,233.686,0.2193391987538834,0.11557602937274805,0.22249385928125773,0.03258359508057821
steamer,pit,669062,Erik Miller,255.958,0.2385567163362739,0.13279053594730386,0.20340719961868742,0.026889841302088623
steamer,pit,541640,Erasmo Ramírez,90.129,0.182053501092878,0.07290328307204118,0.24576107579136572,0.033966093044414114
steamer,pit,641302,Tyler Alexander,267.513,0.2036872974397506,0.06866283133903774,0.2396578857849899,0.03747967388500746
steamer,pit,543766,Bryan Shaw,219.78,0.20439803439803442,0.11408317408317409,0.22464782964782964,0.029322231322231322
steamer,pit,690544,Bailey Horn,110.522,0.20774415953384845,0.12236749244494309,0.21745353866198583,0.0325727004578274
steamer,pit,593833,Wander Suero,74.529,0.19404392920876437,0.1037783949871862,0.23102819036884972,0.036419782903299384
steamer,pit,657265,Peter Strzelecki,167.327,0.20868718138734332,0.11194846020068489,0.2236285835519671,0.031213671433779365
steamer,pit,621199,Matt Bowman,124.004,0.18732944098577464,0.1080078061998,0.23259330344182447,0.027848537143963095
steamer,pit,657612,Tim Hill,267.075,0.15099316671347002,0.09837311616587101,0.24622446878217732,0.02870231208462043
steamer,pit,681402,Gus Varland,194.089,0.20759496931819937,0.11068272802683304,0.2247535924240941,0.03405540757075362
steamer,pit,686294,Amos Willingham,194.518,0.17597086130846504,0.1017710443249468,0.238484356203539,0.035538561983980914
steamer,pit,670124,Adam Oller,104.712,0.19794961417984566,0.09239342195736877,0.2307156772862709,0.03929511421804569
steamer,pit,663423,Trent Thornton,263.727,0.20525998475696458,0.09296507373154815,0.22664725265141608,0.03513185983991021
steamer,pit,668970,Gavin Hollowell,239.893,0.20283834876382387,0.11169021188613257,0.23638538848569987,0.03929251791423676
steamer,pit,692285,Luis Guerrero,125.786,0.2077552350818056,0.1305256546833511,0.2211931375510788,0.03247491771739303
steamer,pit,678495,Randy Rodríguez,94.255,0.21467402259827068,0.137106784785953,0.20979152299612755,0.029805633653387092
steamer,pit,571863,Matt Koch,125.168,0.1682634539179343,0.0905087562316247,0.2592699411990285,0.041856624696408024
steamer,pit,675540,Xzavion Curry,277.348,0.1844603170024662,0.08472280312098879,0.2382292282619669,0.04119806164097091
steamer,pit,669308,Sean Reynolds,76.749,0.18613532423875231,0.1328773013329164,0.2209435953562913,0.03364356538847412
steamer,pit,686539,Declan Cronin,124.169,0.15688376325814013,0.1087252051639298,0.242954360589197,0.02756098543114626
steamer,pit,668390,Cole Winn,161.028,0.18661102416970965,0.1298544352534963,0.22613893235958968,0.037150495565988526
steamer,pit,643256,Adam Cimber,262.697,0.1544680753872332,0.09012474447747786,0.2510508304244053,0.033777812460743746
steamer,pit,676760,Ron Marinaccio,256.071,0.24470869407312812,0.1333388005670302,0.20012887050856987,0.03291794072737639
steamer,pit,656420,J.P. Feyereisen,237.571,0.20582646871882512,0.10393524462160786,0.22628561566857908,0.039424003771504096
steamer,pit,676092,Collin Snider,157.658,0.15895482626952012,0.12239467708584406,0.2399630846515876,0.02629463776021515
steamer,pit,665620,Deivi García,277.033,0.2046860843293037,0.1288998061602769,0.2159515292401988,0.03869250233726668
