season,team,name,pa,h,bb,hbp,so,hr
2014,c,"Bullington, Bryan",566,145,32,10,85,14
2014,c,"Egusa, Hirotaka",29,6,3,0,6,0
2014,c,"Fukui, Yuya",268,58,29,9,36,2
2014,c,"Heath, Deunte",171,29,20,0,35,3
2014,c,"Hisamoto, Yuichi",43,7,4,0,10,0
2014,c,"Ichioka, Ryuji",114,16,7,0,27,0
2014,c,"Ikenouchi, Ryosuke",9,2,2,0,0,0
2014,c,"Imai, Keisuke",90,26,11,1,20,1
2014,c,"Imamura, Takeru",88,17,9,0,16,3
2014,c,"Kawauchi, Takaya",46,11,2,3,6,2
2014,c,"Kuri, Aren",366,93,31,6,50,9
2014,c,"Maeda, Kenta",746,164,41,2,161,12
2014,c,"Mickolio, Kam",194,39,18,0,29,1
2014,c,"Nagakawa, Katsuhiro",227,51,13,4,48,9
2014,c,"Nakata, Ren",334,78,25,3,69,9
2014,c,"Nakazaki, Shota",193,45,15,3,32,2
2014,c,"Nishihara, Keita",79,23,5,2,13,2
2014,c,"Nomura, Yusuke",465,114,37,3,75,10
2014,c,"Ono, Jumpei",164,42,14,0,20,6
2014,c,"Osera, Daichi",648,165,40,3,116,20
2014,c,"Phillips, Zach",46,8,3,1,7,1
2014,c,"Shinoda, Jumpei",223,61,14,1,24,5
2014,c,"Toda, Takaya",243,59,22,2,36,7
2014,c,"Ueno, Hirofumi",12,5,2,0,0,0
2014,c,"Umetsu, Tomohiro",80,22,6,1,9,1
2014,c,"Yokoyama, Ryuji",34,12,3,1,3,2
2014,d,"Asakura, Kenta",328,72,31,4,44,10
2014,d,"Asao, Takuya",87,17,12,2,20,4
2014,d,"Cabrera, Daniel",342,77,39,4,59,4
2014,d,"Fukutani, Koji",298,54,26,1,72,2
2014,d,"Hamada, Tatsuro",352,80,33,4,72,8
2014,d,"Ito, Junki",186,48,23,4,24,3
2014,d,"Iwase, Hitoki",134,37,10,0,18,1
2014,d,"Iwata, Shinji",101,26,5,0,22,7
2014,d,"Kawai, Yudai",421,105,24,2,47,8
2014,d,"Kawakami, Kenshin",142,33,17,2,24,2
2014,d,"Kobayashi, Masato",12,7,1,0,1,0
2014,d,"Matayoshi, Katsuki",321,50,28,4,104,3
2014,d,"Mise, Koji",1,0,0,0,1,0
2014,d,"Muto, Yuta",101,18,9,2,18,2
2014,d,"Ogawa, Ryuya",60,11,12,0,5,1
2014,d,"Oguma, Ryosuke",10,4,1,0,0,1
2014,d,"Okada, Toshiya",307,67,31,2,51,5
2014,d,"Ono, Yudai",682,156,47,6,119,14
2014,d,"Payano, Nelson",104,14,16,4,26,2
2014,d,"Sobue, Daisuke",240,52,19,1,36,6
2014,d,"Suzuki, Shota",26,5,1,1,8,3
2014,d,"Suzuki, Yoshihiro",1,1,0,0,0,1
2014,d,"Tajima, Shinji",232,47,29,4,55,5
2014,d,"Takahashi, Akifumi",81,17,7,0,19,0
2014,d,"Wakamatsu, Shunta",72,19,6,0,5,0
2014,d,"Yamai, Daisuke",716,156,66,4,103,13
2014,d,"Yamamoto, Masahiro",60,16,3,1,9,0
2014,d,"Yamauchi, Soma",26,8,5,0,2,1
2014,d,"Yoshimi, Kazuki",62,16,2,0,6,4
2014,db,"Abe, Tateki",23,5,4,0,6,2
2014,db,"Chen, Kuan-Yu",14,5,2,0,3,2
2014,db,"Fujie, Hitoshi",73,19,6,0,14,3
2014,db,"Hayashi, Masanori",175,45,14,0,34,4
2014,db,"Hirata, Shingo",50,9,5,1,7,1
2014,db,"Ino, Shoichi",682,163,49,7,104,18
2014,db,"Kaga, Shigeru",160,37,8,3,26,6
2014,db,"Kagami, Kisho",99,27,9,1,18,4
2014,db,"Kikuchi, Kazumasa",2,1,0,0,0,1
2014,db,"Kobayashi, Futoshi",12,4,0,0,2,1
2014,db,"Kosugi, Yota",8,1,2,0,1,0
2014,db,"Kubo, Yasutomo",759,181,54,11,119,8
2014,db,"Kuniyoshi, Yuki",267,61,23,1,59,4
2014,db,"Mantani, Kohei",117,23,11,0,23,3
2014,db,"Mikami, Tomoya",279,55,27,4,67,3
2014,db,"Mishima, Kazuki",126,41,14,1,24,5
2014,db,"Miura, Daisuke",403,99,23,4,55,14
2014,db,"Moscoso, Guillermo",608,133,45,2,96,15
2014,db,"Ohara, Shinji",143,32,13,2,28,1
2014,db,"Osada, Shuichiro",205,47,19,1,34,3
2014,db,"Ota, Atori",20,3,5,0,2,0
2014,db,"Sosa, Jorge",118,35,14,1,14,2
2014,db,"Soto, Enyelbert",93,17,6,2,10,2
2014,db,"Suda, Kota",64,20,2,0,14,2
2014,db,"Takahashi, Hisanori",230,65,21,1,33,14
2014,db,"Takasaki, Kentaro",213,54,14,0,30,6
2014,db,"Tanaka, Kenjiro",68,21,3,1,17,1
2014,db,"Tsuchiya, Kenji",35,11,3,1,3,0
2014,db,"Yamaguchi, Shun",536,107,60,3,96,5
2014,e,"Aihara, Kazutomo",91,23,11,1,5,0
2014,e,"Aoyama, Koji",230,52,20,2,49,6
2014,e,"Blackley, Travis",63,21,5,0,7,2
2014,e,"Cruz, Rhiner",136,34,17,1,24,2
2014,e,"Falkenborg, Brian",151,31,8,2,45,2
2014,e,"Fukuyama, Hiroyuki",265,63,12,1,32,2
2014,e,"Furukawa, Yuri",12,3,3,0,1,0
2014,e,"Hamaya, Kodai",24,9,3,0,0,0
2014,e,"Hasebe, Kohei",156,35,14,1,31,4
2014,e,"Kaneto, Norihito",50,12,8,1,2,1
2014,e,"Karashima, Wataru",662,160,46,4,99,11
2014,e,"Katayama, Hiroshi",10,2,4,1,0,0
2014,e,"Kawai, Takashi",179,46,16,2,27,4
2014,e,"Kikuchi, Yasunori",211,40,18,3,36,5
2014,e,"Konno, Ryuta",25,9,0,0,1,2
2014,e,"Koyama, Shinichiro",48,13,4,1,6,1
2014,e,"Matsui, Yuki",504,91,67,8,126,2
2014,e,"Mima, Manabu",327,84,25,7,51,4
2014,e,"Miyagawa, Sho",183,44,17,3,32,5
2014,e,"Mori, Yudai",135,34,19,1,22,2
2014,e,"Muto, Yoshitaka",85,17,10,1,13,3
2014,e,"Nagai, Satoshi",29,9,2,0,7,1
2014,e,"Nishimiya, Yusuke",211,41,29,1,51,3
2014,e,"Norimoto, Takahiro",821,187,39,6,204,14
2014,e,"Saito, Takashi",134,27,15,2,21,2
2014,e,"Shiomi, Takahiro",501,135,27,3,78,15
2014,e,"Tomura, Kenji",25,9,0,1,4,2
2014,e,"Uezono, Keiji",104,28,7,2,14,0
2014,e,"Van Mil, Loek",39,7,7,1,7,0
2014,e,"Yokoyama, Takaaki",75,17,2,2,10,6
2014,f,"Arakaki, Hayato",23,7,2,1,3,2
2014,f,"Carter, Anthony",195,42,24,0,33,2
2014,f,"Crotta, Michael",241,49,16,5,36,4
2014,f,"Enoshita, Yodai",3,1,1,0,0,0
2014,f,"Fujioka, Yoshiaki",57,18,4,0,8,0
2014,f,"Hakumura, Akihiro",49,9,6,1,10,1
2014,f,"Inui, Masahiro",7,3,1,0,2,0
2014,f,"Ishii, Yuya",49,14,8,0,6,1
2014,f,"Kagiya, Yohei",119,25,10,2,27,4
2014,f,"Kanehira, Masashi",34,13,2,1,5,1
2014,f,"Kawano, Hidekazu",81,18,13,2,14,2
2014,f,"Kisanuki, Hiroshi",115,29,7,0,21,1
2014,f,"Masui, Hirotoshi",243,47,24,1,59,5
2014,f,"Mendoza, Luis",698,170,45,10,119,6
2014,f,"Miyanishi, Naoki",218,47,23,4,46,2
2014,f,"Moriuchi, Toshiharu",20,3,3,1,2,0
2014,f,"Nakamura, Masaru",420,89,48,5,43,12
2014,f,"Otani, Shohei",639,125,57,4,179,7
2014,f,"Otsuka, Yutaka",91,18,14,1,9,3
2014,f,"Saito, Masaru",20,4,4,0,4,0
2014,f,"Saito, Yuki",118,28,16,1,20,4
2014,f,"Tadano, Kazuhito",25,9,0,0,1,0
2014,f,"Takeda, Hisashi",48,16,5,0,7,0
2014,f,"Takeda, Masaru",278,72,20,2,33,12
2014,f,"Tanimoto, Keisuke",260,41,19,2,63,4
2014,f,"Urano, Hiroshi",473,104,36,3,78,13
2014,f,"Uwasawa, Naoyuki",559,113,45,7,105,14
2014,f,"Yanuki, Toshiyuki",118,27,10,2,18,1
2014,f,"Yoshikawa, Mitsuo",329,79,36,2,49,7
2014,g,"Anan, Toru",24,7,3,0,4,1
2014,g,"Aoki, Takahiro",131,30,8,2,15,1
2014,g,"Egarashi, Yuki",119,28,9,1,15,1
2014,g,"Fukuda, Satoshi",71,23,6,1,6,2
2014,g,"Imamura, Nobutaka",172,47,14,2,19,9
2014,g,"Kasahara, Shoki",166,43,15,2,33,5
2014,g,"Katsuki, Ryota",148,37,9,1,19,1
2014,g,"Koyama, Yuki",390,85,28,3,71,7
2014,g,"Kubo, Yuya",257,59,20,6,51,8
2014,g,"Mathieson, Scott",277,59,23,1,75,8
2014,g,"Miyaguni, Ryosuke",64,22,3,1,6,3
2014,g,"Nishimura, Kentaro",229,59,22,1,39,2
2014,g,"Otake, Kan",546,127,34,4,79,13
2014,g,"Sawamura, Hirokazu",299,69,14,2,66,3
2014,g,"Seddon, Chris",226,58,20,0,37,5
2014,g,"Sugano, Tomoyuki",640,138,36,2,122,12
2014,g,"Sugiuchi, Toshiya",654,144,41,5,145,18
2014,g,"Sunaga, Hideki",5,3,1,0,0,0
2014,g,"Tahara, Seiji",71,11,3,3,15,4
2014,g,"Takagi, Kyosuke",116,24,9,1,26,4
2014,g,"Tsuchida, Mizuki",56,15,6,0,8,3
2014,g,"Utsumi, Tetsuya",603,139,36,5,105,11
2014,g,"Yamaguchi, Tetsuya",246,61,20,6,42,1
2014,h,"Barrios, Edison",12,3,2,0,3,0
2014,h,"Ejiri, Shintaro",25,8,0,0,2,1
2014,h,"Hidaka, Ryo",6,1,1,0,0,0
2014,h,"Higashihama, Nao",161,35,23,1,30,3
2014,h,"Hoashi, Kazuyuki",312,82,20,4,40,6
2014,h,"Hoshino, Daichi",16,1,3,0,3,0
2014,h,"Igarashi, Ryota",226,33,18,1,71,0
2014,h,"Iida, Yuya",244,47,29,0,59,5
2014,h,"Iwasaki, Sho",266,64,15,4,37,10
2014,h,"Kayama, Shinya",164,44,9,1,40,3
2014,h,"Kim, Mu-Young",130,28,8,0,23,3
2014,h,"Mori, Yuito",247,47,15,1,54,1
2014,h,"Morifuku, Masahiko",186,32,14,3,47,2
2014,h,"Nakata, Kenichi",623,139,65,8,116,10
2014,h,"Oba, Shota",31,7,2,0,6,1
2014,h,"Okajima, Hideki",175,32,14,2,36,3
2014,h,"Oseguera, Paul",58,19,5,0,7,1
2014,h,"Otonari, Kenji",204,34,14,2,45,2
2014,h,"Sarfate, Dennis",272,50,22,1,96,0
2014,h,"Senga, Kodai",90,17,5,1,28,0
2014,h,"Settsu, Tadashi",576,113,59,8,85,10
2014,h,"Standridge, Jason",725,156,57,10,129,13
2014,h,"Takeda, Shota",185,36,22,2,43,1
2014,h,"Tatsumi, Shingo",11,4,1,0,3,0
2014,h,"Terahara, Hayato",116,26,11,2,14,8
2014,h,"Wolfe, Brian",196,44,14,0,32,5
2014,h,"Yamada, Hiroki",26,5,6,0,0,0
2014,h,"Yamanaka, Hirofumi",13,4,0,0,1,0
2014,h,"Yanase, Akihiro",140,23,15,3,27,2
2014,l,"Aiuchi, Makoto",30,8,6,2,3,2
2014,l,"Bowden, Michael",179,38,24,1,30,4
2014,l,"Fujiwara, Ryohei",229,56,25,6,30,2
2014,l,"Hirano, Masamitsu",43,10,8,0,4,1
2014,l,"Iwao, Toshihiro",79,15,4,2,21,0
2014,l,"Kikuchi, Yusei",615,133,78,5,111,9
2014,l,"Kishi, Takayuki",630,126,36,2,126,16
2014,l,"Kobayashi, Hiroyuki",59,16,8,0,10,1
2014,l,"Koishi, Hirotaka",71,14,7,2,8,2
2014,l,"Makita, Kazuhisa",734,170,50,12,89,10
2014,l,"Masuda, Tatsushi",181,35,13,1,37,3
2014,l,"Miyata, Kazuki",63,14,8,0,17,1
2014,l,"Nakago, Taiki",109,31,11,0,7,5
2014,l,"Nishiguchi, Fumiya",51,10,8,3,11,3
2014,l,"Nogami, Ryoma",522,123,42,5,68,15
2014,l,"Okamoto, Atsushi",178,44,22,1,28,1
2014,l,"Okamoto, Yosuke",371,96,32,2,53,8
2014,l,"Reynolds, Greg",281,77,23,5,29,5
2014,l,"Takahashi, Tomomi",258,47,24,1,80,2
2014,l,"Takekuma, Shota",206,39,22,2,33,2
2014,l,"Tanaka, Yasuhiro",35,11,5,1,2,1
2014,l,"Togame, Ken",255,59,24,2,41,6
2014,l,"Toyoda, Takuya",172,48,10,2,17,5
2014,l,"Williams, Randy",230,54,25,4,59,1
2014,m,"Fujioka, Takahiro",584,142,51,4,97,19
2014,m,"Furuya, Takuya",461,110,44,6,68,8
2014,m,"Hattori, Yasutaka",48,14,8,2,3,2
2014,m,"Ishikawa, Ayumu",669,165,37,4,111,10
2014,m,"Ito, Yoshihiro",23,4,3,1,3,0
2014,m,"Kanamori, Takayuki",51,16,9,0,3,2
2014,m,"Karakawa, Yuki",520,146,33,8,62,10
2014,m,"Katsuki, Ryoji",11,1,0,0,3,0
2014,m,"Kimura, Yuta",177,48,19,2,24,4
2014,m,"Kurosawa, Shota",20,5,3,1,0,0
2014,m,"Masuda, Naoya",226,56,16,2,57,3
2014,m,"Matsunaga, Takahiro",185,48,16,5,21,3
2014,m,"Minami, Masaki",103,18,15,1,23,3
2014,m,"Nakaushiro, Yuhei",19,3,5,0,1,0
2014,m,"Naruse, Yoshihisa",614,153,41,4,88,18
2014,m,"Nishino, Yuji",219,33,15,0,63,4
2014,m,"Omine, Yuta",241,60,20,1,31,4
2014,m,"Otani, Tomohisa",230,45,10,4,40,2
2014,m,"Rosa, Carlos",177,35,17,1,27,5
2014,m,"Uchi, Tatsuya",28,9,2,0,6,1
2014,m,"Ueno, Hiroki",185,44,12,1,24,12
2014,m,"Wakui, Hideaki",708,158,63,10,116,9
2014,m,"Yoshihara, Syohei",46,15,5,0,3,3
2014,s,"Abe, Kenta",74,25,8,0,11,4
2014,s,"Akagawa, Katsuki",140,41,18,0,16,6
2014,s,"Akiyoshi, Ryo",276,52,19,0,62,10
2014,s,"Arakaki, Nagisa",44,14,5,2,6,0
2014,s,"Barnette, Tony",132,27,11,0,42,4
2014,s,"Carpenter, Chris",144,30,24,3,27,3
2014,s,"Emura, Masaya",69,17,4,2,13,4
2014,s,"Furuno, Masato",316,92,29,1,47,10
2014,s,"Hidaka, Ryo",4,1,1,0,0,1
2014,s,"Ishikawa, Masanori",725,181,49,6,101,20
2014,s,"Ishiyama, Taichi",480,111,46,3,79,15
2014,s,"Iwahashi, Keiji",67,18,7,0,13,0
2014,s,"Kiya, Ryohei",288,72,33,2,35,8
2014,s,"Kyuko, Kentaro",156,39,13,4,22,4
2014,s,"Matsuoka, Kenichi",218,52,20,2,35,6
2014,s,"Muranaka, Kyohei",152,34,12,1,22,2
2014,s,"Nakazawa, Masato",98,20,10,0,20,1
2014,s,"Narveson, Chris",593,136,53,2,96,16
2014,s,"Ogawa, Yasuhiro",469,119,22,3,108,13
2014,s,"Oshimoto, Takehiko",36,11,3,1,6,2
2014,s,"Roman, Orlando",65,11,7,1,9,0
2014,s,"Sanada, Hiroki",73,24,2,0,7,3
2014,s,"Shichijo, Yuki",117,27,11,0,15,3
2014,s,"Sugiura, Toshihiro",92,23,2,1,28,5
2014,s,"Tokuyama, Takeaki",97,19,12,2,15,3
2014,s,"Yagi, Ryosuke",461,119,41,2,76,10
2014,s,"Yamamoto, Tetsuya",207,54,18,2,22,4
2014,s,"Yamanaka, Hirofumi",52,17,4,0,7,4
2014,t,"Akiyama, Takumi",42,18,4,0,5,3
2014,t,"Ando, Yuya",206,53,16,0,41,2
2014,t,"Enokida, Daiki",216,60,20,6,42,2
2014,t,"Fujinami, Shintaro",704,150,64,11,172,6
2014,t,"Fukuhara, Shinobu",224,55,13,2,47,8
2014,t,"Futagami, Kazuhito",70,25,3,0,13,2
2014,t,"Ito, Kazuo",45,8,8,0,11,1
2014,t,"Iwamoto, Akira",16,3,2,0,1,0
2014,t,"Iwasada, Yuta",127,24,15,0,21,2
2014,t,"Iwata, Minoru",601,123,43,2,116,13
2014,t,"Iwazaki, Suguru",379,85,26,4,76,6
2014,t,"Kaneda, Kazuyuki",264,65,20,0,41,6
2014,t,"Kato, Kosuke",115,31,10,2,15,2
2014,t,"Kojima, Tatsuya",32,11,3,0,9,0
2014,t,"Matsuda, Ryoma",19,3,2,0,3,0
2014,t,"Messenger, Randy",872,188,69,8,226,14
2014,t,"Nomi, Atsushi",720,170,48,3,151,16
2014,t,"Oh, Seung-Hwan",258,41,13,1,81,5
2014,t,"Saiuchi, Hiroaki",103,23,10,1,25,3
2014,t,"Takamiya, Kazuya",78,18,3,1,14,3
2014,t,"Tamaki, Yutaka",19,4,1,0,8,1
2014,t,"Tateyama, Yoshinori",31,9,1,1,3,0
2014,t,"Tsuru, Naoto",119,27,14,1,12,5
2014,t,"Tsutsui, Kazuya",146,31,14,1,33,2
2014,t,"Watanabe, Ryo",64,12,11,0,7,2
2014,t,"Yamamoto, Syoya",6,3,0,0,1,0
2015,c,"Egusa, Hirotaka",35,7,4,1,7,0
2015,c,"Fukui, Yuya",541,106,53,5,99,10
2015,c,"Heath, Deunte",205,43,19,0,59,3
2015,c,"Ichioka, Ryuji",176,42,21,1,35,5
2015,c,"Iida, Tetsuya",72,12,10,0,11,1
2015,c,"Imai, Keisuke",71,16,2,1,11,2
2015,c,"Imamura, Takeru",115,24,13,0,22,1
2015,c,"Johnson, Kris",773,146,67,2,150,5
2015,c,"Kawauchi, Takaya",3,2,0,0,0,0
2015,c,"Kuri, Aren",75,19,7,1,10,3
2015,c,"Kuroda, Hiroki",685,158,29,7,106,8
2015,c,"Maeda, Kenta",821,168,41,6,175,5
2015,c,"Nagakawa, Katsuhiro",119,27,14,3,27,2
2015,c,"Nakamura, Kyohei",18,7,1,0,3,1
2015,c,"Nakata, Ren",20,4,3,0,4,0
2015,c,"Nakazaki, Shota",300,65,23,1,61,4
2015,c,"Nishihara, Keita",11,3,0,1,3,0
2015,c,"Nomura, Yusuke",384,110,23,3,51,11
2015,c,"Osera, Daichi",475,111,31,1,97,5
2015,c,"Takeuchi, Hisashi",21,7,2,0,1,0
2015,c,"Toda, Takaya",273,59,29,0,44,4
2015,c,"Yabuta, Kazuki",120,25,20,2,18,3
2015,c,"Zagurski, Mike",66,13,7,0,16,1
2015,d,"Asakura, Kenta",23,8,2,0,1,1
2015,d,"Asao, Takuya",142,31,17,1,34,3
2015,d,"Fukutani, Koji",176,38,20,3,25,3
2015,d,"Hamada, Tatsuro",72,10,16,0,9,3
2015,d,"Hamada, Tomohiro",7,5,0,0,2,2
2015,d,"Ito, Junki",33,9,3,1,3,0
2015,d,"Iwata, Shinji",71,17,8,1,7,1
2015,d,"Kaneko, Takeshi",58,17,1,1,12,0
2015,d,"Kawai, Yudai",69,16,4,0,8,1
2015,d,"Matayoshi, Katsuki",301,64,23,4,82,5
2015,d,"Muto, Yuta",120,31,12,0,10,2
2015,d,"Naylor, Drew",220,48,19,4,41,5
2015,d,"Nishikawa, Kentaro",33,7,6,0,6,0
2015,d,"Nomura, Ryosuke",19,8,3,0,1,0
2015,d,"Ogawa, Ryuya",10,3,1,1,1,0
2015,d,"Oguma, Ryosuke",183,39,17,2,24,6
2015,d,"Okada, Toshiya",225,38,15,2,55,1
2015,d,"Ono, Yudai",826,169,47,3,154,12
2015,d,"Sobue, Daisuke",144,32,7,2,28,1
2015,d,"Suzuki, Shota",20,6,3,0,2,0
2015,d,"Tajima, Shinji",316,68,25,6,62,4
2015,d,"Takahashi, Akifumi",109,27,2,1,26,1
2015,d,"Valdes, Raul",560,130,36,2,93,6
2015,d,"Wakamatsu, Shunta",575,111,50,2,113,10
2015,d,"Yagi, Tomoya",257,63,22,2,45,10
2015,d,"Yamai, Daisuke",589,132,50,2,79,13
2015,d,"Yamamoto, Masahiro",7,1,2,0,2,0
2015,d,"Yamamoto, Masashi",22,7,2,0,2,1
2015,d,"Yoshimi, Kazuki",186,34,12,1,39,0
2015,db,"Abe, Tateki",38,6,6,0,6,1
2015,db,"Below, Duane",11,2,5,0,0,0
2015,db,"Fukuchi, Motoharu",74,16,12,0,16,0
2015,db,"Hayashi, Masanori",89,26,6,0,10,1
2015,db,"Herrera, Yoslan",211,44,15,2,53,2
2015,db,"Hirata, Shingo",140,29,14,1,27,2
2015,db,"Ino, Shoichi",598,164,40,3,92,13
2015,db,"Ishida, Kenta",300,67,26,1,58,6
2015,db,"Kaga, Shigeru",37,11,3,0,6,2
2015,db,"Kobayashi, Hiroshi",64,13,10,0,11,0
2015,db,"Kosugi, Yota",164,37,20,1,27,3
2015,db,"Kubo, Yasutomo",523,130,27,5,88,16
2015,db,"Kuniyoshi, Yuki",138,22,16,3,28,1
2015,db,"Mantani, Kohei",26,6,2,0,4,0
2015,db,"Mikami, Tomoya",93,16,9,1,20,0
2015,db,"Mishima, Kazuki",384,84,34,3,67,9
2015,db,"Miura, Daisuke",416,103,25,1,62,9
2015,db,"Moscoso, Guillermo",267,62,27,1,54,8
2015,db,"Ohara, Shinji",65,16,2,1,13,3
2015,db,"Okajima, Hideki",35,6,8,0,7,1
2015,db,"Osada, Shuichiro",167,36,19,0,18,1
2015,db,"Suda, Kota",241,59,23,0,42,10
2015,db,"Sunada, Yoshiki",335,85,28,2,57,5
2015,db,"Takahashi, Hisanori",45,14,4,0,4,3
2015,db,"Takasaki, Kentaro",149,46,10,0,19,1
2015,db,"Tanaka, Kenjiro",140,29,16,0,29,1
2015,db,"Tono, Shun",20,4,4,0,0,0
2015,db,"Yamaguchi, Shun",508,127,42,3,119,13
2015,db,"Yamasaki, Yasuaki",215,38,11,1,66,2
2015,e,"Aihara, Kazutomo",14,3,1,0,1,0
2015,e,"Aizawa, Susumu",41,11,7,2,1,0
2015,e,"Anraku, Tomohiro",24,2,5,0,4,0
2015,e,"Aoyama, Koji",223,37,18,1,58,3
2015,e,"Cruz, Rhiner",218,40,29,4,42,2
2015,e,"Fujie, Hitoshi",25,7,3,0,2,0
2015,e,"Fukuyama, Hiroyuki",248,62,21,1,29,2
2015,e,"Hamaya, Kodai",57,19,9,0,14,2
2015,e,"Hasebe, Kohei",24,6,6,0,3,0
2015,e,"Irino, Takahiro",127,32,13,0,24,5
2015,e,"Kamata, Yoshinao",96,28,9,0,12,4
2015,e,"Kaneto, Norihito",51,11,9,3,5,0
2015,e,"Karashima, Wataru",332,74,29,0,56,7
2015,e,"Kato, Masashi",55,17,2,0,3,2
2015,e,"Kawai, Takashi",81,24,3,0,11,5
2015,e,"Kikuchi, Yasunori",448,96,42,5,71,5
2015,e,"Konno, Ryuta",17,4,3,1,1,1
2015,e,"Koyama, Shinichiro",1,1,0,0,0,0
2015,e,"Matsui, Yuki",284,37,28,2,103,3
2015,e,"Mima, Manabu",380,102,21,1,62,9
2015,e,"Mori, Yudai",75,16,9,1,17,1
2015,e,"Muto, Yoshitaka",316,83,29,5,38,5
2015,e,"Nagai, Satoshi",1,0,0,0,1,0
2015,e,"Nishimiya, Yusuke",62,15,10,3,8,1
2015,e,"Norimoto, Takahiro",797,176,48,4,215,14
2015,e,"Ono, Fumiya",27,10,4,1,0,1
2015,e,"Otsuka, Takahito",21,7,2,0,2,1
2015,e,"Ray, Kenny",461,107,31,7,76,14
2015,e,"Saito, Takashi",12,5,1,0,1,1
2015,e,"Shiomi, Takahiro",392,87,15,3,78,14
2015,e,"Tomura, Kenji",572,152,40,4,78,7
2015,e,"Umetsu, Tomohiro",7,4,0,0,1,1
2015,e,"Yokoyama, Takaaki",81,27,9,1,6,3
2015,f,"Arakaki, Hayato",46,14,1,0,8,5
2015,f,"Arihara, Kohei",453,113,32,3,81,13
2015,f,"Crotta, Michael",145,36,19,5,18,2
2015,f,"Fujioka, Yoshiaki",35,11,2,0,2,1
2015,f,"Garate, Victor",116,20,17,4,19,0
2015,f,"Hakumura, Akihiro",233,42,19,3,66,6
2015,f,"Inui, Masahiro",39,6,6,0,10,1
2015,f,"Ishii, Yuya",151,31,14,1,26,0
2015,f,"Kagiya, Yohei",159,45,12,1,32,3
2015,f,"Kanehira, Masashi",12,2,1,0,1,0
2015,f,"Kisanuki, Hiroshi",3,0,0,0,2,0
2015,f,"Lively, Mitch",89,19,15,1,22,0
2015,f,"Masui, Hirotoshi",238,44,19,0,71,1
2015,f,"Mendoza, Luis",626,134,62,8,85,8
2015,f,"Miyanishi, Naoki",163,29,11,1,30,4
2015,f,"Moriuchi, Toshiharu",8,2,0,0,2,0
2015,f,"Nakamura, Masaru",218,41,33,3,26,5
2015,f,"Otani, Shohei",621,100,46,3,196,7
2015,f,"Otsuka, Yutaka",13,1,3,0,1,0
2015,f,"Saito, Yuki",190,52,14,1,24,5
2015,f,"Segawa, Hayao",47,11,5,0,9,0
2015,f,"Sunaga, Hideki",24,7,1,0,2,2
2015,f,"Takanashi, Hirotoshi",31,5,3,1,7,1
2015,f,"Takeda, Masaru",168,51,5,4,15,6
2015,f,"Tanimoto, Keisuke",241,54,15,2,47,0
2015,f,"Urano, Hiroshi",195,51,19,0,33,5
2015,f,"Uwasawa, Naoyuki",335,75,30,5,43,6
2015,f,"Yagi, Shogo",104,24,6,1,11,3
2015,f,"Yanuki, Toshiyuki",60,15,4,0,11,1
2015,f,"Yoshikawa, Mitsuo",684,151,57,11,93,16
2015,g,"Kasahara, Shoki",90,25,11,0,18,4
2015,g,"Katsuki, Ryota",58,14,2,0,5,2
2015,g,"Koyama, Yuki",68,18,7,0,10,2
2015,g,"Mathieson, Scott",244,47,21,2,55,5
2015,g,"Mendoza, Hector",13,3,1,0,3,0
2015,g,"Mikolas, Miles",557,107,23,1,107,8
2015,g,"Miyaguni, Ryosuke",194,38,15,0,28,4
2015,g,"Nishimura, Kentaro",4,1,0,0,0,1
2015,g,"Otake, Kan",227,56,11,0,35,5
2015,g,"Poreda, Aaron",619,133,46,8,101,6
2015,g,"Sawamura, Hirokazu",282,58,21,3,60,4
2015,g,"Sugano, Tomoyuki",710,148,41,7,126,10
2015,g,"Sugiuchi, Toshiya",401,88,35,3,93,9
2015,g,"Taguchi, Kazuto",274,54,26,3,64,5
2015,g,"Tahara, Seiji",75,11,9,2,18,1
2015,g,"Takagi, Hayato",678,143,47,8,131,16
2015,g,"Takagi, Kyosuke",167,31,13,0,43,4
2015,g,"Tone, Chiaki",168,26,18,0,39,3
2015,g,"Tsuchida, Mizuki",57,14,6,0,13,1
2015,g,"Utsumi, Tetsuya",104,30,6,0,10,4
2015,g,"Yamaguchi, Tetsuya",216,48,15,2,31,5
2015,g,"Yanuki, Toshiyuki",8,3,1,0,2,0
2015,h,"Barrios, Edison",152,37,16,3,34,1
2015,h,"Higashihama, Nao",135,34,17,1,23,2
2015,h,"Hoashi, Kazuyuki",75,21,3,0,12,2
2015,h,"Igarashi, Ryota",203,31,15,4,59,1
2015,h,"Iida, Yuya",176,30,22,1,44,3
2015,h,"Iwasaki, Sho",46,11,4,0,5,3
2015,h,"Kayama, Shinya",63,14,5,1,14,2
2015,h,"Mori, Yuito",234,46,10,1,66,3
2015,h,"Morifuku, Masahiko",79,25,3,0,16,2
2015,h,"Nakata, Kenichi",657,134,61,9,130,17
2015,h,"Niho, Akira",229,51,23,3,28,3
2015,h,"Otonari, Kenji",300,62,15,6,35,9
2015,h,"Sarfate, Dennis",235,27,14,1,102,4
2015,h,"Senga, Kodai",85,9,10,0,21,0
2015,h,"Settsu, Tadashi",566,130,45,4,92,14
2015,h,"Shimabukuro, Yosuke",9,1,2,0,2,0
2015,h,"Standridge, Jason",617,150,44,8,81,12
2015,h,"Takeda, Shota",684,142,59,2,163,14
2015,h,"Tatsumi, Shingo",61,15,8,0,8,3
2015,h,"Terahara, Hayato",332,71,19,3,58,11
2015,h,"van den Hurk, Rick",369,69,22,4,120,6
2015,h,"Wolfe, Brian",47,18,4,0,3,1
2015,h,"Yanase, Akihiro",44,9,6,0,13,0
2015,l,"Fujiwara, Ryohei",52,10,8,1,7,1
2015,l,"Fukukura, Kentaro",10,1,4,0,2,0
2015,l,"Iwao, Toshihiro",140,34,18,3,29,0
2015,l,"Kikuchi, Yusei",542,97,55,2,122,9
2015,l,"Kishi, Takayuki",434,75,25,5,91,6
2015,l,"Koishi, Hirotaka",23,5,0,2,5,2
2015,l,"Kuo, Chun-Lin",377,97,37,7,49,10
2015,l,"LeBlanc, Wade",196,43,18,2,26,6
2015,l,"Makita, Kazuhisa",596,143,44,11,66,7
2015,l,"Masuda, Tatsushi",302,64,15,4,62,1
2015,l,"Mejia, Miguel",23,10,3,0,4,1
2015,l,"Miyata, Kazuki",91,19,15,0,15,3
2015,l,"Nishiguchi, Fumiya",19,6,1,0,4,1
2015,l,"Nogami, Ryoma",565,127,46,4,77,15
2015,l,"Oishi, Tatsuya",13,3,1,0,3,0
2015,l,"Okamoto, Atsushi",89,25,2,2,8,2
2015,l,"Okamoto, Yosuke",284,62,20,6,43,12
2015,l,"Sano, Yasuo",26,6,5,0,4,1
2015,l,"Takahashi, Kona",185,32,23,4,22,3
2015,l,"Takahashi, Tomomi",264,49,26,5,55,3
2015,l,"Takekuma, Shota",255,55,36,1,36,1
2015,l,"Tanaka, Yasuhiro",105,23,7,0,13,1
2015,l,"Togame, Ken",644,145,53,8,107,19
2015,l,"Toyoda, Takuya",15,1,4,0,2,0
2015,l,"Vasquez, Esmerling",161,40,21,3,21,0
2015,m,"Abe, Kazunari",89,26,8,0,11,3
2015,m,"Chen, Kuan-Yu",259,61,23,2,47,4
2015,m,"Fujioka, Takahiro",234,51,20,4,52,4
2015,m,"Furuya, Takuya",235,50,28,3,39,7
2015,m,"Futaki, Kota",20,4,2,0,3,0
2015,m,"Ishikawa, Ayumu",751,191,34,5,126,15
2015,m,"Ito, Yoshihiro",33,8,1,4,1,1
2015,m,"Kanamori, Takayuki",95,29,6,1,17,4
2015,m,"Karakawa, Yuki",288,78,27,3,31,9
2015,m,"Katsuki, Ryoji",221,51,16,2,36,4
2015,m,"Kimura, Yuta",82,23,8,1,7,2
2015,m,"Kurosawa, Shota",53,15,2,0,4,1
2015,m,"Masuda, Naoya",227,48,21,2,42,2
2015,m,"Matsunaga, Takahiro",123,24,13,4,24,3
2015,m,"Nishino, Yuji",219,44,12,1,71,1
2015,m,"Omine, Yuta",574,141,46,5,70,8
2015,m,"Otani, Tomohisa",250,57,5,2,53,4
2015,m,"Rhee, Dae-Eun",536,121,63,3,106,11
2015,m,"Rosa, Carlos",126,33,11,0,21,4
2015,m,"Tanaka, Eisuke",37,12,7,0,5,0
2015,m,"Uchi, Tatsuya",88,18,8,2,21,0
2015,m,"Uematsu, Masatomo",40,11,7,1,8,1
2015,m,"Ueno, Hiroki",9,2,1,0,3,0
2015,m,"Wakui, Hideaki",786,178,57,8,117,11
2015,m,"Yachi, Kento",54,16,2,1,11,2
2015,s,"Akiyoshi, Ryo",305,51,28,6,81,6
2015,s,"Arakaki, Nagisa",367,89,36,2,70,13
2015,s,"Barnette, Tony",246,37,19,3,56,1
2015,s,"Furuno, Masato",307,91,18,5,39,6
2015,s,"Ishikawa, Masanori",598,150,28,3,90,16
2015,s,"Ishiyama, Taichi",479,118,38,2,78,7
2015,s,"Iwahashi, Keiji",6,2,1,0,0,1
2015,s,"Kanabushi, Hugo",9,4,1,0,0,0
2015,s,"Kazahari, Ren",2,0,0,1,0,0
2015,s,"Kiya, Ryohei",15,6,0,0,2,2
2015,s,"Kyuko, Kentaro",102,23,9,1,23,1
2015,s,"Matsuoka, Kenichi",152,31,15,4,31,1
2015,s,"Nakazawa, Masato",136,32,15,1,21,2
2015,s,"Naruse, Yoshihisa",339,83,21,1,46,16
2015,s,"Ogawa, Yasuhiro",700,152,48,4,128,18
2015,s,"Ondrusek, Logan",276,52,22,1,62,2
2015,s,"Roman, Orlando",330,66,35,3,58,2
2015,s,"Sugiura, Toshihiro",164,35,21,0,25,2
2015,s,"Tateyama, Shohei",260,44,36,4,36,4
2015,s,"Terada, Tetsuya",16,2,4,1,3,0
2015,s,"Tokuyama, Takeaki",217,48,22,0,50,4
2015,s,"Yagi, Ryosuke",47,14,3,0,5,2
2015,s,"Yamamoto, Tetsuya",72,20,2,1,11,1
2015,s,"Yamanaka, Hirofumi",210,54,7,5,20,5
2015,t,"Akiyama, Takumi",58,14,3,0,9,0
2015,t,"Ando, Yuya",184,43,11,2,32,4
2015,t,"Enokida, Daiki",42,9,4,1,8,1
2015,t,"Fujinami, Shintaro",840,162,82,11,221,9
2015,t,"Fukuhara, Shinobu",223,55,18,0,40,4
2015,t,"Futagami, Kazuhito",58,11,5,1,17,1
2015,t,"Ishizaki, Tsuyoshi",54,12,8,1,11,1
2015,t,"Iwamoto, Akira",144,37,15,1,20,1
2015,t,"Iwasada, Yuta",95,24,11,2,11,2
2015,t,"Iwata, Minoru",722,168,49,5,119,13
2015,t,"Iwazaki, Suguru",326,74,19,5,57,7
2015,t,"Kaneda, Kazuyuki",53,19,6,0,8,1
2015,t,"Kato, Kosuke",13,4,2,0,2,0
2015,t,"Kojima, Tatsuya",42,9,5,0,6,2
2015,t,"Kuwahara, Kentaro",34,9,6,0,5,1
2015,t,"Matsuda, Ryoma",143,36,15,1,31,4
2015,t,"Messenger, Randy",799,163,60,4,194,10
2015,t,"Nomi, Atsushi",672,170,38,2,125,13
2015,t,"Oh, Seung-Hwan",289,64,16,2,66,6
2015,t,"Saiuchi, Hiroaki",144,15,27,1,23,1
2015,t,"Santiago, Mario",76,20,7,0,7,2
2015,t,"Shimamoto, Hiroya",93,31,8,1,12,6
2015,t,"Takamiya, Kazuya",157,35,15,3,27,2
2015,t,"Tamaki, Yutaka",12,3,1,0,4,1
2015,t,"Tsuru, Naoto",31,8,2,0,5,0
2015,t,"Tsutsui, Kazuya",25,8,3,0,7,0
2015,t,"Watanabe, Ryo",7,1,2,0,1,0
2015,t,"Yamamoto, Shoya",46,11,3,0,10,0
2015,t,"Yokoyama, Yuya",66,15,11,1,12,2
2016,c,"Delabar, Steve",6,0,0,0,4,0
2016,c,"Egusa, Hirotaka",38,8,4,1,5,1
2016,c,"Fukui, Yuya",345,84,30,4,63,9
2016,c,"Hagens, Bradin",342,71,33,3,33,4
2016,c,"Hisamoto, Yuichi",9,4,2,0,2,1
2016,c,"Horie, Atsuya",28,6,4,1,6,2
2016,c,"Ichioka, Ryuji",96,16,10,0,21,0
2016,c,"Iida, Tetsuya",14,4,0,0,4,0
2016,c,"Imamura, Takeru",299,60,22,0,87,3
2016,c,"Jackson, Jay",271,46,23,0,89,4
2016,c,"Johnson, Kris",736,154,49,3,141,11
2016,c,"Kuri, Aren",351,79,37,1,52,9
2016,c,"Kuroda, Hiroki",623,152,30,3,98,14
2016,c,"Nagakawa, Katsuhiro",46,14,2,1,8,1
2016,c,"Nakamura, Kyohei",156,41,18,0,17,3
2016,c,"Nakaoshi, Oscar",105,32,7,1,13,3
2016,c,"Nakata, Ren",23,5,4,1,6,1
2016,c,"Nakazaki, Shota",251,50,19,2,54,2
2016,c,"Nishihara, Keita",27,12,1,0,2,1
2016,c,"Nomura, Yusuke",633,139,37,6,91,11
2016,c,"Okada, Akitake",375,89,25,0,60,6
2016,c,"Ono, Jumpei",35,8,2,2,3,2
2016,c,"Osera, Daichi",87,15,6,1,24,2
2016,c,"Sato, Shoma",14,5,1,1,3,0
2016,c,"Toda, Takaya",226,49,18,4,42,5
2016,c,"Yabuta, Kazuki",137,21,22,2,21,3
2016,c,"Yokoyama, Hiroki",123,30,12,5,17,3
2016,d,"Achira, Takuma",59,12,4,1,14,2
2016,d,"Fuku, Hiroto",186,42,18,3,31,1
2016,d,"Fukutani, Koji",171,45,9,2,23,6
2016,d,"Hamada, Tatsuro",25,8,5,0,0,0
2016,d,"Ito, Junki",89,22,9,0,12,2
2016,d,"Iwase, Hitoki",48,14,3,0,5,1
2016,d,"Iwata, Shinji",1,0,0,0,0,0
2016,d,"Kaneko, Takeshi",6,2,1,0,0,1
2016,d,"Kawai, Yudai",1,0,0,0,0,0
2016,d,"Matayoshi, Katsuki",239,58,17,3,55,3
2016,d,"Muto, Yuta",28,9,3,0,3,0
2016,d,"Naylor, Drew",163,34,18,3,34,3
2016,d,"Norberto, Jordan",523,111,54,8,108,12
2016,d,"Ogasawara, Shinnosuke",310,56,40,2,58,7
2016,d,"Ogawa, Ryuya",126,21,9,3,34,1
2016,d,"Oguma, Ryosuke",231,43,29,1,25,4
2016,d,"Okada, Toshiya",273,62,18,2,66,4
2016,d,"Ono, Yudai",547,126,37,2,85,11
2016,d,"Sato, Yu",123,21,21,1,18,1
2016,d,"Septimo, Leyson",30,8,3,0,1,0
2016,d,"Sobue, Daisuke",177,32,18,2,31,3
2016,d,"Tajima, Shinji",248,50,25,3,61,5
2016,d,"Valdes, Raul",534,122,39,8,103,17
2016,d,"Wakamatsu, Shunta",497,127,37,0,85,10
2016,d,"Yagi, Tomoya",22,3,2,0,2,1
2016,d,"Yamai, Daisuke",276,60,23,4,45,9
2016,d,"Yoshimi, Kazuki",535,134,27,0,81,11
2016,db,"Broadway, Mike",29,7,2,0,3,3
2016,db,"Fujioka, Yoshiaki",31,7,2,0,3,0
2016,db,"Fukuchi, Motoharu",36,11,6,0,5,2
2016,db,"Hirata, Shingo",21,7,3,1,2,2
2016,db,"Imanaga, Shota",541,108,38,2,136,16
2016,db,"Ino, Shoichi",654,156,47,6,113,14
2016,db,"Ishida, Kenta",608,128,36,1,132,21
2016,db,"Kaga, Shigeru",75,19,6,1,17,2
2016,db,"Kobayashi, Hiroshi",2,1,0,0,0,1
2016,db,"Kosugi, Yota",112,26,10,1,19,3
2016,db,"Kubo, Yasutomo",419,102,28,3,80,5
2016,db,"Kubo, Yuya",51,10,7,1,8,1
2016,db,"Kumabara, Kento",131,31,15,1,25,0
2016,db,"Kuniyoshi, Yuki",12,4,3,0,2,0
2016,db,"Mikami, Tomoya",241,47,18,2,36,7
2016,db,"Mishima, Kazuki",102,24,8,0,15,5
2016,db,"Miura, Daisuke",75,29,4,0,14,3
2016,db,"Moscoso, Guillermo",342,88,19,0,65,15
2016,db,"Nogawa, Takuto",34,7,6,1,7,0
2016,db,"Ohara, Shinji",59,15,6,2,14,4
2016,db,"Osada, Shuichiro",24,8,3,1,3,0
2016,db,"Petrick, Zach",199,48,12,0,22,10
2016,db,"Suda, Kota",233,54,18,1,49,2
2016,db,"Sunada, Yoshiki",237,64,18,2,34,5
2016,db,"Tanaka, Kenjiro",197,46,18,1,39,2
2016,db,"Yamaguchi, Shun",570,112,44,4,121,10
2016,db,"Yamasaki, Yasuaki",252,57,23,0,61,7
2016,db,"Zagurski, Mike",151,37,19,0,34,3
2016,e,"Aihara, Kazutomo",12,5,4,0,1,0
2016,e,"Anraku, Tomohiro",349,79,22,4,64,9
2016,e,"Aoyama, Koji",227,53,24,0,46,5
2016,e,"Brigham, Jake",155,39,16,5,27,3
2016,e,"Fukuyama, Hiroyuki",294,65,19,5,30,2
2016,e,"Furukawa, Yuri",30,5,5,1,4,1
2016,e,"Hamaya, Kodai",52,12,10,0,15,1
2016,e,"Hasebe, Kohei",12,1,3,1,2,0
2016,e,"Irino, Takahiro",19,6,2,0,4,2
2016,e,"Ishibashi, Ryota",30,10,4,0,4,2
2016,e,"Kamata, Yoshinao",510,124,50,8,77,12
2016,e,"Kaneto, Norihito",170,31,14,2,25,1
2016,e,"Karashima, Wataru",306,72,22,3,48,2
2016,e,"Kato, Masashi",5,2,0,0,0,1
2016,e,"Kawai, Takashi",75,23,6,0,7,2
2016,e,"Kikuchi, Yasunori",111,33,13,1,14,4
2016,e,"Kim, Mu-Young",8,1,1,0,1,1
2016,e,"Liz, Radhames",59,17,9,0,13,1
2016,e,"Matsui, Yuki",272,47,40,1,75,4
2016,e,"Mickolio, Kam",181,37,6,4,29,3
2016,e,"Mima, Manabu",678,181,32,8,116,14
2016,e,"Miyagawa, Sho",35,5,3,1,9,0
2016,e,"Muto, Yoshitaka",16,5,1,0,2,1
2016,e,"Nishimiya, Yusuke",115,18,20,1,32,0
2016,e,"Norimoto, Takahiro",820,192,50,6,216,12
2016,e,"Ono, Fumiya",69,20,9,0,7,1
2016,e,"Otsuka, Takahito",16,4,2,0,3,1
2016,e,"Ray, Kenny",82,25,7,1,12,2
2016,e,"Shiomi, Takahiro",610,145,37,3,111,14
2016,e,"Tomura, Kenji",151,37,11,4,23,4
2016,e,"Yamauchi, Soma",1,0,0,0,0,0
2016,e,"Yokoyama, Takaaki",94,30,10,0,9,1
2016,f,"Arakaki, Hayato",39,12,0,1,7,1
2016,f,"Arihara, Kohei",640,150,38,2,103,13
2016,f,"Bass, Anthony",452,102,47,4,71,7
2016,f,"Enoshita, Yodai",119,22,17,1,21,5
2016,f,"Fujioka, Yoshiaki",4,2,0,0,1,0
2016,f,"Hakumura, Akihiro",101,20,14,1,19,3
2016,f,"Iguchi, Kazutomo",174,39,10,2,27,6
2016,f,"Ishii, Yuya",63,11,4,0,16,0
2016,f,"Ishikawa, Naoya",4,0,1,0,0,0
2016,f,"Kagiya, Yohei",187,37,21,0,38,3
2016,f,"Kanehira, Masashi",4,0,1,1,0,0
2016,f,"Kato, Takayuki",392,91,31,2,64,4
2016,f,"Martin, Chris",182,25,7,0,57,2
2016,f,"Masui, Hirotoshi",333,71,26,3,71,5
2016,f,"Mendoza, Luis",573,135,45,4,77,13
2016,f,"Miyanishi, Naoki",190,28,22,5,36,0
2016,f,"Nakamura, Masaru",52,10,6,0,9,2
2016,f,"Otani, Shohei",548,89,45,8,174,4
2016,f,"Saito, Yuki",104,26,11,2,14,2
2016,f,"Segawa, Hayao",3,0,1,0,0,0
2016,f,"Takanashi, Hirotoshi",439,79,36,4,86,6
2016,f,"Takeda, Hisashi",27,11,1,2,0,0
2016,f,"Takeda, Masaru",1,0,0,0,1,0
2016,f,"Tanaka, Toyoki",14,2,3,0,2,0
2016,f,"Tanimoto, Keisuke",206,41,16,1,44,4
2016,f,"Uehara, Kenta",4,1,0,0,1,0
2016,f,"Yoshikawa, Mitsuo",494,125,52,5,65,9
2016,g,"Egarashi, Yuki",47,14,7,0,4,0
2016,g,"Hasegawa, Jun",32,11,2,0,3,0
2016,g,"Imamura, Nobutaka",346,87,36,2,60,11
2016,g,"Inui, Masahiro",12,1,2,0,3,0
2016,g,"Koyama, Yuki",58,15,5,0,12,1
2016,g,"Kumon, Katsuhiko",50,10,3,2,12,1
2016,g,"Mathieson, Scott",325,65,22,1,98,7
2016,g,"Mendoza, Hector",20,6,2,0,4,1
2016,g,"Mikolas, Miles",381,84,23,4,84,10
2016,g,"Miyaguni, Ryosuke",162,38,9,0,14,6
2016,g,"Nakagawa, Kota",11,4,1,0,2,2
2016,g,"Nishimura, Kentaro",134,30,16,5,25,2
2016,g,"Otake, Kan",393,91,30,1,71,6
2016,g,"Poreda, Aaron",121,25,19,2,19,0
2016,g,"Sakurai, Toshiki",23,9,1,1,5,0
2016,g,"Sawamura, Hirokazu",271,60,22,1,55,5
2016,g,"Sugano, Tomoyuki",726,156,26,4,189,12
2016,g,"Taguchi, Kazuto",668,150,49,6,126,15
2016,g,"Tahara, Seiji",233,56,22,3,29,3
2016,g,"Taira, Kentaro",18,4,3,0,4,1
2016,g,"Takagi, Hayato",504,121,36,7,91,15
2016,g,"Tone, Chiaki",161,37,17,3,25,5
2016,g,"Tsuchida, Mizuki",38,12,3,0,6,0
2016,g,"Utsumi, Tetsuya",442,104,22,5,81,10
2016,g,"Yamaguchi, Tetsuya",204,48,12,2,28,6
2016,g,"Yanuki, Toshiyuki",42,10,5,0,11,0
2016,h,"Barrios, Edison",60,20,5,0,16,1
2016,h,"Higashihama, Nao",545,113,37,2,100,13
2016,h,"Igarashi, Ryota",123,23,14,4,27,3
2016,h,"Iida, Yuya",174,36,14,1,35,3
2016,h,"Iwasaki, Sho",347,77,17,0,61,6
2016,h,"Kajiya, Ren",9,3,1,0,1,0
2016,h,"Kayama, Shinya",36,9,4,1,8,4
2016,h,"Matsumoto, Yuki",4,1,0,0,1,1
2016,h,"Matsuzaka, Daisuke",10,3,2,2,2,0
2016,h,"Mori, Yuito",261,68,15,2,51,6
2016,h,"Morifuku, Masahiko",105,23,2,3,23,1
2016,h,"Nakata, Kenichi",377,64,49,5,67,9
2016,h,"Okamoto, Ken",60,10,8,0,10,0
2016,h,"Otonari, Kenji",25,4,2,2,4,0
2016,h,"Sarfate, Dennis",237,40,11,0,73,4
2016,h,"Senga, Kodai",681,125,53,6,181,16
2016,h,"Settsu, Tadashi",164,42,13,3,21,3
2016,h,"Suarez, Robert",223,49,18,1,64,5
2016,h,"Takeda, Shota",769,163,70,5,144,12
2016,h,"Terahara, Hayato",62,18,5,0,10,2
2016,h,"van den Hurk, Rick",325,64,15,1,92,14
2016,h,"Wada, Tsuyoshi",662,138,38,5,157,22
2016,h,"Yamada, Hiroki",63,17,8,1,9,1
2016,h,"Yanase, Akihiro",10,4,0,0,1,0
2016,l,"Aiuchi, Makoto",37,11,7,0,4,0
2016,l,"Fujiwara, Ryohei",52,11,3,1,9,0
2016,l,"Honda, Keisuke",23,8,1,1,3,0
2016,l,"Iwao, Toshihiro",13,5,2,0,1,0
2016,l,"Kikuchi, Yusei",595,117,67,2,127,7
2016,l,"Kishi, Takayuki",541,123,36,1,104,8
2016,l,"Koishi, Hirotaka",324,62,39,13,55,2
2016,l,"Kokuba, Tsubasa",12,2,3,0,4,0
2016,l,"Kuo, Chun-Lin",107,28,10,4,20,2
2016,l,"Lee, Chen-Chang",80,25,5,0,13,1
2016,l,"Makita, Kazuhisa",312,54,16,10,43,3
2016,l,"Masuda, Tatsushi",232,51,15,2,53,1
2016,l,"Matsumoto, Naoaki",12,3,2,0,1,0
2016,l,"Minamikawa, Tadasuke",19,3,4,0,1,0
2016,l,"Nakazaki, Yuta",23,4,2,1,3,1
2016,l,"Noda, Shogo",80,21,5,1,15,1
2016,l,"Nogami, Ryoma",474,112,43,5,62,10
2016,l,"Oishi, Tatsuya",126,18,16,0,36,2
2016,l,"Okamoto, Atsushi",13,4,2,0,2,0
2016,l,"Okamoto, Yosuke",27,10,4,0,1,0
2016,l,"Paulino, Felipe",203,44,25,2,32,3
2016,l,"Sano, Yasuo",116,22,15,1,11,2
2016,l,"Sato, Isamu",111,24,13,5,17,3
2016,l,"Takahashi, Kona",529,134,51,5,89,10
2016,l,"Takahashi, Tomomi",23,5,3,0,2,0
2016,l,"Takekuma, Shota",261,58,20,1,53,5
2016,l,"Tawata, Shinsaburo",433,101,40,8,91,6
2016,l,"Togame, Ken",335,85,31,9,41,3
2016,l,"Toyoda, Takuya",29,7,3,0,7,0
2016,l,"Van Hekken, Andy",218,59,26,2,35,3
2016,l,"Vasquez, Esmerling",75,12,11,1,13,2
2016,l,"Wolfe, Brian",96,26,4,1,8,3
2016,m,"Abe, Kazunari",85,22,11,0,6,2
2016,m,"Chen, Kuan-Yu",104,25,10,0,23,3
2016,m,"Fujioka, Takahiro",179,35,17,1,32,6
2016,m,"Furuya, Takuya",92,25,11,0,6,1
2016,m,"Futaki, Kota",518,143,34,2,81,12
2016,m,"Ishikawa, Ayumu",643,142,22,6,104,16
2016,m,"Kanamori, Takayuki",9,5,1,0,1,0
2016,m,"Karakawa, Yuki",373,84,37,3,64,2
2016,m,"Katsuki, Ryoji",51,16,4,0,4,2
2016,m,"Kimura, Yuta",50,17,3,0,8,2
2016,m,"Kurosawa, Shota",28,9,1,0,3,1
2016,m,"Masuda, Naoya",238,53,16,0,36,2
2016,m,"Matsunaga, Takahiro",173,35,18,4,27,0
2016,m,"Minami, Masaki",253,48,19,1,58,4
2016,m,"Miyazaki, Atsushi",6,0,0,0,2,0
2016,m,"Nishino, Yuji",180,39,11,1,36,4
2016,m,"Omine, Yuta",175,47,26,2,14,1
2016,m,"Otani, Tomohisa",135,32,10,1,15,2
2016,m,"Rhee, Dae-Eun",25,6,4,1,2,1
2016,m,"Sekiya, Ryota",391,100,34,5,58,8
2016,m,"Standridge, Jason",686,168,45,8,99,13
2016,m,"Takano, Keisuke",75,15,15,0,7,1
2016,m,"Tanaka, Yasuhiro",68,16,5,2,11,2
2016,m,"Tojo, Taiki",62,14,14,2,6,1
2016,m,"Uchi, Tatsuya",125,17,12,0,34,3
2016,m,"Wakui, Hideaki",793,195,48,4,118,15
2016,s,"Akiyoshi, Ryo",279,50,15,6,68,6
2016,s,"Arakaki, Nagisa",136,33,15,2,23,4
2016,s,"Davies, Kyle",361,84,31,4,64,14
2016,s,"Dohi, Hiroaki",28,8,4,1,5,0
2016,s,"Furuno, Masato",64,20,6,0,8,3
2016,s,"Hara, Juri",298,80,25,5,33,4
2016,s,"Hirai, Ryo",132,27,10,0,24,2
2016,s,"Ishikawa, Masanori",500,126,33,2,52,15
2016,s,"Ishiyama, Taichi",71,23,1,0,10,2
2016,s,"Iwahashi, Keiji",64,14,9,0,10,2
2016,s,"Kazahari, Ren",53,18,5,0,10,2
2016,s,"Kiya, Ryohei",5,2,1,0,1,0
2016,s,"Kondo, Kazuki",54,14,6,2,10,0
2016,s,"Kyuko, Kentaro",115,26,5,6,27,2
2016,s,"Lueke, Josh",277,66,20,5,60,6
2016,s,"Matsuoka, Kenichi",246,54,31,3,39,4
2016,s,"Muranaka, Kyohei",292,63,38,5,51,9
2016,s,"Nakashima, Shogo",14,4,2,0,2,0
2016,s,"Nakazawa, Masato",87,17,6,3,11,3
2016,s,"Naruse, Yoshihisa",319,82,27,5,42,13
2016,s,"Ogawa, Yasuhiro",668,149,52,6,114,22
2016,s,"Ondrusek, Logan",121,23,11,0,29,0
2016,s,"Perez, Luis",107,26,15,3,19,2
2016,s,"Sato, Yoshinori",120,26,20,1,18,1
2016,s,"Sugiura, Toshihiro",252,75,25,1,45,6
2016,s,"Takeshita, Singo",15,2,6,0,1,2
2016,s,"Tateyama, Shohei",230,65,26,5,33,5
2016,s,"Terada, Tetsuya",15,4,5,1,0,0
2016,s,"Tokuyama, Takeaki",21,6,3,0,3,1
2016,s,"Yagi, Ryosuke",19,6,3,0,6,0
2016,s,"Yamanaka, Hirofumi",578,140,20,9,54,17
2016,t,"Akiyama, Takumi",85,23,2,0,20,1
2016,t,"Ando, Yuya",164,29,12,0,24,4
2016,t,"Aoyagi, Koyo",289,41,40,8,52,1
2016,t,"Dolis, Rafael",138,19,16,2,36,0
2016,t,"Enokida, Daiki",174,39,16,3,32,6
2016,t,"Fujikawa, Kyuji",275,58,30,3,70,7
2016,t,"Fujinami, Shintaro",734,152,70,8,176,11
2016,t,"Fukuhara, Shinobu",23,8,1,0,6,1
2016,t,"Ishizaki, Tsuyoshi",42,6,7,0,6,0
2016,t,"Ito, Kazuo",33,9,3,0,9,0
2016,t,"Iwasada, Yuta",644,119,55,3,156,10
2016,t,"Iwata, Minoru",107,36,10,2,14,4
2016,t,"Iwazaki, Suguru",319,73,27,2,59,10
2016,t,"Kaneda, Kazuyuki",29,6,4,0,1,0
2016,t,"Mateo, Marcos",226,40,24,2,56,2
2016,t,"Matsuda, Ryoma",102,14,9,0,26,2
2016,t,"Messenger, Randy",791,178,60,1,177,11
2016,t,"Mochizuki, Atsushi",4,1,0,0,1,0
2016,t,"Moriya, Koki",44,16,4,0,7,2
2016,t,"Nomi, Atsushi",634,140,52,6,126,17
2016,t,"Saiuchi, Hiroaki",41,8,5,0,3,1
2016,t,"Satterwhite, Cody",88,19,8,0,18,0
2016,t,"Shimamoto, Hiroya",105,23,10,0,24,2
2016,t,"Takahashi, Akifumi",166,38,11,1,38,4
2016,t,"Takamiya, Kazuya",64,19,7,0,10,1
2016,t,"Tanabo, Kojiro",20,5,3,0,2,0
2016,t,"Tsuru, Naoto",13,5,1,0,0,1
2016,t,"Tsutsui, Kazuya",5,1,2,0,0,0
2016,t,"Yamamoto, Shoya",14,3,1,0,1,0
2016,t,"Yokoyama, Yuya",63,11,8,0,16,2
2017,c,"Brasier, Ryan",132,32,8,0,19,3
2017,c,"Fujii, Koya",5,0,0,0,1,0
2017,c,"Fukui, Yuya",131,36,12,2,15,1
2017,c,"Hagens, Bradin",73,24,7,0,10,1
2017,c,"Ichioka, Ryuji",234,42,20,0,58,1
2017,c,"Iida, Tetsuya",41,15,5,0,8,0
2017,c,"Imai, Keisuke",23,7,2,0,5,1
2017,c,"Imamura, Takeru",270,53,27,0,69,6
2017,c,"Jackson, Jay",243,43,19,1,55,5
2017,c,"Johnson, Kris",328,79,25,2,53,4
2017,c,"Kato, Takuya",136,20,31,1,28,2
2017,c,"Kuri, Aren",494,111,44,4,97,7
2017,c,"Nakamura, Yuta",312,68,26,2,54,7
2017,c,"Nakaoshi, Oscar",6,1,0,0,0,0
2017,c,"Nakata, Ren",196,37,20,1,50,4
2017,c,"Nakazaki, Shota",218,33,20,0,36,2
2017,c,"Nomura, Yusuke",645,152,38,4,106,12
2017,c,"Okada, Akitake",604,134,63,4,109,9
2017,c,"Osera, Daichi",617,143,43,1,109,12
2017,c,"Sato, Shoma",30,6,5,0,6,1
2017,c,"Takahashi, Mikiya",67,18,6,0,9,1
2017,c,"Toda, Takaya",34,10,1,0,7,1
2017,c,"Tokoda, Hiroki",71,16,3,0,16,2
2017,c,"Yabuta, Kazuki",536,102,51,4,115,10
2017,d,"Achira, Takuma",54,12,5,0,8,2
2017,d,"Araujo, Elvis",38,9,3,2,6,1
2017,d,"Asao, Takuya",16,6,2,0,5,0
2017,d,"Fuku, Hiroto",27,8,2,0,7,2
2017,d,"Fukutani, Koji",122,35,9,1,26,5
2017,d,"Ito, Junki",276,59,33,4,57,5
2017,d,"Iwase, Hitoki",154,37,14,1,28,2
2017,d,"Kasahara, Shotaro",206,38,21,7,43,4
2017,d,"Maruyama, Taisuke",57,16,6,1,10,2
2017,d,"Matayoshi, Katsuki",434,84,36,5,78,7
2017,d,"Mitsuma, Takuya",174,35,27,6,29,1
2017,d,"Norberto, Jordan",310,52,35,6,66,2
2017,d,"Ogasawara, Shinnosuke",522,124,53,1,105,21
2017,d,"Ogawa, Ryuya",55,11,5,3,9,0
2017,d,"Oguma, Ryosuke",77,22,5,0,9,6
2017,d,"Okada, Toshiya",31,9,1,0,4,1
2017,d,"Ono, Yudai",629,143,51,6,117,17
2017,d,"Rondon, Jorge",25,7,2,2,4,0
2017,d,"Sato, Yu",62,18,5,1,8,0
2017,d,"Sobue, Daisuke",173,38,17,0,26,1
2017,d,"Suzuki, Shota",311,66,42,5,51,5
2017,d,"Tajima, Shinji",249,40,25,3,46,6
2017,d,"Tanimoto, Keisuke",80,20,6,0,14,4
2017,d,"Valdes, Raul",625,139,47,7,83,13
2017,d,"Wakamatsu, Shunta",162,49,11,1,16,4
2017,d,"Yagi, Tomoya",49,11,5,1,6,2
2017,d,"Yamai, Daisuke",44,8,1,1,5,1
2017,d,"Yanagi, Yuya",202,42,12,0,45,5
2017,d,"Yoshimi, Kazuki",334,93,14,1,38,8
2017,db,"Ayabe, Kakeru",21,4,2,0,5,0
2017,db,"Escobar, Edwin",147,33,11,1,33,4
2017,db,"Fujioka, Yoshiaki",23,6,4,1,3,0
2017,db,"Hamaguchi, Haruhiro",546,116,69,2,136,9
2017,db,"Hirata, Shingo",157,32,17,4,29,5
2017,db,"Iizuka, Satoshi",186,41,21,4,27,9
2017,db,"Imanaga, Shota",600,115,52,5,140,13
2017,db,"Ino, Shoichi",636,147,46,8,93,9
2017,db,"Ishida, Kenta",436,90,34,0,103,10
2017,db,"Kaga, Shigeru",115,29,7,0,20,4
2017,db,"Klein, Phil",163,35,22,3,27,5
2017,db,"Kobayashi, Hiroshi",16,5,2,0,3,0
2017,db,"Kubo, Yasutomo",172,46,14,0,33,6
2017,db,"Kumabara, Kento",91,23,11,1,17,6
2017,db,"Kuniyoshi, Yuki",30,5,4,0,3,0
2017,db,"Mikami, Tomoya",213,47,16,2,29,8
2017,db,"Mishima, Kazuki",99,29,9,0,17,4
2017,db,"Mizuno, Koya",21,5,2,1,5,0
2017,db,"Onaka, Yuya",96,22,15,0,17,2
2017,db,"Patton, Spencer",247,50,19,2,66,4
2017,db,"Shindo, Takuya",73,18,10,2,10,0
2017,db,"Suda, Kota",73,16,9,1,14,1
2017,db,"Sunada, Yoshiki",236,54,13,3,49,5
2017,db,"Taira, Kentaro",71,21,9,1,6,4
2017,db,"Takasaki, Kentaro",8,4,1,0,0,0
2017,db,"Tanaka, Kenjiro",205,43,23,1,36,3
2017,db,"Wieland, Joe",541,114,37,2,112,14
2017,db,"Yamasaki, Yasuaki",260,52,13,1,84,3
2017,e,"Anraku, Tomohiro",221,59,18,4,37,7
2017,e,"Aoyama, Koji",68,12,6,3,16,1
2017,e,"Corrales, Josh",20,5,6,1,3,0
2017,e,"Fujihira, Shoma",176,30,15,4,44,2
2017,e,"Fukuyama, Hiroyuki",237,49,14,3,31,2
2017,e,"Furukawa, Yuri",112,24,9,2,15,1
2017,e,"Hamaya, Kodai",46,9,10,0,8,1
2017,e,"Herrmann, Frank",222,48,13,3,58,8
2017,e,"Irino, Takahiro",24,9,0,0,2,3
2017,e,"Kamata, Yoshinao",254,67,19,4,34,7
2017,e,"Kaneto, Norihito",20,5,3,2,3,1
2017,e,"Karashima, Wataru",424,99,27,1,74,11
2017,e,"Kikuchi, Yasunori",35,8,4,0,9,0
2017,e,"Kishi, Takayuki",703,141,38,3,189,19
2017,e,"Konno, Ryuta",6,2,1,0,1,1
2017,e,"Koyama, Yuki",32,11,5,1,4,0
2017,e,"Kubo, Yuya",127,21,18,3,17,1
2017,e,"Matsui, Yuki",214,31,26,1,62,0
2017,e,"Mima, Manabu",684,155,33,4,134,18
2017,e,"Mori, Yudai",114,18,21,2,17,0
2017,e,"Morihara, Kohei",171,42,13,0,21,3
2017,e,"Nishimiya, Yusuke",37,6,4,0,10,1
2017,e,"Norimoto, Takahiro",750,148,48,3,222,11
2017,e,"Ono, Fumiya",8,2,0,0,1,2
2017,e,"Shiomi, Takahiro",183,42,12,0,30,5
2017,e,"Sugahara, Shu",136,33,17,1,26,2
2017,e,"Sung, Chia-Hao",18,3,1,0,6,0
2017,e,"Takanashi, Yuhei",183,31,17,2,48,2
2017,e,"Tomura, Kenji",116,30,9,2,22,6
2017,f,"Arakaki, Hayato",4,1,0,0,0,0
2017,f,"Arihara, Kohei",726,194,39,4,88,21
2017,f,"Enoshita, Yodai",51,14,4,0,6,1
2017,f,"Escobar, Edwin",117,31,13,3,19,2
2017,f,"Hakumura, Akihiro",137,24,14,1,29,4
2017,f,"Hori, Mizuki",31,8,1,0,7,3
2017,f,"Iguchi, Kazutomo",94,19,7,0,13,7
2017,f,"Ishii, Yuya",31,9,2,0,4,2
2017,f,"Ishikawa, Naoya",228,53,28,0,51,8
2017,f,"Kagiya, Yohei",218,33,17,0,46,6
2017,f,"Kato, Takayuki",521,125,38,1,99,13
2017,f,"Kumon, Katsuhiko",154,39,8,2,33,2
2017,f,"Martin, Chris",137,21,6,1,34,2
2017,f,"Masui, Hirotoshi",215,47,11,0,82,6
2017,f,"Mendoza, Luis",437,106,38,8,56,9
2017,f,"Miyanishi, Naoki",164,34,12,0,24,3
2017,f,"Murata, Toru",225,43,27,4,39,4
2017,f,"Nakamura, Masaru",48,9,9,1,4,2
2017,f,"Otani, Shohei",105,13,19,0,29,2
2017,f,"Saito, Yuki",126,39,5,2,14,3
2017,f,"Takanashi, Hirotoshi",504,110,40,3,100,13
2017,f,"Takeda, Hisashi",36,11,3,0,3,1
2017,f,"Tamai, Taisho",99,17,7,3,12,2
2017,f,"Tanaka, Toyoki",86,19,8,2,23,2
2017,f,"Tanimoto, Keisuke",141,26,16,1,24,3
2017,f,"Uehara, Kenta",166,44,20,0,29,7
2017,f,"Urano, Hiroshi",147,42,10,0,17,4
2017,f,"Uwasawa, Naoyuki",388,84,32,2,74,11
2017,f,"Yoshida, Yuki",110,31,9,0,9,4
2017,g,"Caminero, Arquimedes",268,56,23,4,65,4
2017,g,"Egarashi, Yuki",14,5,0,0,2,2
2017,g,"Hatake, Seishu",288,53,23,2,72,9
2017,g,"Ikeda, Shun",157,31,15,1,33,2
2017,g,"Imamura, Nobutaka",34,12,3,1,6,1
2017,g,"Inui, Masahiro",25,8,3,0,5,0
2017,g,"Mathieson, Scott",270,52,18,1,79,6
2017,g,"Mikolas, Miles",745,162,23,11,187,10
2017,g,"Miyaguni, Ryosuke",246,64,18,0,41,5
2017,g,"Morifuku, Masahiko",87,23,7,0,18,3
2017,g,"Nakagawa, Kota",107,28,4,2,19,2
2017,g,"Nishimura, Kentaro",196,44,14,2,34,5
2017,g,"Otake, Kan",300,75,18,3,50,9
2017,g,"Sakurai, Toshiki",126,28,15,2,16,2
2017,g,"Shinohara, Shimpei",117,25,14,1,19,2
2017,g,"Sugano, Tomoyuki",713,129,31,1,171,10
2017,g,"Taguchi, Kazuto",709,159,49,4,122,14
2017,g,"Tahara, Seiji",123,28,11,2,17,4
2017,g,"Takagi, Hayato",108,20,5,3,15,4
2017,g,"Tanioka, Tappei",36,12,8,0,7,1
2017,g,"Tone, Chiaki",45,13,4,2,11,1
2017,g,"Utsumi, Tetsuya",258,66,18,3,34,10
2017,g,"Yamaguchi, Shun",97,24,16,1,22,5
2017,g,"Yamaguchi, Tetsuya",62,14,8,0,10,1
2017,g,"Yoshikawa, Mitsuo",181,51,15,4,28,4
2017,h,"Higashihama, Nao",637,135,44,1,139,17
2017,h,"Igarashi, Ryota",170,20,21,3,28,2
2017,h,"Iida, Yuya",98,18,15,2,17,2
2017,h,"Ishikawa, Shuta",409,69,50,7,99,11
2017,h,"Iwasaki, Sho",289,55,16,2,66,8
2017,h,"Kajiya, Ren",21,5,4,0,2,3
2017,h,"Kasahara, Taiga",34,5,4,2,3,1
2017,h,"Kasaya, Shunsuke",12,1,1,0,5,0
2017,h,"Kayama, Shinya",143,31,11,5,47,1
2017,h,"Kozawa, Reiji",12,5,1,0,2,0
2017,h,"Matsumoto, Yuki",263,61,29,2,43,5
2017,h,"Moinelo, Livan",141,21,14,2,36,1
2017,h,"Mori, Yuito",265,61,12,1,60,7
2017,h,"Nakata, Kenichi",380,82,40,9,78,15
2017,h,"Okamoto, Ken",75,19,8,0,10,2
2017,h,"Otonari, Kenji",20,9,1,0,1,3
2017,h,"Sarfate, Dennis",238,34,10,1,102,3
2017,h,"Senga, Kodai",572,107,46,2,151,15
2017,h,"Settsu, Tadashi",147,37,12,1,21,2
2017,h,"Takahashi, Jumpei",16,6,2,0,5,2
2017,h,"Takeda, Shota",316,68,33,5,60,10
2017,h,"Terahara, Hayato",190,45,18,5,28,4
2017,h,"van den Hurk, Rick",623,127,47,2,162,18
2017,h,"Wada, Tsuyoshi",181,34,8,0,34,1
2017,h,"Yamada, Hiroki",32,7,4,0,4,1
2017,l,"Aiuchi, Makoto",33,9,5,1,8,3
2017,l,"Candelario, Alexis",19,9,2,0,6,2
2017,l,"Fife, Stephen",108,32,13,2,11,2
2017,l,"Fujiwara, Ryohei",53,10,7,2,5,1
2017,l,"Fukukura, Kentaro",81,20,8,0,12,5
2017,l,"Garces, Frank",140,29,18,2,21,5
2017,l,"Hirai, Katsunori",184,43,10,3,42,4
2017,l,"Honda, Keisuke",36,7,6,0,5,0
2017,l,"Kikuchi, Yusei",735,122,49,6,217,16
2017,l,"Koishi, Hirotaka",56,17,6,1,8,2
2017,l,"Makita, Kazuhisa",248,59,5,3,35,4
2017,l,"Masuda, Tatsushi",220,41,13,0,58,7
2017,l,"Minamikawa, Tadasuke",23,6,4,0,5,1
2017,l,"Nakatsuka, Shunta",5,0,3,0,0,0
2017,l,"Noda, Shogo",143,21,15,1,26,1
2017,l,"Nogami, Ryoma",577,128,24,5,113,10
2017,l,"Oishi, Tatsuya",77,10,11,1,17,0
2017,l,"Okamoto, Yosuke",286,65,23,7,35,15
2017,l,"Sano, Yasuo",110,29,11,3,12,1
2017,l,"Schlitter, Brian",269,58,29,0,23,1
2017,l,"Takahashi, Kona",169,36,20,1,30,3
2017,l,"Takahashi, Tomomi",13,3,2,0,2,1
2017,l,"Takekuma, Shota",234,47,16,3,36,3
2017,l,"Tamura, Ichiro",66,18,6,0,9,6
2017,l,"Tawata, Shinsaburo",411,93,26,8,74,11
2017,l,"Togame, Ken",500,125,35,3,83,10
2017,l,"Wolfe, Brian",532,132,36,1,74,11
2017,m,"Abe, Kazunari",10,3,1,0,1,2
2017,m,"Ariyoshi, Yuki",222,48,14,3,27,4
2017,m,"Chen, Kuan-Yu",270,56,32,0,59,5
2017,m,"Dohi, Seiya",98,25,12,2,14,4
2017,m,"Fujioka, Takahiro",53,14,12,1,5,2
2017,m,"Futaki, Kota",588,136,35,2,128,14
2017,m,"Ishikawa, Ayumu",424,113,23,2,73,9
2017,m,"Karakawa, Yuki",555,135,37,7,86,18
2017,m,"Kurosawa, Shota",12,5,0,1,1,1
2017,m,"Masuda, Naoya",162,46,15,0,29,8
2017,m,"Matsunaga, Takahiro",153,33,12,1,31,1
2017,m,"Minami, Masaki",81,21,10,0,13,3
2017,m,"Miyazaki, Atsushi",43,11,3,3,7,0
2017,m,"Narita, Kakeru",52,12,4,1,8,2
2017,m,"Nishino, Yuji",123,31,14,0,17,2
2017,m,"Omine, Yuta",142,33,22,0,21,4
2017,m,"Otani, Tomohisa",214,47,14,1,33,5
2017,m,"Sakai, Tomohito",315,75,20,3,48,11
2017,m,"Sasaki, Chihaya",363,75,48,1,59,9
2017,m,"Sekiya, Ryota",209,57,17,1,38,3
2017,m,"Standridge, Jason",349,84,38,7,52,9
2017,m,"Takano, Keisuke",60,18,7,2,7,1
2017,m,"Tanaka, Yasuhiro",50,5,4,1,6,0
2017,m,"Tojo, Taiki",78,18,11,2,17,1
2017,m,"Uchi, Tatsuya",211,36,28,0,44,5
2017,m,"Wakui, Hideaki",675,156,53,7,115,20
2017,s,"Akiyoshi, Ryo",177,38,11,1,39,3
2017,s,"Buchanan, David",678,158,56,9,112,19
2017,s,"Dohi, Hiroaki",23,5,2,0,6,1
2017,s,"Guilmet, Preston",228,49,15,2,57,4
2017,s,"Hara, Juri",554,133,34,6,115,19
2017,s,"Hirai, Ryo",19,5,4,1,3,0
2017,s,"Hoshi, Tomoya",494,116,49,5,71,14
2017,s,"Ishikawa, Masanori",540,149,28,4,88,18
2017,s,"Ishiyama, Taichi",285,63,17,1,76,5
2017,s,"Iwahashi, Keiji",43,8,5,0,8,1
2017,s,"Kazahari, Ren",16,3,1,0,3,1
2017,s,"Kikusawa, Ryusuke",16,5,2,0,3,1
2017,s,"Kondo, Kazuki",234,49,17,4,55,9
2017,s,"Kyuko, Kentaro",14,7,1,1,1,1
2017,s,"Lueke, Josh",257,54,19,2,70,6
2017,s,"Matsuoka, Kenichi",137,31,11,2,28,5
2017,s,"Muranaka, Kyohei",61,4,15,0,6,0
2017,s,"Nakao, Hikaru",25,8,3,0,4,1
2017,s,"Nakashima, Shogo",26,11,1,0,3,3
2017,s,"Nakazawa, Masato",110,27,6,0,21,3
2017,s,"Naruse, Yoshihisa",70,16,5,0,10,4
2017,s,"Ogawa, Yasuhiro",509,104,39,0,109,11
2017,s,"Ohlendorf, Ross",84,18,11,1,15,1
2017,s,"Sato, Yoshinori",234,48,33,0,46,4
2017,s,"Sugiura, Toshihiro",18,3,1,0,9,2
2017,s,"Tateyama, Shohei",31,10,3,1,3,3
2017,s,"Terashima, Naruki",18,5,3,0,3,1
2017,s,"Umeno, Yugo",37,5,9,0,8,1
2017,s,"Yagi, Shogo",9,6,0,0,0,1
2017,s,"Yamamoto, Tetsuya",155,42,13,1,10,4
2017,s,"Yamanaka, Hirofumi",333,91,17,4,29,11
2017,t,"Akiyama, Takumi",638,158,16,6,123,15
2017,t,"Ando, Yuya",2,1,0,0,0,1
2017,t,"Aoyagi, Koyo",282,53,28,10,50,2
2017,t,"Dolis, Rafael",259,53,17,1,85,1
2017,t,"Enokida, Daiki",30,10,2,0,6,0
2017,t,"Fujikawa, Kyuji",232,41,24,5,71,3
2017,t,"Fujinami, Shintaro",271,53,45,8,41,5
2017,t,"Fukunaga, Shungo",25,10,3,0,3,1
2017,t,"Ishizaki, Tsuyoshi",123,16,15,2,32,1
2017,t,"Ito, Kazuo",55,13,4,1,10,1
2017,t,"Iwasada, Yuta",428,93,44,4,93,14
2017,t,"Iwata, Minoru",233,55,22,2,39,4
2017,t,"Iwazaki, Suguru",311,63,27,5,88,2
2017,t,"Kuwahara, Kentaro",261,52,10,3,63,2
2017,t,"Mateo, Marcos",252,49,17,3,62,2
2017,t,"Matsuda, Ryoma",161,37,17,1,33,5
2017,t,"Mendez, Roman",45,12,3,1,9,1
2017,t,"Mendoza, Luis",90,22,6,1,15,2
2017,t,"Messenger, Randy",594,134,44,1,155,5
2017,t,"Moriya, Koki",2,2,0,0,0,0
2017,t,"Nomi, Atsushi",533,117,40,2,119,14
2017,t,"Ono, Taiki",343,78,40,5,63,6
2017,t,"Saiki, Hiroto",13,2,3,0,3,0
2017,t,"Takahashi, Akifumi",184,29,14,1,51,1
2017,t,"Takeyasu, Daichi",3,0,0,0,1,0
2017,t,"Yamamoto, Shoya",38,10,3,0,3,1
2017,t,"Yanase, Akihiro",16,9,2,0,0,3
2017,t,"Yokoyama, Yuya",22,6,2,0,5,0
2018,c,"Aduwa, Makoto",293,62,36,2,30,4
2018,c,"Campos, Leonel",4,1,1,0,0,0
2018,c,"Franzua, Geronimo",267,38,34,2,81,3
2018,c,"Fujii, Koya",73,20,7,1,21,2
2018,c,"Fukui, Yuya",67,18,5,0,13,5
2018,c,"Hellweg, Johnny",33,4,5,1,10,0
2018,c,"Ichioka, Ryuji",238,46,22,0,61,7
2018,c,"Iida, Tetsuya",62,17,6,0,16,3
2018,c,"Imamura, Takeru",173,37,21,1,35,5
2018,c,"Jackson, Jay",201,42,26,1,48,6
2018,c,"Johnson, Kris",609,137,48,5,113,9
2018,c,"Kuri, Aren",524,129,41,4,86,13
2018,c,"Nagai, Ryota",19,4,5,0,0,1
2018,c,"Nagakawa, Katsuhiro",81,19,5,1,13,2
2018,c,"Nakamura, Kyohei",75,20,14,0,11,0
2018,c,"Nakamura, Yuta",205,50,21,5,31,8
2018,c,"Nakata, Ren",67,22,8,0,12,2
2018,c,"Nakazaki, Shota",293,66,29,1,56,7
2018,c,"Nomura, Yusuke",514,136,30,2,60,10
2018,c,"Okada, Akitake",603,137,62,4,114,13
2018,c,"Osera, Daichi",727,143,41,4,159,22
2018,c,"Sato, Shoma",36,8,4,1,6,0
2018,c,"Takahashi, Koya",110,30,16,0,17,5
2018,c,"Takahashi, Mikiya",102,31,7,1,17,4
2018,c,"Toda, Takaya",82,22,9,0,13,3
2018,c,"Yabuta, Kazuki",134,28,32,1,18,4
2018,d,"Asao, Takuya",40,7,8,0,7,1
2018,d,"Fujishima, Kento",307,71,27,0,40,8
2018,d,"Fuku, Hiroto",2,0,1,0,0,0
2018,d,"Fukutani, Koji",114,31,7,0,28,5
2018,d,"Garcia, Onelki",711,144,73,6,132,13
2018,d,"Gee, Dillon",111,26,7,2,16,5
2018,d,"Ishikawa, Sho",3,0,0,0,0,0
2018,d,"Ito, Junki",65,13,11,2,6,2
2018,d,"Iwase, Hitoki",143,28,7,5,28,3
2018,d,"Kasahara, Shotaro",479,100,49,6,88,12
2018,d,"Kinoshita, Yusuke",73,17,9,0,18,2
2018,d,"Martinez, Raidel",99,28,8,1,14,4
2018,d,"Matayoshi, Katsuki",187,54,17,1,28,6
2018,d,"Matsuzaka, Daisuke",253,50,32,5,51,5
2018,d,"Mitsuma, Takuya",31,8,4,3,5,1
2018,d,"Ogasawara, Shinnosuke",466,108,47,3,73,15
2018,d,"Oguma, Ryosuke",190,51,10,0,37,7
2018,d,"Okada, Toshiya",99,24,13,0,19,2
2018,d,"Ono, Yudai",130,32,19,0,21,7
2018,d,"Rodriguez, Joely",116,22,14,1,26,1
2018,d,"Sato, Yu",184,27,23,3,51,2
2018,d,"Shimizu, Tatsuya",10,3,2,0,2,0
2018,d,"Sobue, Daisuke",208,45,19,0,36,5
2018,d,"Suzuki, Hiroshi",219,46,27,1,42,7
2018,d,"Suzuki, Shota",44,11,6,2,3,1
2018,d,"Tajima, Shinji",134,30,18,2,13,4
2018,d,"Tanimoto, Keisuke",56,22,3,0,8,2
2018,d,"Yamai, Daisuke",259,55,21,1,43,12
2018,d,"Yamamoto, Takumi",8,1,2,0,3,0
2018,d,"Yanagi, Yuya",237,59,18,2,42,2
2018,d,"Yoshimi, Kazuki",516,136,24,4,61,15
2018,db,"Azuma, Katsuki",626,130,42,2,155,13
2018,db,"Barrios, Edison",228,52,12,2,39,1
2018,db,"Escobar, Edwin",223,47,22,2,54,4
2018,db,"Fujioka, Yoshiaki",67,15,5,2,9,1
2018,db,"Hamaguchi, Haruhiro",416,92,48,3,97,9
2018,db,"Hirata, Shingo",116,35,6,0,27,3
2018,db,"Iizuka, Satoshi",198,52,23,1,34,8
2018,db,"Imanaga, Shota",402,108,38,4,80,18
2018,db,"Ino, Shoichi",256,60,16,2,44,5
2018,db,"Ishida, Kenta",408,95,34,5,87,16
2018,db,"Kaga, Shigeru",43,14,0,0,9,2
2018,db,"Kasai, Takamasa",12,0,4,0,3,0
2018,db,"Kuniyoshi, Yuki",75,17,9,0,15,2
2018,db,"Kyoyama, Masaya",267,67,33,1,42,10
2018,db,"Mikami, Tomoya",239,55,20,3,40,3
2018,db,"Mishima, Kazuki",292,61,31,2,82,8
2018,db,"Muto, Yuta",101,20,12,2,15,4
2018,db,"Nakaushiro, Yuhei",35,7,6,1,4,0
2018,db,"Patton, Spencer",235,53,16,3,67,3
2018,db,"Suda, Kota",44,10,3,0,4,3
2018,db,"Sunada, Yoshiki",227,44,25,5,44,4
2018,db,"Taira, Kentaro",284,65,29,0,53,9
2018,db,"Tamura, Jo",6,3,0,0,0,0
2018,db,"Tanaka, Kenjiro",54,14,6,0,14,2
2018,db,"Wieland, Joe",410,108,31,5,82,16
2018,db,"Yamasaki, Yasuaki",226,40,18,1,63,5
2018,e,"Anraku, Tomohiro",43,14,2,1,2,1
2018,e,"Aoyama, Koji",200,35,21,4,37,2
2018,e,"Fujihira, Shoma",361,65,54,3,68,17
2018,e,"Fukuyama, Hiroyuki",100,28,14,0,4,1
2018,e,"Furukawa, Yuri",419,93,46,1,77,11
2018,e,"Hamaya, Kodai",41,9,4,0,8,1
2018,e,"Herrmann, Frank",183,36,17,2,44,2
2018,e,"Ikeda, Takahide",206,60,21,0,24,4
2018,e,"Kamata, Yoshinao",67,14,14,2,9,1
2018,e,"Karashima, Wataru",508,120,46,7,99,12
2018,e,"Kikuchi, Yasunori",55,11,4,1,15,1
2018,e,"Kishi, Takayuki",625,127,29,8,159,21
2018,e,"Kondo, Hiroki",130,35,9,1,15,5
2018,e,"Konno, Ryuta",22,4,4,0,6,0
2018,e,"Kubo, Yuya",112,22,11,1,18,4
2018,e,"Matsui, Yuki",281,53,29,3,91,4
2018,e,"Mima, Manabu",340,88,23,3,41,12
2018,e,"Mori, Yudai",80,17,11,0,9,2
2018,e,"Morihara, Kohei",73,18,3,0,19,1
2018,e,"Nishiguchi, Naoto",29,5,1,0,3,1
2018,e,"Nishimiya, Yusuke",41,7,9,1,10,1
2018,e,"Norimoto, Takahiro",759,171,51,3,187,18
2018,e,"Ono, Fumiya",42,9,4,2,9,1
2018,e,"Shiomi, Takahiro",278,71,8,2,53,8
2018,e,"Sugahara, Shu",101,22,13,0,17,5
2018,e,"Sung, Chia-Hao",167,26,21,0,38,5
2018,e,"Takanashi, Yuhei",212,38,23,6,53,1
2018,e,"Tomura, Kenji",7,3,1,0,0,1
2018,f,"Arakaki, Hayato",11,4,1,0,1,0
2018,f,"Arihara, Kohei",471,124,15,5,87,17
2018,f,"Fujioka, Takahiro",45,12,8,0,6,0
2018,f,"Hakumura, Akihiro",23,8,1,0,4,1
2018,f,"Hori, Mizuki",154,33,17,3,28,9
2018,f,"Iguchi, Kazutomo",129,26,9,0,28,0
2018,f,"Ishii, Yuya",1,0,0,0,0,0
2018,f,"Ishikawa, Naoya",204,44,17,0,53,4
2018,f,"Kagiya, Yohei",128,33,12,1,22,2
2018,f,"Kato, Takayuki",489,127,28,4,82,9
2018,f,"Kitaura, Ryuji",3,0,0,0,1,0
2018,f,"Kumon, Katsuhiko",226,51,14,1,52,3
2018,f,"Martinez, Nick",683,168,40,6,93,16
2018,f,"Miyadai, Kohei",24,4,4,2,3,0
2018,f,"Miyanishi, Naoki",186,29,20,5,39,1
2018,f,"Murata, Toru",319,70,18,5,45,5
2018,f,"Nishimura, Takahiro",102,21,12,2,25,1
2018,f,"Rodriguez, Bryan",165,41,12,3,23,0
2018,f,"Saito, Yuki",45,8,12,2,3,2
2018,f,"Sugiura, Toshihiro",47,6,3,1,11,1
2018,f,"Takanashi, Hirotoshi",459,110,28,3,78,21
2018,f,"Tamai, Taisho",209,48,13,7,40,5
2018,f,"Tanaka, Toyoki",38,11,5,0,8,1
2018,f,"Tatsuta, Shota",3,0,0,0,1,0
2018,f,"Tonkin, Michael",226,45,23,7,33,2
2018,f,"Uehara, Kenta",158,34,11,1,24,3
2018,f,"Urano, Hiroshi",167,33,9,0,44,3
2018,f,"Uwasawa, Naoyuki",670,146,38,5,151,15
2018,f,"Yoshida, Yuki",20,6,2,0,2,0
2018,g,"Adames, Samuel",141,30,20,1,19,2
2018,g,"Caminero, Arquimedes",90,27,6,1,19,1
2018,g,"Hatake, Seishu",41,10,2,0,10,0
2018,g,"Ikeda, Shun",112,31,9,2,11,1
2018,g,"Imamura, Nobutaka",328,80,26,3,51,8
2018,g,"Jungmann, Taylor",107,25,9,0,25,2
2018,g,"Kuwahara, Takuya",123,23,17,3,35,6
2018,g,"Mathieson, Scott",133,21,13,1,41,3
2018,g,"Mercedes, Cristopher Crisostomo",357,69,16,3,53,4
2018,g,"Miyaguni, Ryosuke",133,27,10,3,25,4
2018,g,"Morifuku, Masahiko",10,4,0,0,0,1
2018,g,"Nakagawa, Kota",165,47,8,1,31,7
2018,g,"Nogami, Ryoma",300,74,21,2,54,15
2018,g,"Otake, Kan",42,13,2,0,5,2
2018,g,"Sawamura, Hirokazu",238,55,27,3,54,4
2018,g,"Shinohara, Shimpei",47,17,2,0,2,2
2018,g,"Sugano, Tomoyuki",801,166,37,3,200,14
2018,g,"Taguchi, Kazuto",396,113,27,6,60,13
2018,g,"Tahara, Seiji",125,27,8,0,19,4
2018,g,"Takagi, Kyosuke",28,8,4,0,1,0
2018,g,"Takata, Hosei",15,6,3,1,0,0
2018,g,"Tanioka, Tappei",117,26,16,0,25,1
2018,g,"Uehara, Koji",139,32,5,2,24,5
2018,g,"Utsumi, Tetsuya",358,95,19,3,56,11
2018,g,"Yamaguchi, Shun",644,127,60,9,144,18
2018,g,"Yoshikawa, Mitsuo",431,93,39,4,76,16
2018,h,"Higashihama, Nao",425,91,32,3,83,15
2018,h,"Igarashi, Ryota",94,23,11,0,14,2
2018,h,"Iida, Yuya",3,0,1,1,0,0
2018,h,"Ishikawa, Shuta",541,115,43,13,96,20
2018,h,"Iwasaki, Sho",5,0,0,0,2,0
2018,h,"Kajiya, Ren",284,67,25,4,53,5
2018,h,"Kasahara, Taiga",6,2,0,1,0,0
2018,h,"Kasaya, Shunsuke",39,11,6,0,4,1
2018,h,"Kayama, Shinya",129,17,11,2,28,3
2018,h,"Matsuda, Ryoma",14,2,3,0,6,0
2018,h,"Matsumoto, Yuki",124,25,14,1,20,5
2018,h,"Miranda, Ariel",191,28,27,0,40,3
2018,h,"Moinelo, Livan",190,31,24,1,57,6
2018,h,"Mori, Yuito",252,51,19,2,61,7
2018,h,"Nakata, Kenichi",410,87,57,3,79,13
2018,h,"Niho, Akira",144,33,19,6,17,3
2018,h,"Okamoto, Ken",156,37,15,0,21,3
2018,h,"Otake, Kotaro",197,45,13,1,36,6
2018,h,"Sarfate, Dennis",25,4,3,0,9,0
2018,h,"Senga, Kodai",584,116,58,5,163,21
2018,h,"Settsu, Tadashi",134,28,18,1,23,7
2018,h,"Shiino, Arata",8,2,0,0,1,1
2018,h,"Suarez, Robert",51,15,5,1,10,1
2018,h,"Takahashi, Rei",123,23,13,4,15,2
2018,h,"Takeda, Shota",522,123,37,1,87,11
2018,h,"Tanaka, Seigi",64,18,6,0,15,6
2018,h,"Terahara, Hayato",123,25,18,3,20,1
2018,h,"van den Hurk, Rick",585,113,61,10,127,21
2018,l,"Aiuchi, Makoto",67,14,7,1,12,1
2018,l,"Castillo, Fabio",330,60,45,6,51,5
2018,l,"Enokida, Daiki",566,132,40,14,98,14
2018,l,"Heath, Deunte",158,28,8,3,53,4
2018,l,"Hirai, Katsunori",217,40,19,2,54,9
2018,l,"Honda, Keisuke",15,7,1,0,0,2
2018,l,"Imai, Tatsuya",345,74,35,6,65,11
2018,l,"Ito, Sho",115,26,9,1,13,1
2018,l,"Kikuchi, Yusei",654,124,45,4,153,16
2018,l,"Koishi, Hirotaka",115,24,15,4,10,4
2018,l,"Kuo, Chun-Lin",68,17,5,1,10,4
2018,l,"Martin, Kyle",88,15,12,2,26,2
2018,l,"Masuda, Tatsushi",170,44,9,2,23,5
2018,l,"Matsumoto, Naoaki",113,31,10,1,16,4
2018,l,"Minamikawa, Tadasuke",27,12,3,0,6,2
2018,l,"Nakatsuka, Shunta",13,3,4,0,4,0
2018,l,"Noda, Shogo",181,36,24,4,40,7
2018,l,"Ogawa, Ryuya",46,11,3,1,7,0
2018,l,"Oishi, Tatsuya",43,12,4,1,7,2
2018,l,"Saito, Hiromasa",78,14,14,3,10,2
2018,l,"Sano, Yasuo",47,15,5,2,3,3
2018,l,"Takagi, Hayato",96,25,11,2,10,2
2018,l,"Takahashi, Kona",91,17,13,1,15,2
2018,l,"Takahashi, Tomomi",2,1,1,0,0,0
2018,l,"Takekuma, Shota",140,36,19,3,22,4
2018,l,"Tamura, Ichiro",21,6,0,0,3,1
2018,l,"Tawata, Shinsaburo",730,173,47,11,102,12
2018,l,"Togame, Ken",535,114,56,6,82,16
2018,l,"Toyoda, Takuya",7,2,1,0,0,0
2018,l,"Wagner, Neil",147,29,23,2,24,3
2018,l,"Wolfe, Brian",290,88,18,1,40,10
2018,m,"Abe, Kazunari",21,4,4,0,2,0
2018,m,"Ariyoshi, Yuki",462,118,31,4,54,15
2018,m,"Bolsinger, Mike",477,100,43,1,84,7
2018,m,"Chen, Kuan-Yu",178,40,20,0,27,6
2018,m,"Dohi, Seiya",125,30,16,0,16,4
2018,m,"Futaki, Kota",416,90,35,2,90,9
2018,m,"Ishikawa, Ayumu",559,137,29,3,77,15
2018,m,"Iwashita, Daiki",117,28,13,1,17,0
2018,m,"Karakawa, Yuki",188,43,10,1,31,5
2018,m,"Masuda, Naoya",264,44,27,3,61,6
2018,m,"Matsunaga, Takahiro",172,40,18,2,35,1
2018,m,"Minami, Masaki",152,37,17,1,29,0
2018,m,"Nagano, Shoji",15,1,4,0,3,0
2018,m,"Narita, Kakeru",17,3,2,0,1,0
2018,m,"Nishino, Yuji",75,20,6,0,19,2
2018,m,"Olmos, Edgar",33,9,6,0,5,0
2018,m,"Otani, Tomohisa",191,50,17,1,36,9
2018,m,"Otonari, Kenji",14,8,0,0,0,2
2018,m,"Sakai, Tomohito",373,91,35,4,55,12
2018,m,"Scheppers, Tanner",171,45,17,2,34,2
2018,m,"Sekiya, Ryota",21,5,1,0,2,0
2018,m,"Takano, Keisuke",73,23,4,0,10,1
2018,m,"Tanaka, Yasuhiro",113,27,5,1,16,3
2018,m,"Taneichi, Atsuki",169,42,13,1,28,5
2018,m,"Tojo, Taiki",42,6,4,0,10,2
2018,m,"Uchi, Tatsuya",241,51,19,1,54,5
2018,m,"Wakui, Hideaki",629,155,43,2,99,16
2018,m,"Watanabe, Keita",129,37,10,0,12,2
2018,m,"Yamamoto, Daiki",17,5,4,0,1,0
2018,s,"Akiyoshi, Ryo",166,40,12,2,24,5
2018,s,"Buchanan, David",751,186,53,10,95,17
2018,s,"Carasiti, Matt",420,89,43,4,73,7
2018,s,"Furuno, Masato",40,12,1,0,4,2
2018,s,"Hara, Juri",461,102,31,3,93,3
2018,s,"Hoshi, Tomoya",136,24,21,0,23,5
2018,s,"Huff, Dave",411,105,27,4,78,13
2018,s,"Ishikawa, Masanori",488,121,41,4,78,19
2018,s,"Ishiyama, Taichi",296,63,15,2,62,6
2018,s,"Kazahari, Ren",241,48,22,1,61,11
2018,s,"Kondo, Kazuki",334,74,31,2,75,8
2018,s,"Matsuoka, Kenichi",73,16,9,2,14,1
2018,s,"Muranaka, Kyohei",16,4,5,1,3,1
2018,s,"Nakao, Hikaru",248,53,33,1,56,5
2018,s,"Nakazawa, Masato",128,34,6,2,24,4
2018,s,"Numata, Takumi",5,2,0,0,1,0
2018,s,"Ogawa, Yasuhiro",450,109,24,1,94,9
2018,s,"Oshita, Yuma",171,31,9,3,35,6
2018,s,"Sato, Yoshinori",155,34,20,1,37,4
2018,s,"Tagawa, Kengo",4,0,1,0,1,0
2018,s,"Takahashi, Keiji",69,14,8,2,20,4
2018,s,"Tateyama, Shohei",97,30,10,2,13,2
2018,s,"Terashima, Naruki",13,4,4,0,2,1
2018,s,"Umeno, Yugo",128,27,22,3,25,5
2018,s,"Urquidez, Jason",24,6,1,0,4,0
2018,s,"Yamada, Hiroki",33,10,4,1,3,2
2018,s,"Yamamoto, Tetsuya",19,5,1,0,0,1
2018,s,"Yamanaka, Hirofumi",163,43,10,2,20,2
2018,t,"Akiyama, Takumi",437,111,18,4,89,8
2018,t,"Aoyagi, Koyo",93,23,6,0,22,1
2018,t,"Baba, Kosuke",41,12,4,1,7,2
2018,t,"Dolis, Rafael",229,50,17,2,56,4
2018,t,"Fujikawa, Kyuji",229,29,37,1,67,3
2018,t,"Fujinami, Shintaro",326,70,47,4,70,5
2018,t,"Fukunaga, Shungo",13,6,2,0,0,1
2018,t,"Iida, Yuya",16,5,2,0,3,1
2018,t,"Ishizaki, Tsuyoshi",65,10,10,1,23,2
2018,t,"Ito, Kazuo",92,15,10,1,25,1
2018,t,"Iwasada, Yuta",554,128,32,1,122,18
2018,t,"Iwata, Minoru",129,25,9,3,29,4
2018,t,"Iwazaki, Suguru",275,66,25,4,70,8
2018,t,"Kuwahara, Kentaro",239,52,12,4,65,6
2018,t,"Mateo, Marcos",73,19,11,1,13,2
2018,t,"Messenger, Randy",728,160,58,4,149,13
2018,t,"Mochizuki, Atsushi",190,46,17,2,40,7
2018,t,"Moreno, Diego",28,8,3,0,6,0
2018,t,"Moriya, Koki",26,9,3,0,2,1
2018,t,"Nomi, Atsushi",229,40,19,3,48,5
2018,t,"Okamoto, Yosuke",192,46,11,5,30,3
2018,t,"Onaka, Yuya",51,13,4,0,14,1
2018,t,"Ono, Taiki",573,133,81,3,96,10
2018,t,"Saiki, Hiroto",368,81,38,5,85,12
2018,t,"Shimamoto, Hiroya",8,2,2,0,2,0
2018,t,"Takahashi, Akifumi",66,19,5,0,8,1
2018,t,"Takahashi, Haruto",150,34,14,0,27,4
2018,t,"Takeyasu, Daichi",27,5,1,0,2,0
2018,t,"Tanigawa, Masaki",62,17,7,2,11,2
2018,t,"Yamamoto, Shoya",17,4,4,0,1,2
2019,b,"Albers, Andrew",278,84,10,2,45,12
2019,b,"Aranishi, Yudai",221,55,18,2,42,6
2019,b,"Cho, Yaku",126,36,9,1,17,7
2019,b,"Dickson, Brandon",150,29,18,0,38,1
2019,b,"Eppler, Tyler",137,41,9,0,25,2
2019,b,"Hidarisawa, Yu",13,1,3,0,3,0
2019,b,"Higa, Motoki",141,32,11,2,36,5
2019,b,"Iwamoto, Akira",43,9,11,0,5,2
2019,b,"Kaida, Tomoyuki",196,41,11,2,33,1
2019,b,"Kambe, Fumiya",85,17,5,2,19,4
2019,b,"Kaneda, Kazuyuki",36,12,3,0,4,0
2019,b,"Kishida, Mamoru",1,0,0,0,1,0
2019,b,"Kobayashi, Keisuke",82,23,5,0,17,4
2019,b,"Kondo, Taisuke",209,39,22,1,61,4
2019,b,"Masui, Hirotoshi",230,51,24,1,64,5
2019,b,"Matsuba, Takahiro",104,26,9,3,13,3
2019,b,"Naruse, Yoshihisa",90,24,8,1,13,3
2019,b,"Saito, Koki",46,14,9,0,8,0
2019,b,"Sakakibara, Tsubasa",333,64,37,5,59,5
2019,b,"Sawada, Keisuke",122,28,15,0,19,3
2019,b,"Suzuki, Kohei",451,100,49,3,88,15
2019,b,"Suzuki, Yu",9,1,3,0,2,0
2019,b,"Tajima, Daiki",219,48,20,1,40,4
2019,b,"Takeyasu, Daichi",234,63,17,5,37,5
2019,b,"Tomei, Daiki",91,20,16,1,9,5
2019,b,"Tomiyama, Ryoga",6,0,0,0,2,0
2019,b,"Yamada, Nobuyoshi",172,31,18,0,44,6
2019,b,"Yamamoto, Yoshinobu",553,101,36,3,127,8
2019,b,"Yamaoka, Taisuke",699,154,45,4,154,16
2019,b,"Yamasaki, Sachiya",236,49,28,3,37,6
2019,b,"Yoshida, Kazumasa",156,33,14,1,28,3
2019,b,"Yoshida, Ryo",21,7,3,0,2,2
2019,c,"Aduwa, Makoto",404,101,27,4,52,14
2019,c,"Endo, Atsushi",188,36,25,1,38,1
2019,c,"Franzua, Geronimo",308,55,32,7,94,8
2019,c,"Fujii, Koya",41,13,9,0,8,0
2019,c,"Hellweg, Johnny",13,2,1,0,2,0
2019,c,"Horie, Atsuya",95,20,14,1,23,4
2019,c,"Ichioka, Ryuji",133,29,10,2,18,1
2019,c,"Imamura, Takeru",101,18,9,1,17,2
2019,c,"Johnson, Kris",650,132,58,4,132,12
2019,c,"Kemna, Makoto",5,1,1,0,1,0
2019,c,"Kikuchi, Yasunori",240,39,23,0,43,4
2019,c,"Kuri, Aren",498,107,41,4,96,11
2019,c,"Lawrence, Casey",23,4,4,0,3,1
2019,c,"Montilla, Emailin",29,11,4,0,8,1
2019,c,"Nagakawa, Katsuhiro",1,0,0,0,0,0
2019,c,"Nakamura, Kyohei",181,31,17,2,58,5
2019,c,"Nakamura, Yuta",32,11,5,0,4,3
2019,c,"Nakata, Ren",36,8,6,1,4,1
2019,c,"Nakazaki, Shota",171,44,17,2,23,3
2019,c,"Nomura, Yusuke",414,96,34,2,65,6
2019,c,"Okada, Akitake",39,9,11,0,4,2
2019,c,"Osera, Daichi",712,176,35,4,136,22
2019,c,"Regnault, Kyle",265,53,34,3,67,7
2019,c,"Shimauchi, Sotaro",127,19,19,2,33,1
2019,c,"Tokoda, Hiroki",590,131,48,5,101,17
2019,c,"Yabuta, Kazuki",62,17,10,0,6,4
2019,c,"Yamaguchi, Sho",117,25,13,3,21,3
2019,c,"Yasaki, Takuya",40,10,6,0,11,2
2019,d,"Achira, Takuma",146,37,13,1,21,11
2019,d,"Fujishima, Kento",114,19,7,2,35,1
2019,d,"Fuku, Hiroto",216,39,16,2,53,3
2019,d,"Fukutani, Koji",26,6,2,0,6,1
2019,d,"Ito, Junki",13,7,2,0,1,0
2019,d,"Kasahara, Shotaro",158,39,17,1,22,4
2019,d,"Katsuno, Akiyoshi",71,16,9,0,9,2
2019,d,"Kinoshita, Yusuke",30,8,3,0,6,0
2019,d,"Martinez, Raidel",171,34,14,2,48,2
2019,d,"Matayoshi, Katsuki",182,35,19,1,37,5
2019,d,"Matsuba, Takahiro",16,5,3,0,0,0
2019,d,"Matsuzaka, Daisuke",32,12,2,3,2,0
2019,d,"Mitsuma, Takuya",143,30,13,2,31,6
2019,d,"Ogasawara, Shinnosuke",155,34,7,2,32,5
2019,d,"Oguma, Ryosuke",69,13,9,0,14,1
2019,d,"Okada, Toshiya",207,44,14,1,53,8
2019,d,"Ono, Yudai",696,132,43,2,156,18
2019,d,"Rodriguez, Joely",240,42,14,3,77,3
2019,d,"Romero, Enny",503,106,55,4,105,19
2019,d,"Sato, Yu",45,9,7,0,6,0
2019,d,"Shimizu, Tatsuya",169,40,24,2,24,5
2019,d,"Sobue, Daisuke",187,42,14,1,27,3
2019,d,"Suzuki, Hiroshi",117,29,15,2,16,1
2019,d,"Tajima, Shinji",91,18,8,2,22,5
2019,d,"Tanimoto, Keisuke",143,31,21,5,24,2
2019,d,"Umetsu, Kodai",140,28,11,3,34,3
2019,d,"Yamai, Daisuke",279,66,24,3,37,13
2019,d,"Yamamoto, Takumi",194,39,24,1,27,4
2019,d,"Yanagi, Yuya",703,165,38,3,146,21
2019,d,"Yoshimi, Kazuki",96,30,4,2,17,0
2019,db,"Akama, Ken",39,7,3,0,5,2
2019,db,"Azuma, Katsuki",161,38,10,1,31,4
2019,db,"Barrios, Edison",66,12,10,2,11,0
2019,db,"Escobar, Edwin",306,60,24,2,88,7
2019,db,"Fujioka, Yoshiaki",126,27,15,0,23,2
2019,db,"Hamaguchi, Haruhiro",341,59,38,3,85,8
2019,db,"Hamaya, Kodai",13,3,5,0,0,0
2019,db,"Hirata, Shingo",48,15,4,2,11,2
2019,db,"Iizuka, Satoshi",52,17,3,1,9,4
2019,db,"Imanaga, Shota",684,128,56,4,186,18
2019,db,"Ino, Shoichi",309,74,28,3,50,5
2019,db,"Ishida, Kenta",285,59,21,0,78,7
2019,db,"Kamichatani, Taiga",584,136,51,3,102,14
2019,db,"Kasai, Takamasa",101,23,14,0,18,3
2019,db,"Kuniyoshi, Yuki",299,62,28,2,81,9
2019,db,"Kyoyama, Masaya",173,45,27,0,29,3
2019,db,"Mikami, Tomoya",25,5,6,0,5,0
2019,db,"Mishima, Kazuki",309,67,31,0,62,10
2019,db,"Muto, Yuta",159,31,18,1,28,4
2019,db,"Nakagawa, Koo",25,7,3,0,3,2
2019,db,"Nakaushiro, Yuhei",12,3,2,0,1,0
2019,db,"Onuki, Shinichi",302,81,25,2,54,7
2019,db,"Patton, Spencer",172,38,22,3,45,4
2019,db,"Saito, Shunsuke",115,31,8,2,20,1
2019,db,"Sakaguchi, Kosuke",37,9,4,1,4,0
2019,db,"Sakurai, Shuto",74,17,10,1,17,1
2019,db,"Shindo, Takuya",39,10,6,2,5,2
2019,db,"Solis, Sammy",17,4,2,0,2,1
2019,db,"Sunada, Yoshiki",65,21,8,1,10,2
2019,db,"Taira, Kentaro",289,68,17,0,55,9
2019,db,"Yamasaki, Yasuaki",243,44,19,0,54,6
2019,e,"Anraku, Tomohiro",137,30,11,3,19,5
2019,e,"Aoyama, Koji",208,37,18,0,36,8
2019,e,"Busenitz, Alan",220,46,20,5,45,1
2019,e,"Fujihira, Shoma",45,9,7,3,6,4
2019,e,"Fukui, Yuya",150,31,24,2,20,3
2019,e,"Fukuyama, Hiroyuki",38,8,1,3,4,0
2019,e,"Furukawa, Yuri",170,37,21,0,31,6
2019,e,"Herrmann, Frank",184,31,16,0,49,5
2019,e,"Ishibashi, Ryota",535,116,35,6,71,20
2019,e,"Kamata, Yoshinao",102,25,12,1,15,4
2019,e,"Karashima, Wataru",518,119,57,0,84,14
2019,e,"Kishi, Takayuki",381,80,25,1,86,12
2019,e,"Kondo, Hiroki",44,14,2,1,3,2
2019,e,"Konno, Ryuta",44,13,3,1,7,1
2019,e,"Kubo, Yuya",94,16,11,1,14,3
2019,e,"Kumabara, Kento",17,4,3,0,3,1
2019,e,"Matsui, Yuki",271,40,24,1,107,5
2019,e,"Mima, Manabu",600,146,24,4,112,19
2019,e,"Morihara, Kohei",255,47,18,1,65,3
2019,e,"Nishimiya, Yusuke",84,18,17,1,21,0
2019,e,"Norimoto, Takahiro",269,58,10,3,67,7
2019,e,"Ono, Fumiya",87,26,5,2,14,3
2019,e,"Sato, Yoshinori",3,0,0,0,2,0
2019,e,"Shiomi, Takahiro",197,42,9,0,47,6
2019,e,"Sugahara, Shu",160,35,20,4,21,1
2019,e,"Sung, Chia-Hao",186,34,23,0,40,2
2019,e,"Takanashi, Yuhei",146,25,23,4,41,0
2019,e,"Teraoka, Kanji",15,6,0,0,2,1
2019,e,"Tomura, Kenji",73,17,9,0,15,1
2019,e,"Watanabe, Yuki",5,0,2,0,3,0
2019,e,"Yuge, Hayato",172,40,9,2,34,5
2019,f,"Akiyoshi, Ryo",212,38,19,2,48,6
2019,f,"Arihara, Kohei",639,111,40,9,161,14
2019,f,"Barbato, Johnny",147,35,21,1,22,5
2019,f,"Fujioka, Takahiro",17,4,5,0,2,0
2019,f,"Hancock, Justin",33,8,5,0,8,1
2019,f,"Hori, Mizuki",265,61,18,3,61,9
2019,f,"Iguchi, Kazutomo",131,28,7,2,19,3
2019,f,"Ishikawa, Naoya",220,39,16,1,75,6
2019,f,"Kagiya, Yohei",77,16,12,0,16,0
2019,f,"Kaneko, Chihiro",460,106,40,0,75,10
2019,f,"Kato, Takayuki",378,85,23,3,70,11
2019,f,"Kitaura, Ryuji",78,21,6,0,6,1
2019,f,"Kumon, Katsuhiko",213,41,18,1,31,5
2019,f,"Miyanishi, Naoki",182,32,6,3,51,1
2019,f,"Murata, Toru",138,32,5,2,23,4
2019,f,"Nabatame, Tsubasa",39,10,4,0,2,2
2019,f,"Nakamura, Masaru",14,3,4,0,0,1
2019,f,"Nishimura, Takahiro",196,40,20,3,55,6
2019,f,"Rodriguez, Bryan",383,89,27,4,55,7
2019,f,"Saito, Yuki",87,19,8,0,12,1
2019,f,"Sugiura, Toshihiro",252,52,13,2,50,7
2019,f,"Suzuki, Ryotaro",9,2,1,0,3,0
2019,f,"Tamai, Taisho",256,52,22,1,34,1
2019,f,"Tanaka, Eito",9,2,1,0,1,0
2019,f,"Uehara, Kenta",195,53,9,0,30,7
2019,f,"Urano, Hiroshi",143,37,7,0,34,11
2019,f,"Uwasawa, Naoyuki",307,69,27,1,64,5
2019,f,"Yoshida, Kosei",59,18,7,1,13,3
2019,f,"Yoshida, Yuki",98,27,11,1,17,6
2019,f,"Yoshikawa, Mitsuo",50,11,7,0,8,2
2019,g,"Adames, Samuel",40,10,4,0,4,2
2019,g,"Cook, Ryan",67,19,6,0,9,2
2019,g,"De La Rosa, Rubby",93,16,5,1,32,4
2019,g,"Furukawa, Yuri",21,4,2,0,10,0
2019,g,"Hatake, Seishu",76,26,5,1,14,2
2019,g,"Horioka, Hayato",18,5,3,0,2,1
2019,g,"Ikeda, Shun",6,2,1,0,1,1
2019,g,"Imamura, Nobutaka",349,82,26,8,54,9
2019,g,"Jungmann, Taylor",206,49,26,3,28,9
2019,g,"Kagiya, Yohei",117,21,18,0,11,4
2019,g,"Kuwahara, Takuya",80,17,4,2,16,4
2019,g,"Mathieson, Scott",104,28,9,0,19,2
2019,g,"Mercedes, Cristopher Crisostomo",512,137,28,5,89,12
2019,g,"Miyaguni, Ryosuke",122,26,9,1,21,2
2019,g,"Morifuku, Masahiko",18,5,0,0,5,2
2019,g,"Nakagawa, Kota",270,57,18,2,74,3
2019,g,"Nogami, Ryoma",81,19,6,0,16,1
2019,g,"Oe, Ryusei",49,13,3,0,7,3
2019,g,"Otake, Kan",111,26,8,0,24,2
2019,g,"Sakamoto, Koki",12,5,0,1,3,0
2019,g,"Sakurai, Toshiki",472,109,42,4,82,12
2019,g,"Sawamura, Hirokazu",197,40,17,3,55,3
2019,g,"Sugano, Tomoyuki",577,138,32,3,120,20
2019,g,"Taguchi, Kazuto",276,59,18,2,66,11
2019,g,"Tahara, Seiji",70,14,7,0,9,1
2019,g,"Takagi, Kyosuke",220,51,13,0,48,11
2019,g,"Takahashi, Yuki",395,70,48,5,89,14
2019,g,"Takata, Hosei",22,7,2,0,7,0
2019,g,"Togo, Shosei",34,6,3,1,11,1
2019,g,"Tone, Chiaki",104,17,17,3,21,2
2019,g,"Yamaguchi, Shun",705,137,60,13,188,8
2019,g,"Yoshikawa, Mitsuo",35,12,6,0,4,2
2019,h,"Higashihama, Nao",158,36,23,1,26,5
2019,h,"Ishikawa, Shuta",11,2,0,0,3,0
2019,h,"Iwasaki, Sho",8,1,1,0,2,0
2019,h,"Izumi, Keisuke",80,17,8,1,18,1
2019,h,"Kaino, Hiroshi",253,49,34,4,73,6
2019,h,"Kajiya, Ren",169,42,22,2,23,4
2019,h,"Kasaya, Shunsuke",26,6,7,0,7,1
2019,h,"Kawahara, Hiroyuki",105,22,14,1,10,1
2019,h,"Kayama, Shinya",128,29,5,4,26,1
2019,h,"Matsuda, Ryoma",230,41,32,3,57,8
2019,h,"Matsumoto, Yuki",146,35,11,0,32,2
2019,h,"Miranda, Ariel",382,80,48,2,58,13
2019,h,"Moinelo, Livan",245,37,25,6,86,4
2019,h,"Mori, Yuito",213,40,13,2,59,5
2019,h,"Nakata, Kenichi",20,3,3,1,2,0
2019,h,"Niho, Akira",165,40,16,0,15,6
2019,h,"Okumura, Masato",58,13,7,3,10,3
2019,h,"Otake, Kotaro",442,111,20,4,72,13
2019,h,"Senga, Kodai",752,134,75,8,227,19
2019,h,"Shiino, Arata",206,37,31,2,49,5
2019,h,"Suarez, Robert",126,28,20,1,27,6
2019,h,"Sugiyama, Kazuki",21,5,5,0,4,0
2019,h,"Takahashi, Jumpei",205,36,17,5,58,4
2019,h,"Takahashi, Rei",584,114,49,11,73,10
2019,h,"Takeda, Shota",361,78,40,4,70,6
2019,h,"Tanaka, Seigi",5,1,2,0,0,0
2019,h,"Taura, Fumimaru",41,8,6,0,6,1
2019,h,"van den Hurk, Rick",66,13,2,0,22,2
2019,h,"Wada, Tsuyoshi",240,56,14,2,45,11
2019,l,"Aiuchi, Makoto",51,17,6,1,5,3
2019,l,"Awatsu, Kaito",10,4,1,0,0,0
2019,l,"Enokida, Daiki",319,86,21,9,33,12
2019,l,"Heath, Deunte",135,26,14,2,34,2
2019,l,"Hirai, Katsunori",354,77,32,6,66,6
2019,l,"Honda, Keisuke",375,88,28,3,53,13
2019,l,"Imai, Tatsuya",596,127,72,5,105,16
2019,l,"Ito, Sho",25,7,3,0,2,1
2019,l,"Koishi, Hirotaka",69,15,5,4,6,2
2019,l,"Kokuba, Tsubasa",62,13,7,0,2,3
2019,l,"Kuo, Chun-Lin",44,7,6,1,7,1
2019,l,"Liao, Jen-Lei",14,4,0,1,4,1
2019,l,"Martin, Kyle",199,40,28,8,36,2
2019,l,"Masuda, Tatsushi",272,51,10,0,74,5
2019,l,"Matsumoto, Naoaki",25,9,1,0,3,2
2019,l,"Matsumoto, Wataru",384,87,46,2,65,11
2019,l,"Minamikawa, Tadasuke",3,0,3,0,0,0
2019,l,"Moriwaki, Ryosuke",143,29,20,3,24,3
2019,l,"Neal, Zach",410,103,15,6,51,8
2019,l,"Noda, Shogo",84,14,9,3,10,1
2019,l,"Ogawa, Ryuya",157,35,12,3,28,4
2019,l,"Oishi, Tatsuya",11,4,0,0,5,1
2019,l,"Saito, Hiromasa",51,12,6,3,7,4
2019,l,"Sano, Yasuo",297,68,32,4,39,4
2019,l,"Taira, Kaima",111,29,9,3,23,2
2019,l,"Takagi, Hayato",16,4,4,1,1,1
2019,l,"Takahashi, Kona",554,144,47,14,90,13
2019,l,"Takekuma, Shota",68,14,12,1,5,1
2019,l,"Tamura, Ichiro",34,9,4,0,3,1
2019,l,"Tawata, Shinsaburo",306,84,25,6,37,8
2019,l,"Togame, Ken",444,106,31,4,57,12
2019,m,"Abe, Kazunari",14,1,2,0,2,0
2019,m,"Ariyoshi, Yuki",37,12,5,0,2,4
2019,m,"Azuma, Yusuke",92,19,13,0,16,2
2019,m,"Bolsinger, Mike",465,105,52,5,86,14
2019,m,"Chen, Kuan-Yu",253,54,27,2,45,2
2019,m,"Dohi, Seiya",137,35,12,0,28,4
2019,m,"Futaki, Kota",538,127,30,6,115,16
2019,m,"Ishikawa, Ayumu",503,129,28,4,81,9
2019,m,"Ishizaki, Tsuyoshi",10,4,1,0,0,0
2019,m,"Iwashita, Daiki",406,80,47,2,74,14
2019,m,"Karakawa, Yuki",168,47,6,1,30,7
2019,m,"Mann, Brandon",75,16,12,1,20,1
2019,m,"Masuda, Naoya",229,36,22,2,56,5
2019,m,"Matsunaga, Takahiro",144,25,17,3,32,3
2019,m,"Minami, Masaki",18,4,4,0,3,1
2019,m,"Nagano, Shoji",15,3,2,1,2,0
2019,m,"Nakamura, Toshiya",103,23,8,1,21,2
2019,m,"Nishino, Yuji",277,56,23,0,64,6
2019,m,"Ojima, Kazuya",232,55,20,1,45,5
2019,m,"Otani, Tomohisa",10,2,2,0,1,0
2019,m,"Ravin, Josh",12,3,3,1,1,1
2019,m,"Sakai, Tomohito",248,51,25,1,60,9
2019,m,"Sasaki, Chihaya",130,26,12,1,22,2
2019,m,"Takano, Keisuke",8,3,1,0,0,2
2019,m,"Tanaka, Yasuhiro",166,42,12,3,29,2
2019,m,"Taneichi, Atsuki",506,114,51,2,135,11
2019,m,"Tojo, Taiki",232,52,21,7,53,7
2019,m,"Wakui, Hideaki",462,121,27,6,87,14
2019,s,"Buchanan, David",438,118,33,4,58,10
2019,s,"Hara, Juri",322,85,19,5,57,10
2019,s,"Hirai, Ryo",87,24,9,0,13,1
2019,s,"Hoshi, Tomoya",67,15,15,0,10,1
2019,s,"Huff, Dave",271,58,21,1,58,6
2019,s,"Igarashi, Ryota",193,35,24,3,33,4
2019,s,"Ishikawa, Masanori",514,117,26,4,88,18
2019,s,"Ishiyama, Taichi",137,30,8,0,31,2
2019,s,"Kazahari, Ren",95,23,15,2,17,5
2019,s,"Kondo, Kazuki",245,57,32,0,54,6
2019,s,"Kubo, Takuma",54,13,7,3,11,2
2019,s,"Kuramoto, Harutaka",63,26,3,1,9,3
2019,s,"McGough, Scott",296,71,22,2,64,2
2019,s,"Nakao, Hikaru",69,17,8,0,18,3
2019,s,"Nakazawa, Masato",9,4,0,0,1,1
2019,s,"Ogawa, Yasuhiro",686,173,36,2,132,26
2019,s,"Oshita, Yuma",187,52,12,0,30,7
2019,s,"Sakamoto, Koshiro",104,22,16,2,15,2
2019,s,"Shimizu, Noboru",124,33,13,0,24,7
2019,s,"Suarez, Albert",68,11,5,1,12,1
2019,s,"Tagawa, Kengo",73,23,6,0,12,2
2019,s,"Takahashi, Keiji",438,99,53,8,99,14
2019,s,"Takanashi, Hirotoshi",358,90,34,4,82,13
2019,s,"Tateyama, Shohei",18,5,2,1,3,0
2019,s,"Terahara, Hayato",75,18,9,0,9,2
2019,s,"Terashima, Naruki",21,9,2,0,0,0
2019,s,"Umeno, Yugo",282,55,25,1,77,7
2019,s,"Yagi, Shogo",5,2,0,0,1,1
2019,s,"Yamada, Hiroki",268,70,16,1,45,10
2019,s,"Yamanaka, Hirofumi",41,10,2,1,5,2
2019,t,"Akiyama, Takumi",219,56,12,1,35,5
2019,t,"Aoyagi, Koyo",601,145,42,12,100,14
2019,t,"Baba, Kosuke",17,7,1,0,4,3
2019,t,"Dolis, Rafael",213,36,11,1,50,1
2019,t,"Fujikawa, Kyuji",226,29,32,0,83,3
2019,t,"Fujinami, Shintaro",23,4,6,2,3,0
2019,t,"Fukunaga, Shungo",13,6,1,0,3,1
2019,t,"Garcia, Onelki",473,123,40,6,79,8
2019,t,"Hamachi, Masumi",128,35,8,0,27,4
2019,t,"Iida, Yuya",20,5,5,0,6,0
2019,t,"Ishizaki, Tsuyoshi",6,2,1,0,0,0
2019,t,"Iwasada, Yuta",173,43,15,0,33,4
2019,t,"Iwata, Minoru",336,90,21,3,43,13
2019,t,"Iwazaki, Suguru",204,24,17,3,58,5
2019,t,"Johnson, Pierce",224,34,13,1,91,2
2019,t,"Kuwahara, Kentaro",28,10,3,1,6,1
2019,t,"Messenger, Randy",336,71,38,2,55,11
2019,t,"Mochizuki, Atsushi",142,33,16,3,26,4
2019,t,"Moriya, Koki",217,45,17,0,53,3
2019,t,"Nishi, Yuki",702,159,36,9,112,12
2019,t,"Nomi, Atsushi",191,37,24,1,41,5
2019,t,"Okamoto, Yosuke",26,6,3,1,4,2
2019,t,"Onaka, Yuya",26,6,5,1,6,1
2019,t,"Ono, Taiki",58,11,13,1,6,0
2019,t,"Saiki, Hiroto",70,20,5,0,14,0
2019,t,"Saito, Yukiya",10,1,3,0,2,0
2019,t,"Shimamoto, Hiroya",229,42,14,4,60,4
2019,t,"Takahashi, Akifumi",1,0,0,0,0,0
2019,t,"Takahashi, Haruto",474,115,38,0,125,9
2019,t,"Takano, Keisuke",25,6,1,1,6,0
2019,t,"Tanigawa, Masaki",34,8,3,0,4,0
2020,b,"Albers, Andrew",376,93,22,3,66,12
2020,b,"Aranishi, Yudai",135,31,11,2,21,6
2020,b,"Cho, Yaku",212,50,16,2,46,5
2020,b,"Dickson, Brandon",152,34,16,1,32,2
2020,b,"Hidarisawa, Yu",8,3,1,0,1,0
2020,b,"Higa, Motoki",49,5,5,1,11,1
2020,b,"Higgins, Tyler",175,37,20,0,45,2
2020,b,"Honda, Hitomi",24,8,4,0,2,0
2020,b,"Iida, Yuya",24,11,1,0,5,0
2020,b,"Kaida, Tomoyuki",22,8,1,0,4,0
2020,b,"Kambe, Fumiya",33,9,7,0,5,0
2020,b,"Kaneda, Kazuyuki",39,10,7,0,7,1
2020,b,"Kobayashi, Keisuke",35,11,5,1,5,0
2020,b,"Masui, Hirotoshi",153,27,20,1,29,3
2020,b,"Miyagi, Hiroya",73,19,6,1,16,0
2020,b,"Muranishi, Ryota",39,6,10,0,5,2
2020,b,"Saitoh, Koki",105,24,8,1,23,3
2020,b,"Sakakibara, Tsubasa",206,44,39,1,31,5
2020,b,"Sawada, Keisuke",87,16,8,0,24,5
2020,b,"Suzuki, Kohei",78,23,14,1,10,4
2020,b,"Suzuki, Yu",173,30,29,1,41,6
2020,b,"Tajima, Daiki",512,102,42,7,89,14
2020,b,"Takeyasu, Daichi",40,8,5,1,3,0
2020,b,"Tohmei, Daiki",14,4,1,0,1,1
2020,b,"Tomiyama, Ryoga",77,14,10,1,15,3
2020,b,"Urushihara, Taisei",102,20,13,1,30,2
2020,b,"Yamada, Nobuyoshi",170,37,19,0,44,1
2020,b,"Yamamoto, Yoshinobu",494,82,37,6,149,6
2020,b,"Yamaoka, Taisuke",284,68,21,2,64,7
2020,b,"Yamasaki, Sachiya",347,71,33,2,46,12
2020,b,"Yoshida, Kazumasa",153,38,12,1,34,3
2020,b,"Yoshida, Ryo",118,15,15,2,33,1
2020,c,"Endoh, Atsushi",464,90,52,4,97,13
2020,c,"Franzua, Geronimo",217,39,17,1,62,7
2020,c,"Fujii, Reira",14,4,1,0,4,0
2020,c,"Horie, Atsuya",224,50,31,1,41,7
2020,c,"Ichioka, Ryuji",81,25,5,1,14,2
2020,c,"Imamura, Takeru",25,10,2,0,1,0
2020,c,"Johnson, DJ",69,19,8,1,13,0
2020,c,"Johnson, Kris",237,60,25,1,35,3
2020,c,"Kemna, Makoto",212,37,23,1,55,3
2020,c,"Kikuchi, Yasunori",189,41,19,3,53,6
2020,c,"Kuri, Aren",544,116,44,0,106,11
2020,c,"Montilla, Emailin",6,3,0,0,0,0
2020,c,"Morishita, Masato",485,102,32,4,124,6
2020,c,"Nakamura, Kyohei",44,7,8,1,4,0
2020,c,"Nakamura, Yuta",191,42,11,2,37,8
2020,c,"Nakata, Ren",116,28,8,0,22,6
2020,c,"Nakazaki, Shota",25,8,3,0,3,3
2020,c,"Nomura, Yusuke",309,81,22,3,35,9
2020,c,"Ohsera, Daichi",272,70,14,1,38,6
2020,c,"Scott, Tayler",49,17,8,1,7,1
2020,c,"Shimauchi, Sotaro",166,29,28,1,48,1
2020,c,"Takahashi, Mikiya",94,31,8,1,15,3
2020,c,"Tanaka, Norihiko",8,1,1,0,0,0
2020,c,"Tokoda, Hiroki",343,101,23,0,56,10
2020,c,"Yabuta, Kazuki",213,44,31,0,33,5
2020,c,"Yasaki, Takuya",39,11,5,1,10,3
2020,d,"Fujishima, Kento",103,21,9,1,21,5
2020,d,"Fuku, Hiroto",217,43,23,1,39,4
2020,d,"Fukutani, Koji",359,81,13,1,72,7
2020,d,"Gonzalez, Luis",119,34,9,1,27,3
2020,d,"Hamada, Tatsuro",27,7,3,1,5,2
2020,d,"Hashimoto, Yuki",80,20,13,1,13,3
2020,d,"Ishida, KentoMarc",17,5,3,0,3,1
2020,d,"Katsuno, Akiyoshi",298,74,17,2,56,7
2020,d,"Kinoshita, Yusuke",81,19,12,1,24,1
2020,d,"Martinez, Raidel",155,24,12,1,49,2
2020,d,"Matayoshi, Katsuki",105,22,8,1,18,2
2020,d,"Matsuba, Takahiro",319,86,17,2,50,9
2020,d,"Mitsuma, Takuya",27,11,2,1,7,1
2020,d,"Ogasawara, Shinnosuke",85,22,8,1,16,4
2020,d,"Ohno, Yudai",559,106,23,0,148,13
2020,d,"Okada, Toshiya",112,28,14,0,27,3
2020,d,"Okano, Yuichiro",189,50,13,3,41,9
2020,d,"Rodriguez, Yariel",248,50,21,5,67,4
2020,d,"Satoh, Yu",77,18,6,2,12,2
2020,d,"Shimizu, Tatsuya",92,15,15,0,21,3
2020,d,"Sobue, Daisuke",195,42,7,0,35,1
2020,d,"Suzuki, Hiroshi",44,14,6,0,4,2
2020,d,"Tanimoto, Keisuke",122,20,13,0,21,3
2020,d,"Umetsu, Kodai",184,39,19,1,43,4
2020,d,"Yamai, Daisuke",42,12,5,1,5,1
2020,d,"Yamamoto, Takumi",133,31,17,1,25,4
2020,d,"Yanagi, Yuya",365,87,29,6,88,10
2020,d,"Yoshimi, Kazuki",77,21,3,2,10,6
2020,db,"Escobar, Edwin",217,39,17,4,58,3
2020,db,"Fujioka, Yoshiaki",12,4,3,0,3,0
2020,db,"Hamaguchi, Haruhiro",363,84,47,3,67,8
2020,db,"Hirata, Shingo",195,38,25,2,46,2
2020,db,"Imanaga, Shota",224,47,17,1,63,2
2020,db,"Inoh, Shoichi",384,98,26,1,69,10
2020,db,"Ise, Hiromu",143,28,12,2,39,2
2020,db,"Ishida, Kenta",176,32,14,1,46,1
2020,db,"Kamichatani, Taiga",247,57,20,2,50,8
2020,db,"Kasai, Takamasa",7,2,2,0,1,0
2020,db,"Kuniyoshi, Yuki",191,36,22,4,51,5
2020,db,"Kyoyama, Masaya",127,29,11,1,25,4
2020,db,"Mikami, Tomoya",55,13,6,1,7,0
2020,db,"Mishima, Kazuki",180,30,13,1,46,1
2020,db,"Mutoh, Yuta",154,42,18,1,22,3
2020,db,"Nakagawa, Koh",27,6,4,0,3,2
2020,db,"Ohnuki, Shinichi",452,96,29,3,81,13
2020,db,"Patton, Spencer",231,52,27,2,65,6
2020,db,"Peoples, Michael",166,40,13,2,29,6
2020,db,"Sakaguchi, Kousuke",62,22,7,0,10,2
2020,db,"Sakamoto, Yuya",200,48,17,3,29,10
2020,db,"Sakurai, Shuto",35,12,3,0,4,0
2020,db,"Shindoh, Takuya",24,5,3,0,8,1
2020,db,"Sunada, Yoshiki",68,10,5,2,14,2
2020,db,"Taira, Kentaro",335,75,17,2,65,3
2020,db,"Yamasaki, Yasuaki",176,52,14,0,31,4
2020,e,"Anraku, Tomohiro",131,24,17,0,30,2
2020,e,"Aoyama, Kouji",50,11,6,0,8,0
2020,e,"Busenitz, Alan",195,46,18,1,32,2
2020,e,"Chargois, Jon Thomas",121,23,14,4,19,2
2020,e,"Fujihira, Shoma",2,1,0,1,0,0
2020,e,"Fukui, Yuya",128,26,14,2,18,2
2020,e,"Fukuyama, Hiroyuki",49,12,5,0,8,1
2020,e,"Ikeda, Shun",77,21,7,0,13,0
2020,e,"Ishibashi, Ryota",285,72,28,4,46,9
2020,e,"Johnson, DJ",62,13,6,0,16,2
2020,e,"Kamata, Yoshinao",26,9,4,1,4,0
2020,e,"Karashima, Wataru",170,43,15,3,26,6
2020,e,"Kishi, Takayuki",269,48,20,1,70,5
2020,e,"Kondoh, Hiroki",31,5,5,1,4,2
2020,e,"Kubo, Yuya",10,4,0,0,1,0
2020,e,"Makita, Kazuhisa",197,39,12,0,33,5
2020,e,"Matsui, Yuki",286,56,28,3,82,5
2020,e,"Morihara, Kohei",81,23,7,1,14,4
2020,e,"Norimoto, Takahiro",475,110,34,5,105,13
2020,e,"Sakai, Tomohito",188,38,18,3,34,4
2020,e,"Shiomi, Takahiro",350,88,20,1,63,10
2020,e,"Sung, Chia-Hao",162,35,17,1,29,7
2020,e,"Suzuki, Sora",8,2,1,2,1,1
2020,e,"Takinaka, Ryota",182,34,15,3,29,1
2020,e,"Teraoka, Kanji",88,15,11,2,14,0
2020,e,"Tsurusaki, Taisei",147,30,18,1,24,1
2020,e,"Wakui, Hideaki",529,110,38,3,110,17
2020,e,"Yuge, Hayato",229,57,20,3,34,9
2020,f,"Akiyoshi, Ryo",131,30,11,0,28,6
2020,f,"Arihara, Kohei",547,125,30,6,106,11
2020,f,"Fukuda, Suguru",132,29,14,0,27,4
2020,f,"Hori, Mizuki",173,30,22,6,45,2
2020,f,"Iguchi, Kazutomo",113,27,8,2,18,5
2020,f,"Kaneko, Chihiro",199,49,17,2,47,5
2020,f,"Katoh, Takayuki",249,57,23,2,51,4
2020,f,"Kawano, Ryusei",269,63,30,3,43,9
2020,f,"Kitaura, Ryuji",22,9,3,0,0,0
2020,f,"Kumon, Katsuhiko",116,33,11,0,19,3
2020,f,"Martinez, Nick",344,76,40,3,66,8
2020,f,"Miyanishi, Naoki",197,34,22,4,53,4
2020,f,"Mochizuki, Daiki",8,1,0,0,1,0
2020,f,"Murata, Toru",161,38,12,3,23,3
2020,f,"Nabatame, Tsubasa",29,9,3,0,5,1
2020,f,"Nishimura, Takahiro",115,23,14,2,29,4
2020,f,"Rodriguez, Bryan",34,7,3,0,9,0
2020,f,"Sugiura, Toshihiro",319,59,37,1,68,6
2020,f,"Suzuki, Kenya",55,15,7,0,11,0
2020,f,"Tamai, Taisho",175,36,18,1,29,5
2020,f,"Uehara, Kenta",149,37,12,0,28,3
2020,f,"Urano, Hiroshi",1,0,0,0,1,0
2020,f,"Uwasawa, Naoyuki",411,85,38,1,90,6
2020,f,"VerHagen, Drew",454,91,29,6,115,7
2020,f,"Yoshida, Kosei",99,26,12,1,11,2
2020,f,"Yoshida, Yuki",27,8,2,0,6,0
2020,f,"Yoshikawa, Mitsuo",24,5,4,0,1,0
2020,g,"De La Rosa, Rubby",132,23,16,3,28,3
2020,g,"Diplan, Nattino",16,7,2,1,2,3
2020,g,"Fujioka, Takahiro",39,7,6,1,6,1
2020,g,"Furukawa, Yuri",26,12,1,0,4,1
2020,g,"Hatake, Seishu",265,47,23,4,49,5
2020,g,"Horioka, Hayato",62,16,8,0,11,2
2020,g,"Imamura, Nobutaka",260,53,21,2,55,8
2020,g,"Kagiya, Yohei",148,25,13,1,40,2
2020,g,"Kuwahara, Takuya",32,6,5,1,6,0
2020,g,"Masuda, Daiki",3,0,1,0,0,0
2020,g,"Mercedes, Cristopher Crisostomo",243,53,19,2,45,5
2020,g,"Miyaguni, Ryosuke",109,27,8,0,22,5
2020,g,"Nakagawa, Kota",139,24,10,1,26,1
2020,g,"Naoe, Daisuke",49,10,3,1,11,2
2020,g,"Numata, Shohei",23,6,4,0,3,1
2020,g,"Ohe, Ryusei",156,21,22,5,30,5
2020,g,"Ohtake, Kan",100,20,9,1,16,3
2020,g,"Sakurai, Toshiki",281,68,21,5,43,15
2020,g,"Sanchez, Angel",363,74,34,0,59,8
2020,g,"Sawamura, Hirokazu",64,14,8,2,11,1
2020,g,"Sugano, Tomoyuki",532,97,25,7,131,8
2020,g,"Taguchi, Kazuto",379,91,26,5,58,10
2020,g,"Takagi, Kyosuke",49,11,2,0,12,1
2020,g,"Takahashi, Yuki",101,22,12,0,23,2
2020,g,"Takanashi, Yuhei",141,17,13,6,37,2
2020,g,"Tanaka, Toyoki",133,32,18,3,21,4
2020,g,"Togo, Shosei",446,87,42,6,106,12
2020,g,"Vieira, Thyago",118,27,17,2,29,3
2020,g,"Yokogawa, Kai",20,4,1,0,2,1
2020,h,"Bandoh, Yugo",129,26,10,0,29,4
2020,h,"Furuya, Yuto",29,5,6,0,9,0
2020,h,"Higashihama, Nao",479,83,49,2,102,10
2020,h,"Ishikawa, Shuta",443,68,41,12,103,9
2020,h,"Iwasaki, Sho",70,19,6,1,20,3
2020,h,"Izumi, Keisuke",143,26,19,1,28,1
2020,h,"Kajiya, Ren",30,10,3,1,2,1
2020,h,"Kasaya, Shunsuke",246,44,31,4,67,2
2020,h,"Kawahara, Hiroyuki",79,12,14,3,15,0
2020,h,"Kayama, Shinya",117,18,10,2,33,1
2020,h,"Matsumoto, Yuki",120,20,19,0,27,4
2020,h,"Moinelo, Livan",193,26,25,2,77,1
2020,h,"Moore, Matt",320,64,22,4,89,7
2020,h,"Mori, Yuito",205,39,13,2,40,4
2020,h,"Niho, Akira",256,63,24,6,28,5
2020,h,"Ogata, Shuto",8,2,3,0,2,0
2020,h,"Ohtake, Koutaro",60,13,3,0,8,1
2020,h,"Okumura, Masato",20,3,3,2,7,0
2020,h,"Senga, Koudai",503,90,57,2,149,4
2020,h,"Shiino, Arata",49,12,5,0,13,1
2020,h,"Sugiyama, Kazuki",69,15,6,0,22,1
2020,h,"Takahashi, Rei",220,42,24,9,29,2
2020,h,"Takeda, Shota",121,34,14,1,23,7
2020,h,"Tsumori, Yuki",72,15,8,1,17,2
2020,h,"van den Hurk, Rick",113,28,10,0,20,6
2020,h,"Wada, Tsuyoshi",346,66,31,1,75,7
2020,h,"Watanabe, Yuta",6,0,1,0,1,0
2020,l,"Enokida, Daiki",103,26,6,1,9,4
2020,l,"Garrett, Reed",220,52,20,3,45,2
2020,l,"Hamaya, Syota",217,48,21,3,23,7
2020,l,"Hirai, Katsunori",260,60,23,1,53,3
2020,l,"Honda, Keisuke",149,35,13,0,24,6
2020,l,"Imai, Tatsuya",310,72,52,5,44,5
2020,l,"Itoh, Sho",128,30,16,0,18,3
2020,l,"Kokuba, Tsubasa",55,14,8,0,8,2
2020,l,"Masuda, Tatsushi",196,41,10,2,42,3
2020,l,"Matsumoto, Wataru",452,89,56,2,66,19
2020,l,"Matsuoka, Kouki",12,5,2,0,0,0
2020,l,"Miyagawa, Tetsu",202,40,29,1,45,1
2020,l,"Moriwaki, Ryosuke",178,22,20,1,41,3
2020,l,"Nakatsuka, Shunta",33,8,4,0,5,0
2020,l,"Neal, Zach",485,125,35,8,66,13
2020,l,"Noda, Shogo",6,2,1,0,1,0
2020,l,"Nolin, Sean",96,22,10,1,21,3
2020,l,"Ogawa, Ryuya",109,22,14,1,13,1
2020,l,"Saito, Hiromasa",51,15,7,1,3,2
2020,l,"Sano, Yasuo",30,9,2,0,1,1
2020,l,"Taira, Kaima",214,22,29,8,62,2
2020,l,"Takahashi, Kona",501,100,44,7,100,9
2020,l,"Takekuma, Shota",28,9,7,0,4,0
2020,l,"Tamura, Ichiro",181,47,16,2,27,4
2020,l,"Togame, Ken",117,30,13,3,13,5
2020,l,"Utsumi, Tetsuya",83,18,6,1,12,3
2020,l,"Yoza, Kaito",169,47,13,2,18,5
2020,m,"Ariyoshi, Yuki",49,15,2,0,5,1
2020,m,"Azuma, Yusuke",69,10,14,0,4,2
2020,m,"Chen, Kuan-Yu",89,20,13,0,12,1
2020,m,"Chen, Wei-Yin",102,22,4,0,14,4
2020,m,"Flores, Jose",108,27,16,0,25,3
2020,m,"Furuya, Takuro",30,6,7,1,7,1
2020,m,"Futaki, Kota",361,72,12,3,79,7
2020,m,"Herrmann, Frank",149,28,12,0,37,2
2020,m,"Ishikawa, Ayumu",555,138,26,4,77,19
2020,m,"Ishizaki, Tsuyoshi",69,12,15,0,19,2
2020,m,"Iwashita, Daiki",393,98,35,3,74,11
2020,m,"Jackson, Jay",29,4,3,0,12,1
2020,m,"Karakawa, Yuki",118,22,9,0,23,1
2020,m,"Masuda, Naoya",214,42,17,2,53,1
2020,m,"Matsunaga, Takahiro",15,3,3,0,3,0
2020,m,"Mima, Manabu",517,130,25,0,88,9
2020,m,"Minami, Masaki",32,5,5,0,6,2
2020,m,"Nagano, Shoji",73,16,13,0,14,0
2020,m,"Nakamura, Toshiya",278,61,31,0,40,11
2020,m,"Narita, Kakeru",15,5,0,1,3,2
2020,m,"Ohmine, Yuta",45,15,6,0,9,1
2020,m,"Ojima, Kazuya",479,106,47,3,83,12
2020,m,"Ono, Fumiya",162,31,18,1,32,2
2020,m,"Sasaki, Chihaya",23,7,2,1,5,1
2020,m,"Sawamura, Hirokazu",82,10,10,0,29,2
2020,m,"Tanaka, Yasuhiro",30,5,4,0,8,1
2020,m,"Taneichi, Atsuki",198,43,15,5,41,7
2020,m,"Tojo, Taiki",121,25,12,4,26,3
2020,m,"Yamamoto, Daiki",54,11,6,0,7,1
2020,s,"Hara, Juri",88,20,13,1,14,6
2020,s,"Hasegawa, Hiroki",196,50,23,0,45,3
2020,s,"Hoshi, Tomoya",216,57,24,1,40,7
2020,s,"Igarashi, Ryota",1,0,0,0,0,0
2020,s,"Ishikawa, Masanori",331,85,19,2,41,7
2020,s,"Ishiyama, Taichi",186,42,11,1,58,2
2020,s,"Kanakubo, Yuto",44,10,5,0,10,0
2020,s,"Kazahari, Ren",75,22,9,1,11,2
2020,s,"Koch, Matt",82,29,3,1,6,2
2020,s,"Kondoh, Kazuki",81,21,6,0,11,4
2020,s,"Konno, Ryuta",113,23,13,0,36,1
2020,s,"Kubo, Takuma",61,15,5,1,15,1
2020,s,"McGough, Scott",195,42,15,3,52,4
2020,s,"Nakao, Hikaru",41,9,5,0,6,3
2020,s,"Nakazawa, Masato",119,32,9,1,19,6
2020,s,"Ogawa, Yasuhiro",515,132,29,2,83,20
2020,s,"Ohnishi, Hiroki",44,14,5,0,6,1
2020,s,"Ohshita, Yuma",72,20,3,0,10,2
2020,s,"Okugawa, Yasunobu",15,9,0,0,2,1
2020,s,"Saiuchi, Hiroaki",157,49,13,1,21,2
2020,s,"Sakamoto, Koshiro",19,5,4,1,3,1
2020,s,"Shimizu, Noboru",221,45,16,1,58,10
2020,s,"Suarez, Albert",285,56,27,6,52,4
2020,s,"Takahashi, Keiji",212,47,21,4,51,6
2020,s,"Takanashi, Hirotoshi",412,101,38,0,84,11
2020,s,"Terashima, Naruki",163,41,15,1,27,5
2020,s,"Umeno, Yugo",175,37,17,0,35,6
2020,s,"Yamada, Hiroki",36,8,4,0,4,1
2020,s,"Yamanaka, Hirofumi",125,31,8,0,16,3
2020,s,"Ynoa, Gabriel",125,45,10,0,15,8
2020,s,"Yoshida, Daiki",308,80,34,0,53,10
2020,t,"Akiyama, Takumi",435,97,12,0,64,17
2020,t,"Aoyagi, Koyo",510,111,44,5,88,4
2020,t,"Baba, Kosuke",136,28,16,1,27,1
2020,t,"Edwards, Jon",86,17,3,2,17,2
2020,t,"Fujikawa, Kyuji",65,16,9,1,15,3
2020,t,"Fujinami, Shintaro",341,71,40,2,85,5
2020,t,"Fukunaga, Shungo",6,3,0,0,1,0
2020,t,"Garcia, Onelki",326,71,35,1,51,9
2020,t,"Gunkel, Joe",232,54,13,3,39,6
2020,t,"Hamachi, Masumi",4,1,0,0,0,0
2020,t,"Ishii, Masaki",7,2,2,0,0,0
2020,t,"Itoh, Kazuo",74,8,20,0,15,0
2020,t,"Iwasada, Yuta",298,67,23,0,63,7
2020,t,"Iwata, Minoru",107,26,15,2,15,1
2020,t,"Iwazaki, Suguru",163,26,15,2,37,2
2020,t,"Kobayashi, Keisuke",14,3,2,0,5,0
2020,t,"Kuwahara, Kentaro",43,7,4,0,8,2
2020,t,"Mochizuki, Atsushi",81,18,8,0,18,2
2020,t,"Moriya, Kouki",23,6,4,2,3,1
2020,t,"Nakata, Kenichi",53,18,5,0,11,0
2020,t,"Nishi, Yuki",582,116,28,4,115,15
2020,t,"Nohmi, Atsushi",109,25,12,1,19,6
2020,t,"Ogawa, Ippei",101,28,13,0,18,1
2020,t,"Onaka, Yuya",21,6,2,0,2,0
2020,t,"Saitoh, Yukiya",35,9,5,0,11,1
2020,t,"Suarez, Robert",208,36,19,0,50,2
2020,t,"Takahashi, Haruto",306,67,17,1,75,4
2020,t,"Tanigawa, Masaki",61,13,4,2,15,2
2020,t,"Yokoyama, Yuya",6,2,1,0,0,1
2021,b,"Abe, Shota",16,4,1,0,3,1
2021,b,"Cho, Yaku",54,21,2,0,15,4
2021,b,"Higa, Motoki",75,14,4,0,15,2
2021,b,"Higgins, Tyler",195,37,19,1,36,3
2021,b,"Hirano, Yoshihisa",163,30,9,0,37,4
2021,b,"Honda, Hitomi",45,13,5,0,4,2
2021,b,"Kaida, Tomoyuki",43,8,4,0,5,0
2021,b,"Kaneda, Kazuyuki",45,8,5,2,6,3
2021,b,"Masui, Hirotoshi",309,77,29,2,45,8
2021,b,"Miyagi, Hiroya",594,118,39,9,131,9
2021,b,"Muranishi, Ryota",62,15,9,2,7,1
2021,b,"Nakagawa, Hayate",5,2,0,0,0,0
2021,b,"Nohmi, Atsushi",103,26,11,3,19,2
2021,b,"Saitoh, Koki",12,2,2,0,3,1
2021,b,"Sakakibara, Tsubasa",16,4,5,0,2,0
2021,b,"Sawada, Keisuke",59,15,3,1,14,0
2021,b,"Sparkman, Glenn",73,15,8,1,14,4
2021,b,"Suzuki, Kohei",164,34,14,1,28,2
2021,b,"Suzuki, Yu",45,9,5,2,10,4
2021,b,"Tajima, Daiki",608,137,48,5,135,10
2021,b,"Takeyasu, Daichi",207,48,19,1,26,4
2021,b,"Tomiyama, Ryoga",189,37,17,0,34,2
2021,b,"Urushihara, Taisei",148,30,14,1,23,4
2021,b,"Vargas, Cesar",45,13,4,1,7,4
2021,b,"Yamada, Nobuyoshi",186,38,19,1,35,2
2021,b,"Yamamoto, Yoshinobu",736,124,40,2,206,7
2021,b,"Yamaoka, Taisuke",297,64,20,3,74,7
2021,b,"Yamasaki, Sachiya",473,111,24,6,75,13
2021,b,"Yamazaki, Soichiro",169,32,20,5,29,1
2021,b,"Yoshida, Ryo",62,7,4,0,17,3
2021,c,"Bird, Kyle",98,21,13,2,21,0
2021,c,"Corniel, Robert",269,56,28,3,79,8
2021,c,"Endoh, Atsushi",36,9,6,1,11,2
2021,c,"Franzua, Geronimo",31,9,5,0,5,1
2021,c,"Fujii, Reira",32,11,3,1,7,1
2021,c,"Horie, Atsuya",202,48,25,1,29,4
2021,c,"Kemna, Makoto",175,45,15,2,28,4
2021,c,"Kikuchi, Yasunori",140,31,13,3,25,3
2021,c,"Kobayashi, Tatsuto",20,6,2,0,6,0
2021,c,"Kuri, Aren",647,150,51,8,102,18
2021,c,"Kuribayashi, Ryoji",201,23,28,1,81,1
2021,c,"Morishita, Masato",672,144,52,3,132,16
2021,c,"Moriura, Daisuke",206,39,21,4,41,3
2021,c,"Nakamura, Yuta",65,21,5,0,6,3
2021,c,"Nakata, Ren",89,20,12,1,16,3
2021,c,"Nakazaki, Shota",24,9,2,0,1,0
2021,c,"Neverauskas, Dovydas",15,3,5,0,2,0
2021,c,"Nomura, Yusuke",171,48,17,2,29,6
2021,c,"Ohmichi, Haruki",230,50,25,2,35,4
2021,c,"Ohsera, Daichi",600,136,31,5,102,12
2021,c,"Shimauchi, Sotaro",205,44,14,0,51,4
2021,c,"Takahashi, Kouya",326,85,24,2,54,9
2021,c,"Takahashi, Mikiya",108,20,10,1,16,3
2021,c,"Tamamura, Shogo",432,95,40,1,67,13
2021,c,"Tokoda, Hiroki",374,91,24,2,80,5
2021,c,"Yabuta, Kazuki",20,3,5,0,2,0
2021,c,"Yasaki, Takuya",34,7,7,0,6,1
2021,d,"Fujishima, Kento",200,35,13,0,38,3
2021,d,"Fuku, Hiroto",185,37,15,3,38,4
2021,d,"Fukutani, Koji",432,112,17,1,73,10
2021,d,"Hashimoto, Yuki",112,26,8,1,28,0
2021,d,"Kasahara, Shotaro",94,20,17,0,13,4
2021,d,"Katsuno, Akiyoshi",391,92,31,2,67,9
2021,d,"Kondo, Ren",10,1,3,0,2,0
2021,d,"Martinez, Raidel",178,26,10,1,59,1
2021,d,"Matayoshi, Katsuki",245,47,22,1,41,2
2021,d,"Matsuba, Takahiro",309,74,15,2,41,7
2021,d,"Mitsuma, Takuya",28,10,1,0,6,1
2021,d,"Mori, Hiroto",58,11,9,3,15,0
2021,d,"Ogasawara, Shinnosuke",615,141,51,4,115,16
2021,d,"Ohno, Yudai",566,121,26,2,118,12
2021,d,"Okada, Toshiya",74,23,6,0,10,1
2021,d,"Okano, Yuichiro",40,13,2,1,3,0
2021,d,"Rodriguez, Yariel",275,56,38,5,61,8
2021,d,"Rosario, Randy",40,8,6,2,3,1
2021,d,"Satoh, Yu",32,13,2,0,4,1
2021,d,"Shimizu, Tatsuya",19,5,4,0,1,0
2021,d,"Sobue, Daisuke",208,59,9,1,30,1
2021,d,"Suzuki, Hiroshi",91,22,5,2,11,2
2021,d,"Tajima, Shinji",74,15,6,0,22,0
2021,d,"Tanimoto, Keisuke",92,23,1,1,18,3
2021,d,"Umetsu, Kodai",51,6,10,2,7,0
2021,d,"Yamai, Daisuke",1,0,0,0,1,0
2021,d,"Yamamoto, Takumi",67,16,8,1,12,1
2021,d,"Yanagi, Yuya",676,133,41,3,168,11
2021,db,"Ariyoshi, Yuki",27,8,0,0,3,1
2021,db,"Azuma, Katsuki",75,10,4,0,20,1
2021,db,"Escobar, Edwin",229,39,11,4,50,7
2021,db,"Hamaguchi, Haruhiro",387,73,52,3,84,8
2021,db,"Hirata, Shingo",185,41,21,2,34,6
2021,db,"Ikeya, Sota",25,2,2,1,2,0
2021,db,"Imanaga, Shota",476,97,26,4,110,16
2021,db,"Irie, Taisei",80,22,5,1,14,4
2021,db,"Ise, Hiromu",144,30,15,1,38,0
2021,db,"Ishida, Kenta",168,44,18,2,39,4
2021,db,"Kamichatani, Taiga",155,37,17,1,26,5
2021,db,"Kasai, Takamasa",11,5,2,1,1,1
2021,db,"Kazahari, Ren",33,12,0,0,6,2
2021,db,"Kuniyoshi, Yuki",125,24,13,1,37,1
2021,db,"Kyoyama, Masaya",353,91,41,2,67,9
2021,db,"Mikami, Tomoya",148,36,9,1,25,5
2021,db,"Mishima, Kazuki",246,66,12,0,57,8
2021,db,"Miyaguni, Ryosuke",68,18,5,0,14,3
2021,db,"Mutoh, Yuta",1,0,0,0,1,0
2021,db,"Nakagawa, Koh",122,32,15,0,24,3
2021,db,"Ohnuki, Shinichi",499,137,30,3,106,9
2021,db,"Peoples, Michael",191,41,14,2,41,5
2021,db,"Romero, Fernando",349,89,30,5,44,4
2021,db,"Sakaguchi, Kousuke",160,37,19,1,18,4
2021,db,"Sakamoto, Yuya",310,89,22,3,46,9
2021,db,"Sakurai, Shuto",181,36,29,0,37,3
2021,db,"Shackelford, Kevin",141,28,16,5,34,3
2021,db,"Shindoh, Takuya",6,0,1,2,1,0
2021,db,"Sunada, Yoshiki",166,26,13,2,27,1
2021,db,"Taira, Kentaro",39,6,3,0,6,0
2021,db,"Tanaka, Kenjiro",18,3,2,1,6,0
2021,db,"Yamasaki, Yasuaki",229,58,14,3,39,2
2021,e,"Anraku, Tomohiro",240,45,33,2,50,4
2021,e,"Busenitz, Alan",124,32,9,0,23,1
2021,e,"Fukui, Yuya",82,17,6,0,21,3
2021,e,"Fukuyama, Hiroyuki",101,23,12,0,13,3
2021,e,"Hayakawa, Takahisa",565,132,30,2,127,11
2021,e,"Ishibashi, Ryota",56,12,6,1,4,2
2021,e,"Kamata, Yoshinao",19,8,1,0,2,1
2021,e,"Kishi, Takayuki",620,149,34,1,131,17
2021,e,"Makita, Kazuhisa",72,17,3,1,5,2
2021,e,"Matsui, Yuki",172,22,21,1,59,1
2021,e,"Morihara, Kohei",132,29,8,0,30,3
2021,e,"Nishiguchi, Naoto",239,46,23,2,55,7
2021,e,"Norimoto, Takahiro",584,123,35,3,152,18
2021,e,"Sakai, Tomohito",206,33,24,0,44,3
2021,e,"Shiomi, Takahiro",21,5,1,0,4,0
2021,e,"Sugahara, Shu",16,2,5,1,0,0
2021,e,"Sung, Chia-Hao",246,46,23,2,49,2
2021,e,"Suzuki, Sora",19,3,4,0,5,0
2021,e,"Takada, Koichi",28,6,1,1,6,1
2021,e,"Takata, Hosei",39,13,5,0,8,1
2021,e,"Takinaka, Ryota",427,97,27,4,75,10
2021,e,"Tanaka, Masahiro",624,131,29,5,126,17
2021,e,"Tsurusaki, Taisei",47,11,5,0,7,0
2021,e,"Uchima, Takuma",45,9,4,1,16,0
2021,e,"Wakui, Hideaki",420,110,26,2,76,7
2021,e,"Watanabe, Yuki",23,5,2,2,4,1
2021,e,"Yuge, Hayato",65,20,6,1,6,0
2021,f,"Akiyoshi, Ryo",42,7,4,0,8,0
2021,f,"Erlin, Robbie",161,40,11,2,33,3
2021,f,"Fukuda, Suguru",25,9,1,0,3,1
2021,f,"Hasegawa, Ryota",16,2,3,0,1,0
2021,f,"Hori, Mizuki",229,36,30,4,56,3
2021,f,"Iguchi, Kazutomo",151,24,10,2,33,4
2021,f,"Ikeda, Takahide",364,88,35,5,52,11
2021,f,"Itoh, Hiromi",610,125,53,6,141,8
2021,f,"Kaneko, Chihiro",149,42,13,3,22,4
2021,f,"Katoh, Takayuki",595,136,21,3,102,13
2021,f,"Kawano, Ryusei",376,74,31,4,68,7
2021,f,"Kitaura, Ryuji",23,5,2,0,4,1
2021,f,"Kumon, Katsuhiko",34,12,2,1,6,1
2021,f,"Miyanishi, Naoki",189,42,15,4,49,3
2021,f,"Mochizuki, Daiki",16,2,3,0,1,0
2021,f,"Murata, Toru",53,18,9,0,5,1
2021,f,"Nabatame, Tsubasa",22,1,3,1,5,0
2021,f,"Nishimura, Takahiro",139,33,12,3,32,2
2021,f,"Rodriguez, Bryan",194,40,20,3,34,4
2021,f,"Saitoh, Yuki",1,0,1,0,0,0
2021,f,"Sugiura, Toshihiro",221,34,24,1,69,9
2021,f,"Suzuki, Kenya",84,17,7,3,11,1
2021,f,"Tamai, Taisho",185,41,19,4,23,2
2021,f,"Tanigawa, Masaki",43,9,4,0,8,1
2021,f,"Tateno, Kazuaki",224,39,23,3,47,3
2021,f,"Uehara, Kenta",47,8,6,0,11,0
2021,f,"Uwasawa, Naoyuki",643,119,48,4,135,8
2021,f,"VerHagen, Drew",407,90,33,6,100,7
2021,f,"Yoshida, Kosei",14,4,3,0,2,1
2021,g,"De La Rosa, Rubby",175,38,12,2,34,3
2021,g,"Furukawa, Yuri",11,3,3,1,0,1
2021,g,"Hatake, Seishu",390,83,25,4,97,13
2021,g,"Heinai, Ryuta",24,8,2,0,5,2
2021,g,"Imamura, Nobutaka",274,66,22,3,59,5
2021,g,"Inoh, Shoichi",26,11,1,0,5,3
2021,g,"Kagiya, Yohei",182,39,18,0,30,5
2021,g,"Mercedes, Cristopher Crisostomo",369,96,22,5,74,5
2021,g,"Nakagawa, Kota",220,47,10,5,49,2
2021,g,"Naoe, Daisuke",51,15,4,2,4,1
2021,g,"Nogami, Ryoma",63,8,6,0,15,1
2021,g,"Numata, Shohei",11,3,1,0,3,1
2021,g,"Ohe, Ryusei",145,29,17,2,23,2
2021,g,"Ohtake, Kan",11,5,0,0,0,0
2021,g,"Sakurai, Toshiki",145,35,16,1,20,7
2021,g,"Sanchez, Angel",317,82,23,3,54,13
2021,g,"Sugano, Tomoyuki",465,90,25,7,102,15
2021,g,"Takagi, Kyosuke",81,22,7,0,15,1
2021,g,"Takahashi, Yuki",598,125,61,2,76,18
2021,g,"Takanashi, Yuhei",171,34,21,5,47,2
2021,g,"Tanaka, Toyoki",152,22,20,1,37,5
2021,g,"Toda, Natsuki",12,3,1,0,0,0
2021,g,"Togo, Shosei",639,130,58,6,138,19
2021,g,"Tone, Chiaki",161,25,24,3,36,4
2021,g,"Vieira, Thyago",228,38,26,1,64,3
2021,g,"Yamaguchi, Shun",337,66,37,3,83,6
2021,g,"Yokogawa, Kai",37,9,2,0,9,2
2021,h,"Bandoh, Yugo",165,28,17,2,41,4
2021,h,"Furuya, Yuto",56,7,7,1,13,0
2021,h,"Higashihama, Nao",326,85,22,3,61,7
2021,h,"Ishikawa, Shuta",653,135,51,17,134,22
2021,h,"Iwasaki, Sho",179,37,11,0,56,7
2021,h,"Izumi, Keisuke",111,20,13,3,30,4
2021,h,"Kaino, Hiroshi",88,16,10,2,25,3
2021,h,"Kasaya, Shunsuke",262,52,35,2,64,12
2021,h,"Kawahara, Hiroyuki",14,3,3,1,2,0
2021,h,"Kayama, Shinya",121,22,13,1,27,2
2021,h,"Martinez, Nick",553,108,38,5,138,6
2021,h,"Matsumoto, Yuki",306,64,28,2,59,9
2021,h,"Moinelo, Livan",128,15,19,1,42,2
2021,h,"Mori, Yuito",118,20,10,0,26,6
2021,h,"Niho, Akira",53,12,5,1,8,0
2021,h,"Ogata, Shuto",34,3,2,0,9,1
2021,h,"Ohtake, Koutaro",22,7,3,0,1,0
2021,h,"Ohzeki, Tomohisa",88,12,10,2,13,1
2021,h,"Rea, Colin",150,22,13,3,38,3
2021,h,"Senga, Koudai",340,60,27,2,90,2
2021,h,"Stewart, Jr., Carter",112,21,21,1,36,0
2021,h,"Sugiyama, Kazuki",117,13,31,2,29,1
2021,h,"Takahashi, Jumpei",46,6,6,1,9,0
2021,h,"Takahashi, Rei",168,31,32,6,14,3
2021,h,"Takeda, Shota",314,66,24,2,73,7
2021,h,"Tanaka, Seigi",67,9,8,0,14,2
2021,h,"Taura, Fumimaru",90,22,7,0,17,1
2021,h,"Tsumori, Yuki",132,24,8,2,43,2
2021,h,"Wada, Tsuyoshi",396,95,27,3,83,14
2021,h,"Watanabe, Yuta",18,6,1,0,4,0
2021,l,"Dermody, Matt",151,46,13,0,22,2
2021,l,"Garrett, Reed",258,57,33,0,59,6
2021,l,"Hamaya, Shota",174,39,26,4,26,8
2021,l,"Hirai, Katsunori",327,85,19,6,55,7
2021,l,"Honda, Keisuke",111,23,14,0,9,3
2021,l,"Imai, Tatsuya",682,123,99,11,137,15
2021,l,"Inoue, Hiroki",28,9,6,0,5,1
2021,l,"Itoh, Sho",91,22,16,2,9,2
2021,l,"Kumon, Katsuhiko",43,8,3,0,8,0
2021,l,"Masuda, Tatsushi",131,32,7,1,23,4
2021,l,"Matsumoto, Wataru",638,137,64,4,130,15
2021,l,"Matsuoka, Kouki",22,5,5,1,1,0
2021,l,"Matsuzaka, Daisuke",1,0,1,0,0,0
2021,l,"Miyagawa, Tetsu",117,23,18,3,30,4
2021,l,"Mizukami, Yoshinobu",114,19,16,1,22,1
2021,l,"Moriwaki, Ryosuke",184,42,22,2,29,3
2021,l,"Neal, Zach",262,76,15,3,26,3
2021,l,"Ogawa, Ryuya",11,2,3,0,1,1
2021,l,"Omagari, Ren",13,1,2,0,2,0
2021,l,"Sano, Yasuo",84,22,8,2,7,1
2021,l,"Sasaki, Takeru",46,13,8,1,4,1
2021,l,"Taira, Kaima",247,36,28,5,70,0
2021,l,"Takahashi, Kona",728,157,62,6,127,23
2021,l,"Takekuma, Shota",120,17,14,0,25,2
2021,l,"Tamura, Ichiro",130,17,16,4,20,2
2021,l,"Togame, Ken",176,41,19,2,26,1
2021,l,"Uema, Towa",94,26,9,0,10,3
2021,l,"Utsumi, Tetsuya",36,11,5,0,3,2
2021,l,"Watanabe, Yutaro",232,43,30,3,33,3
2021,l,"Yoshikawa, Mitsuo",26,8,6,0,0,1
2021,l,"Yoza, Kaito",157,31,10,4,28,3
2021,m,"Azuma, Yusuke",149,38,9,2,29,4
2021,m,"Dohi, Seiya",11,6,0,0,0,1
2021,m,"Doi, Hideto",65,15,11,1,10,3
2021,m,"Flores, Jose",52,9,5,0,11,0
2021,m,"Futaki, Kota",494,119,28,4,77,24
2021,m,"Herrmann, Frank",189,47,13,1,38,7
2021,m,"Ishikawa, Ayumu",310,73,9,0,42,10
2021,m,"Iwashita, Daiki",514,110,46,2,87,14
2021,m,"Karakawa, Yuki",150,29,13,1,26,4
2021,m,"Kawamura, Tokito",178,39,17,0,28,4
2021,m,"Kuniyoshi, Yuki",106,18,17,0,19,0
2021,m,"Masuda, Naoya",248,43,15,0,68,5
2021,m,"Mima, Manabu",506,139,32,4,92,15
2021,m,"Minami, Masaki",1,0,0,0,1,0
2021,m,"Motomae, Fumiya",164,41,15,2,17,7
2021,m,"Nakamura, Toshiya",172,40,18,1,27,3
2021,m,"Narita, Kakeru",14,3,2,0,3,0
2021,m,"Ohmine, Yuta",51,15,2,0,7,1
2021,m,"Ojima, Kazuya",606,123,51,6,92,16
2021,m,"Ono, Fumiya",220,37,26,2,56,4
2021,m,"Romero, Enny",95,19,9,0,20,2
2021,m,"Sasaki, Chihaya",222,36,14,2,28,4
2021,m,"Sasaki, Roki",258,51,16,0,68,5
2021,m,"Suzuki, Shota",341,78,28,2,76,10
2021,m,"Tanaka, Yasuhiro",156,42,13,2,20,3
2021,m,"Tojo, Taiki",20,7,5,0,0,0
2021,m,"Yokoyama, Rikuto",48,14,3,2,11,1
2021,s,"Hara, Juri",198,45,12,4,25,0
2021,s,"Hasegawa, Hiroki",18,4,3,0,3,2
2021,s,"Hoshi, Tomoya",108,23,11,0,28,2
2021,s,"Ishikawa, Masanori",335,81,16,3,54,10
2021,s,"Ishiyama, Taichi",226,54,10,0,64,6
2021,s,"Kanakubo, Yuto",180,39,16,2,34,3
2021,s,"Kondoh, Hiroki",67,15,2,0,17,1
2021,s,"Konno, Ryuta",268,55,25,3,63,1
2021,s,"McGough, Scott",259,43,23,3,76,7
2021,s,"Ogawa, Yasuhiro",529,132,30,1,97,15
2021,s,"Ohnishi, Hiroki",159,36,12,2,24,4
2021,s,"Ohshita, Yuma",159,34,8,2,32,5
2021,s,"Okugawa, Yasunobu",413,99,10,2,91,11
2021,s,"Sakamoto, Koshiro",148,29,17,3,25,4
2021,s,"Shimizu, Noboru",272,55,18,2,74,12
2021,s,"Sneed, Cy",279,60,23,2,69,9
2021,s,"Suarez, Albert",339,82,32,5,70,9
2021,s,"Sugiyama, Koki",30,9,2,1,4,2
2021,s,"Taguchi, Kazuto",449,126,28,2,81,10
2021,s,"Takahashi, Keiji",320,59,25,6,80,9
2021,s,"Takanashi, Hirotoshi",264,62,15,3,56,11
2021,s,"Terashima, Naruki",10,5,0,0,0,0
2021,s,"Umeno, Yugo",106,22,9,2,29,4
2021,s,"Vandenhurk, Rick",28,11,2,1,4,2
2021,s,"Yamano, Taichi",12,5,2,1,3,0
2021,s,"Yoshida, Daiki",111,31,12,0,26,5
2021,t,"Akiyama, Takumi",539,121,25,3,107,18
2021,t,"Alcantara, Raul",243,55,14,0,48,6
2021,t,"Aoyagi, Koyo",651,143,48,3,104,11
2021,t,"Baba, Kosuke",198,43,17,0,39,5
2021,t,"Chen, Wei-Yin",39,10,3,0,7,0
2021,t,"Edwards, Jon",31,6,4,0,7,1
2021,t,"Fujinami, Shintaro",238,47,40,4,52,4
2021,t,"Gunkel, Joe",465,99,24,3,87,10
2021,t,"Hamachi, Masumi",26,8,2,0,6,0
2021,t,"Ishii, Daichi",75,17,6,0,16,3
2021,t,"Itoh, Masashi",557,119,34,3,79,15
2021,t,"Iwasada, Yuta",174,42,14,3,33,4
2021,t,"Iwata, Minoru",13,3,0,1,3,0
2021,t,"Iwazaki, Suguru",230,47,15,0,51,6
2021,t,"Kajiya, Ren",29,7,1,1,3,1
2021,t,"Kobayashi, Keisuke",86,17,11,0,16,1
2021,t,"Kuwahara, Kentaro",33,8,4,1,7,2
2021,t,"Moriya, Kouki",16,5,1,1,3,1
2021,t,"Murakami, Shoki",30,9,5,0,0,3
2021,t,"Niho, Akira",70,17,7,1,9,3
2021,t,"Nishi, Junya",34,4,7,0,2,0
2021,t,"Nishi, Yuki",610,143,40,4,95,12
2021,t,"Ogawa, Ippei",83,15,7,0,19,2
2021,t,"Ono, Taiki",71,17,8,1,14,1
2021,t,"Oyokawa, Masaki",169,31,24,2,38,4
2021,t,"Saitoh, Yukiya",103,23,12,0,26,1
2021,t,"Suarez, Robert",229,40,8,0,58,0
2021,t,"Takahashi, Haruto",181,30,5,0,55,1
2021,t,"Yuasa, Atsuki",21,10,2,0,2,0
2022,b,"Abe, Shota",166,22,10,2,42,1
2022,b,"Azuma, Kohei",60,17,5,1,7,1
2022,b,"Biddle, Jesse",184,36,20,7,45,4
2022,b,"Cho, Yaku",101,23,10,2,20,0
2022,b,"Higa, Motoki",85,20,2,2,24,1
2022,b,"Hirano, Yoshihisa",175,25,12,2,42,3
2022,b,"Honda, Hitomi",186,39,16,4,40,3
2022,b,"Kogita, Atsuya",63,16,6,0,13,1
2022,b,"Kondoh, Taisuke",121,25,7,1,27,3
2022,b,"Kuroki, Yuta",106,20,9,0,21,3
2022,b,"Masui, Hirotoshi",42,13,4,0,11,0
2022,b,"Miyagi, Hiroya",612,137,30,6,127,11
2022,b,"Mukunoki, Ren",69,8,8,1,21,0
2022,b,"Muranishi, Ryota",113,23,17,1,27,4
2022,b,"Nakamura, Masaru",33,12,3,1,4,0
2022,b,"Nohmi, Atsushi",15,2,2,0,2,0
2022,b,"Saitoh, Koki",24,7,1,0,5,0
2022,b,"Suzuki, Kohei",51,12,3,0,13,3
2022,b,"Tajima, Daiki",513,115,37,2,92,12
2022,b,"Takeyasu, Daichi",111,27,10,0,20,1
2022,b,"Tomiyama, Ryoga",38,10,3,0,7,3
2022,b,"Udagawa, Yuki",87,10,12,0,32,1
2022,b,"Vargas, Cesar",66,18,8,0,11,1
2022,b,"Waguespack, Jacob",309,63,29,4,81,4
2022,b,"Yamada, Nobuyoshi",44,11,4,1,14,0
2022,b,"Yamamoto, Yoshinobu",747,137,42,5,205,6
2022,b,"Yamaoka, Taisuke",518,118,27,7,99,6
2022,b,"Yamasaki, Sachiya",475,112,27,6,91,13
2022,b,"Yamazaki, Soichiro",145,30,10,1,29,2
2022,b,"Yoshida, Ryo",15,5,1,0,3,1
2022,c,"Anderson, Drew",293,61,23,3,59,9
2022,c,"Corniel, Robert",66,15,4,1,19,2
2022,c,"Endoh, Atsushi",434,104,18,3,78,17
2022,c,"Franzua, Geronimo",18,2,5,1,4,0
2022,c,"Fujii, Reira",62,10,9,1,15,1
2022,c,"Horie, Atsuya",73,13,8,1,8,1
2022,c,"Ichioka, Ryuji",41,15,1,0,7,0
2022,c,"Kemna, Makoto",172,37,18,3,37,1
2022,c,"Kikuchi, Yasunori",39,10,4,1,6,2
2022,c,"Kobayashi, Tatsuto",5,2,1,0,0,0
2022,c,"Kuri, Aren",609,147,53,8,121,13
2022,c,"Kuribayashi, Ryoji",185,22,15,2,59,0
2022,c,"Kurohara, Takumi",44,11,4,1,11,0
2022,c,"Matsumoto, Ryuya",240,58,15,3,54,5
2022,c,"Mori, Shohei",87,22,8,1,10,1
2022,c,"Morishita, Masato",764,195,44,8,133,13
2022,c,"Moriura, Daisuke",201,47,16,3,48,4
2022,c,"Nakazaki, Shota",108,27,10,1,18,6
2022,c,"Nomura, Yusuke",191,55,14,0,18,4
2022,c,"Ohmichi, Haruki",53,16,3,1,8,5
2022,c,"Ohsera, Daichi",583,156,27,2,97,18
2022,c,"Shimauchi, Sotaro",91,21,11,1,20,2
2022,c,"Tamamura, Shogo",188,46,13,1,21,2
2022,c,"Tokoda, Hiroki",446,87,28,4,74,10
2022,c,"Turley, Nik",155,26,16,2,32,7
2022,c,"Yabuta, Kazuki",103,19,14,1,16,2
2022,c,"Yasaki, Takuya",204,35,25,0,51,2
2022,d,"Fujishima, Kento",201,39,11,1,43,3
2022,d,"Fuku, Hiroto",123,25,12,2,25,3
2022,d,"Fukutani, Koji",119,42,9,0,14,3
2022,d,"Hashimoto, Yuki",39,12,3,3,5,2
2022,d,"Ishida, KentoMarc",15,5,2,0,0,0
2022,d,"Iwasaki, Sho",1,0,1,0,0,0
2022,d,"Kasahara, Shotaro",75,18,9,1,8,4
2022,d,"Katsuno, Akiyoshi",183,46,13,1,36,6
2022,d,"Martinez, Raidel",213,30,12,4,62,2
2022,d,"Matsuba, Takahiro",404,96,18,2,51,4
2022,d,"Mori, Hiroto",133,29,14,3,23,4
2022,d,"Neo, Akira",124,23,12,3,22,2
2022,d,"Ogasawara, Shinnosuke",592,127,39,1,142,9
2022,d,"Ohno, Yudai",625,126,37,6,108,7
2022,d,"Okada, Toshiya",29,9,4,0,5,1
2022,d,"Okano, Yuichiro",64,20,7,1,7,3
2022,d,"Rodriguez, Yariel",218,32,18,4,60,0
2022,d,"Satoh, Yu",21,7,2,0,3,1
2022,d,"Shimizu, Tatsuya",194,28,17,1,51,1
2022,d,"Sobue, Daisuke",179,42,13,1,32,3
2022,d,"Suzuki, Hiroshi",55,11,5,1,9,0
2022,d,"Tajima, Shinji",97,22,8,1,9,2
2022,d,"Takahashi, Hiroto",462,79,42,4,134,8
2022,d,"Tanimoto, Keisuke",134,30,12,0,21,3
2022,d,"Tavarez, Yohan",15,4,2,1,4,0
2022,d,"Ueda, Kotaro",169,34,17,3,33,2
2022,d,"Yamamoto, Takumi",131,24,17,1,19,2
2022,d,"Yanagi, Yuya",648,154,37,5,124,17
2022,db,"Ariyoshi, Yuki",18,4,1,1,1,0
2022,db,"Azuma, Katsuki",229,67,10,2,41,5
2022,db,"Escobar, Edwin",268,48,29,5,51,4
2022,db,"Gsellman, Robert",81,15,6,2,12,1
2022,db,"Hamaguchi, Haruhiro",464,104,33,2,88,8
2022,db,"Hirata, Shingo",180,47,8,2,39,5
2022,db,"Ikeya, Sota",26,3,7,0,7,1
2022,db,"Imanaga, Shota",560,106,29,3,132,14
2022,db,"Irie, Taisei",262,49,26,1,69,4
2022,db,"Ise, Hiromu",269,52,17,5,69,1
2022,db,"Ishida, Kenta",337,67,26,1,68,8
2022,db,"Ishikawa, Tatsuya",28,4,7,1,3,1
2022,db,"Kamichatani, Taiga",278,65,17,2,49,8
2022,db,"Kriske, Brooks",89,15,13,0,26,2
2022,db,"Kyoyama, Masaya",254,56,30,5,39,4
2022,db,"Mikami, Tomoya",106,28,8,1,19,3
2022,db,"Mishima, Kazuki",50,8,6,0,11,1
2022,db,"Miura, Ginji",42,16,1,0,8,2
2022,db,"Miyaguni, Ryosuke",103,35,5,1,13,6
2022,db,"Morihara, Kohei",24,6,0,0,8,2
2022,db,"Nakagawa, Koh",46,8,7,1,11,1
2022,db,"Ohnuki, Shinichi",562,126,36,8,118,13
2022,db,"Peoples, Michael",18,9,1,0,4,0
2022,db,"Romero, Fernando",420,100,35,9,54,8
2022,db,"Sakaguchi, Kousuke",14,4,1,0,2,1
2022,db,"Sakamoto, Yuya",212,52,21,3,28,9
2022,db,"Sunada, Yoshiki",62,17,5,1,8,2
2022,db,"Tanaka, Kenjiro",160,31,14,2,25,5
2022,db,"Yamasaki, Yasuaki",197,29,9,0,42,4
2022,e,"Anraku, Tomohiro",209,51,12,2,39,2
2022,e,"Busenitz, Alan",125,22,10,0,25,1
2022,e,"Fujihira, Shoma",94,15,12,0,17,0
2022,e,"Fujii, Masaru",82,16,10,0,10,1
2022,e,"Fukui, Yuya",49,14,4,0,7,1
2022,e,"Fukuyama, Hiroyuki",11,3,0,0,3,0
2022,e,"Hayakawa, Takahisa",444,105,23,3,86,19
2022,e,"Ishibashi, Ryota",146,35,12,4,18,3
2022,e,"Kamata, Yoshinao",29,10,3,0,2,0
2022,e,"Karashima, Wataru",371,86,24,3,53,10
2022,e,"Kishi, Takayuki",555,116,28,1,118,18
2022,e,"Komine, Shinri",30,9,5,0,4,0
2022,e,"Matsui, Tomotaka",19,6,2,0,3,1
2022,e,"Matsui, Yuki",194,21,19,0,83,4
2022,e,"Miyamori, Satoshi",92,12,12,2,23,0
2022,e,"Morihara, Kohei",11,3,1,0,3,0
2022,e,"Nishigaki, Masaya",96,20,10,0,15,2
2022,e,"Nishiguchi, Naoto",233,39,26,2,59,2
2022,e,"Norimoto, Takahiro",536,127,38,4,104,9
2022,e,"Sakai, Tomohito",141,23,17,4,32,4
2022,e,"Sung, Chia-Hao",209,45,15,0,38,5
2022,e,"Suzuki, Sora",162,25,25,2,35,2
2022,e,"Takada, Koichi",30,8,4,0,9,2
2022,e,"Takata, Hosei",24,5,5,0,5,1
2022,e,"Takinaka, Ryota",346,94,27,3,42,12
2022,e,"Tanaka, Masahiro",668,160,30,4,126,16
2022,e,"Tsurusaki, Taisei",56,16,6,0,7,0
2022,e,"Uchima, Takuma",4,1,0,0,0,0
2022,e,"Wakui, Hideaki",224,50,10,1,35,6
2022,e,"Watanabe, Yuki",52,7,4,5,10,0
2022,e,"Yoshikawa, Kazuki",20,3,1,0,2,0
2022,e,"Yuge, Hayato",61,14,6,2,5,2
2022,f,"Fukuda, Suguru",45,7,7,0,11,0
2022,f,"Furukawa, Yuri",162,37,24,2,32,3
2022,f,"Hasegawa, Takehiro",9,2,1,0,2,0
2022,f,"Hori, Mizuki",160,41,16,3,34,4
2022,f,"Iguchi, Kazutomo",112,34,4,2,27,3
2022,f,"Ikeda, Takahide",71,15,6,0,11,0
2022,f,"Ishikawa, Naoya",135,26,13,1,37,1
2022,f,"Itoh, Hiromi",653,140,49,5,112,5
2022,f,"Kakigi, Ren",16,2,2,0,1,1
2022,f,"Kaneko, Chihiro",54,15,1,0,11,0
2022,f,"Katoh, Takayuki",564,124,11,1,98,9
2022,f,"Kawano, Ryusei",150,36,11,3,25,3
2022,f,"Kitaura, Ryuji",38,10,5,0,6,0
2022,f,"Kitayama, Koki",219,37,28,4,58,3
2022,f,"Kuroyanagi, Kyosuke",4,1,0,0,0,0
2022,f,"Matsuura, Keito",6,2,1,0,0,0
2022,f,"Menez, Conner",97,14,13,1,28,1
2022,f,"Miyanishi, Naoki",91,20,11,1,14,1
2022,f,"Mochizuki, Daiki",46,15,4,1,8,1
2022,f,"Nabatame, Tsubasa",41,7,4,1,7,0
2022,f,"Nemoto, Haruka",254,52,24,4,53,8
2022,f,"Nishimura, Takahiro",94,22,10,1,25,4
2022,f,"Ponce, Cody",344,69,23,2,66,10
2022,f,"Rodriguez, Bryan",66,14,3,1,13,0
2022,f,"Sugiura, Toshihiro",184,45,10,2,48,5
2022,f,"Suzuki, Kenya",159,33,13,4,25,2
2022,f,"Tamai, Taisho",167,37,17,0,16,1
2022,f,"Tanaka, Eito",87,22,7,7,8,3
2022,f,"Tanigawa, Masaki",41,10,3,0,8,1
2022,f,"Tateno, Kazuaki",52,16,4,1,4,1
2022,f,"Tatsu, Kota",12,1,3,0,0,0
2022,f,"Uehara, Kenta",302,73,21,3,59,2
2022,f,"Uwasawa, Naoyuki",631,129,50,9,127,15
2022,f,"Yoshida, Kosei",256,53,23,1,40,5
2022,g,"Akahoshi, Yuji",347,81,32,4,52,8
2022,g,"Andriese, Matt",87,28,4,1,18,3
2022,g,"De La Rosa, Rubby",108,18,10,2,24,2
2022,g,"Hatake, Seishu",122,22,14,0,22,3
2022,g,"Heinai, Ryuta",213,53,13,3,39,4
2022,g,"Hotta, Kenshin",150,38,16,1,24,5
2022,g,"Imamura, Nobutaka",227,45,22,4,34,3
2022,g,"Inoh, Shoichi",22,5,2,0,4,0
2022,g,"Inoue, Haruto",106,28,7,0,27,4
2022,g,"Kagiya, Yohei",74,21,5,0,9,4
2022,g,"Kikuchi, Taiki",82,16,13,1,21,2
2022,g,"Krol, Ian",89,17,10,1,15,1
2022,g,"Kuwahara, Takuya",194,50,12,1,30,3
2022,g,"Mercedes, Cristopher Crisostomo",458,107,31,3,74,7
2022,g,"Naoe, Daisuke",79,12,8,3,16,2
2022,g,"Ohe, Ryusei",26,5,3,1,5,1
2022,g,"Ota, Taisei",221,38,13,3,60,7
2022,g,"Sakurai, Toshiki",46,13,6,2,9,3
2022,g,"Shoemaker, Matt",406,92,30,5,65,13
2022,g,"Sugano, Tomoyuki",596,138,26,6,104,15
2022,g,"Takagi, Kyosuke",86,19,8,0,13,1
2022,g,"Takahashi, Yuki",130,34,18,0,21,1
2022,g,"Takanashi, Yuhei",195,32,19,4,44,1
2022,g,"Toda, Natsuki",104,33,6,1,15,6
2022,g,"Togo, Shosei",702,146,51,8,154,11
2022,g,"Tone, Chiaki",63,16,3,1,9,4
2022,g,"Vieira, Thyago",39,9,8,1,8,3
2022,g,"Yamaguchi, Shun",8,0,2,0,4,0
2022,g,"Yamamoto, Itsuki",10,2,1,0,0,0
2022,g,"Yamasaki, Iori",410,95,20,9,55,6
2022,g,"Yokogawa, Kai",17,7,1,0,0,0
2022,h,"Akiyoshi, Ryo",10,4,0,0,1,1
2022,h,"Bandoh, Yugo",255,45,24,2,48,8
2022,h,"Fujii, Kouya",218,18,27,1,81,4
2022,h,"Higashihama, Nao",542,114,37,1,94,14
2022,h,"Ishikawa, Shuta",585,122,57,8,106,9
2022,h,"Izumi, Keisuke",116,24,9,1,25,3
2022,h,"Kaino, Hiroshi",106,19,14,0,27,0
2022,h,"Kasaya, Shunsuke",82,19,9,5,14,4
2022,h,"Kayama, Shinya",109,18,11,1,22,1
2022,h,"Matayoshi, Katsuki",122,27,8,0,22,4
2022,h,"Matsumoto, Yuki",206,40,14,1,60,6
2022,h,"Moinelo, Livan",202,22,20,2,87,2
2022,h,"Mori, Yuito",141,30,12,1,27,4
2022,h,"Nakamura, Ryota",22,11,3,1,1,1
2022,h,"Ogata, Shuto",54,14,6,0,11,2
2022,h,"Ohtake, Koutaro",35,10,2,1,5,1
2022,h,"Ohzeki, Tomohisa",409,88,28,4,70,8
2022,h,"Okumura, Masato",34,5,1,0,7,1
2022,h,"Rea, Colin",409,82,32,4,80,13
2022,h,"Senga, Koudai",568,103,49,3,156,7
2022,h,"Shiino, Arata",109,25,14,1,21,2
2022,h,"Sugiyama, Kazuki",194,45,26,1,37,10
2022,h,"Takahashi, Rei",19,5,4,0,2,0
2022,h,"Takeda, Shota",126,25,15,3,34,2
2022,h,"Tanaka, Seigi",16,2,0,0,6,0
2022,h,"Tanoue, Sota",31,4,6,0,2,0
2022,h,"Taura, Fumimaru",23,7,0,2,4,1
2022,h,"Tsumori, Yuki",193,36,24,2,51,4
2022,h,"Wada, Tsuyoshi",324,64,22,1,75,3
2022,l,"Enns, Dietrich",506,103,45,3,92,14
2022,l,"Hirai, Katsunori",349,77,27,6,48,7
2022,l,"Honda, Keisuke",202,37,15,3,33,2
2022,l,"Imai, Tatsuya",246,37,34,5,61,3
2022,l,"Kumon, Katsuhiko",36,5,5,1,8,0
2022,l,"Masuda, Tatsushi",200,37,10,0,34,7
2022,l,"Matsumoto, Wataru",536,106,44,3,104,8
2022,l,"Miyagawa, Tetsu",205,46,19,0,44,3
2022,l,"Mizukami, Yoshinobu",218,34,17,5,40,1
2022,l,"Moriwaki, Ryosuke",148,30,8,2,33,2
2022,l,"Omagari, Ren",25,5,4,0,0,0
2022,l,"Sano, Yasuo",9,0,2,1,0,0
2022,l,"Sasaki, Takeru",135,29,18,4,24,0
2022,l,"Sato, Shunsuke",205,47,22,4,33,1
2022,l,"Smith, Burch",156,30,14,1,37,0
2022,l,"Sumida, Chihiro",357,90,30,1,73,4
2022,l,"Taira, Kaima",226,36,18,2,75,2
2022,l,"Takahashi, Bo",133,19,15,7,26,2
2022,l,"Takahashi, Kona",705,153,51,11,128,9
2022,l,"Tamura, Ichiro",13,3,1,0,1,0
2022,l,"Togame, Ken",70,15,8,1,15,2
2022,l,"Utsumi, Tetsuya",50,12,2,0,8,2
2022,l,"Watanabe, Yutaro",67,15,11,1,6,1
2022,l,"Yoza, Kaito",463,104,16,4,61,11
2022,m,"Azuma, Yusuke",21,9,2,0,1,2
2022,m,"Dohi, Seiya",6,2,1,0,0,0
2022,m,"Futaki, Kota",208,48,20,3,42,6
2022,m,"Guerrero, Tayron",194,34,20,5,63,2
2022,m,"Hirohata, Atsuya",171,48,15,2,29,5
2022,m,"Ishikawa, Ayumu",504,128,20,4,67,12
2022,m,"Iwashita, Daiki",61,6,8,0,9,1
2022,m,"Karakawa, Yuki",63,14,2,1,8,3
2022,m,"Kawamura, Tokito",82,18,10,0,9,1
2022,m,"Kuniyoshi, Yuki",22,5,3,0,4,0
2022,m,"Masuda, Naoya",224,46,19,3,47,6
2022,m,"Mima, Manabu",481,107,29,3,86,9
2022,m,"Mori, Ryotaro",39,11,5,0,4,1
2022,m,"Motomae, Fumiya",254,61,26,2,40,14
2022,m,"Nakamura, Toshiya",64,17,9,1,10,0
2022,m,"Nishino, Yuji",152,28,17,0,35,4
2022,m,"Ojima, Kazuya",599,140,43,4,89,10
2022,m,"Ono, Fumiya",176,36,16,1,33,2
2022,m,"Onuma, Kenta",117,30,14,0,15,4
2022,m,"Osuna, Roberto",107,15,3,1,32,1
2022,m,"Romero, Enny",481,107,38,2,77,7
2022,m,"Sakamoto, Koshiro",34,9,1,0,6,3
2022,m,"Sasaki, Chihaya",120,35,11,0,17,2
2022,m,"Sasaki, Roki",490,80,23,7,173,7
2022,m,"Sato, Shoma",214,48,16,1,28,4
2022,m,"Suzuki, Shota",65,22,9,0,5,1
2022,m,"Tanaka, Yasuhiro",75,25,10,0,6,2
2022,m,"Taneichi, Atsuki",16,5,4,0,2,1
2022,m,"Tojo, Taiki",227,51,10,4,63,3
2022,m,"Yagi, Akira",96,25,8,0,21,3
2022,m,"Yokoyama, Rikuto",5,2,1,0,1,0
2022,s,"Cole, A.J.",145,25,14,1,32,3
2022,s,"Hara, Juri",476,132,32,5,52,14
2022,s,"Hoshi, Tomoya",56,14,6,1,12,2
2022,s,"Ichikawa, Yuta",58,17,6,1,6,1
2022,s,"Ishikawa, Masanori",357,93,15,3,39,16
2022,s,"Ishiyama, Taichi",148,27,14,2,35,0
2022,s,"Kanakubo, Yuto",43,13,2,0,4,3
2022,s,"Kizawa, Naofumi",284,57,21,3,52,3
2022,s,"Konno, Ryuta",198,45,16,2,37,4
2022,s,"Kozawa, Reiji",200,48,17,6,44,4
2022,s,"Kubo, Takuma",107,19,13,2,19,1
2022,s,"McGough, Scott",215,39,13,1,59,5
2022,s,"Miyadai, Kohei",12,4,1,0,4,0
2022,s,"Ogawa, Yasuhiro",621,145,32,3,91,16
2022,s,"Ohnishi, Hiroki",260,74,15,2,42,8
2022,s,"Ohshita, Yuma",62,16,3,0,11,4
2022,s,"Okugawa, Yasunobu",15,2,1,0,3,1
2022,s,"Sakamoto, Koshiro",59,15,9,1,11,4
2022,s,"Shibata, Daichi",10,5,1,0,2,0
2022,s,"Shimizu, Noboru",173,23,14,1,43,1
2022,s,"Sneed, Cy",553,140,26,5,96,17
2022,s,"Suarez, Andrew",102,27,7,0,16,4
2022,s,"Sugiyama, Koki",4,2,0,0,0,0
2022,s,"Taguchi, Kazuto",143,30,8,3,31,0
2022,s,"Takahashi, Keiji",416,75,37,9,113,9
2022,s,"Takanashi, Hirotoshi",447,103,41,6,84,11
2022,s,"Takeyama, Hyuga",3,0,0,0,1,0
2022,s,"Umeno, Yugo",168,37,15,1,26,6
2022,s,"Yamamoto, Daiki",27,10,1,0,4,3
2022,s,"Yamashita, Hikaru",54,14,5,1,3,0
2022,s,"Yoshida, Daiki",44,14,5,0,7,1
2022,t,"Akiyama, Takumi",101,29,3,0,15,1
2022,t,"Alcantara, Raul",156,38,8,1,29,5
2022,t,"Aoyagi, Koyo",644,126,32,8,132,7
2022,t,"Baba, Kosuke",36,12,3,0,7,1
2022,t,"Fujinami, Shintaro",276,58,21,3,65,6
2022,t,"Gunkel, Joe",372,80,16,3,52,6
2022,t,"Hamachi, Masumi",181,38,5,0,38,3
2022,t,"Ishii, Daichi",94,11,9,2,24,2
2022,t,"Itoh, Masashi",539,119,22,2,92,10
2022,t,"Iwasada, Yuta",176,34,12,2,38,1
2022,t,"Iwazaki, Suguru",239,63,10,2,44,1
2022,t,"Kajiya, Ren",128,26,13,1,30,1
2022,t,"Keller, Kyle",128,25,5,2,46,2
2022,t,"Kirishiki, Takuma",65,20,4,0,16,2
2022,t,"Kobayashi, Keisuke",47,12,4,0,9,1
2022,t,"Moriki, Daichi",37,9,3,0,6,0
2022,t,"Nishi, Junya",309,67,19,1,60,7
2022,t,"Nishi, Yuki",599,132,26,5,93,8
2022,t,"Ogawa, Ippei",100,16,9,3,22,3
2022,t,"Onaka, Yuya",11,4,1,0,2,0
2022,t,"Ono, Taiki",25,7,3,0,7,1
2022,t,"Oyokawa, Masaki",4,1,0,0,0,1
2022,t,"Saiki, Hiroto",186,40,11,0,43,4
2022,t,"Saitoh, Yukiya",107,23,10,3,27,2
2022,t,"Shimamoto, Hiroya",56,12,2,0,11,1
2022,t,"Watanabe, Yuta",72,16,4,1,18,2
2022,t,"Wilkerson, Aaron",292,70,21,1,54,4
2022,t,"Yuasa, Atsuki",221,38,12,0,67,1
2023,b,"Abe, Shota",193,37,12,5,42,4
2023,b,"Azuma, Kohei",209,45,9,5,40,2
2023,b,"Cotton, Jharel",84,24,4,1,22,4
2023,b,"Higa, Motoki",83,21,2,2,10,3
2023,b,"Hirano, Yoshihisa",167,36,13,0,24,1
2023,b,"Honda, Hitomi",145,36,12,0,34,5
2023,b,"Kogita, Atsuya",193,37,13,0,37,4
2023,b,"Kondoh, Taisuke",57,12,8,1,16,1
2023,b,"Kuroki, Yuta",122,33,16,1,20,2
2023,b,"Mae, Yuito",8,1,1,0,2,0
2023,b,"Miyagi, Hiroya",575,107,31,5,122,7
2023,b,"Muranishi, Ryota",52,11,5,1,6,1
2023,b,"Nix, Jacob",30,7,6,0,5,2
2023,b,"Ono, Taiki",35,6,10,1,0,0
2023,b,"Saito, Kyosuke",17,2,2,2,3,0
2023,b,"Sotani, Ryuhei",138,33,15,1,27,0
2023,b,"Tajima, Daiki",338,73,18,2,64,9
2023,b,"Takeyasu, Daichi",26,12,3,1,1,0
2023,b,"Udagawa, Yuki",192,22,30,2,52,3
2023,b,"Urushihara, Taisei",99,23,12,3,10,1
2023,b,"Waguespack, Jacob",201,44,26,1,67,4
2023,b,"Yamada, Nobuyoshi",121,23,10,1,29,1
2023,b,"Yamamoto, Yoshinobu",636,117,28,6,169,2
2023,b,"Yamaoka, Taisuke",390,75,33,3,97,4
2023,b,"Yamasaki, Sachiya",537,127,24,5,80,7
2023,b,"Yamashita, Shunpeita",383,71,30,4,101,2
2023,b,"Yamazaki, Soichiro",211,42,18,0,60,3
2023,b,"Yokoyama, Kaede",18,4,4,0,3,0
2023,b,"Yoshida, Ryo",79,16,10,1,12,1
2023,c,"Aduwa, Makoto",67,15,2,1,13,1
2023,c,"Anderson, Drew",181,30,17,2,39,2
2023,c,"Corniel, Robert",191,46,18,2,23,2
2023,c,"Endoh, Atsushi",174,36,15,2,22,7
2023,c,"Horie, Atsuya",33,10,3,0,10,1
2023,c,"Ichioka, Ryuji",1,0,0,0,1,0
2023,c,"Kawano, Kei",60,19,5,1,11,6
2023,c,"Kemna, Makoto",113,24,13,0,25,1
2023,c,"Kuri, Aren",706,142,49,10,129,8
2023,c,"Kuribayashi, Ryoji",210,42,19,1,51,4
2023,c,"Kurohara, Takumi",69,21,10,0,13,1
2023,c,"Masuda, Takehisa",43,8,3,0,12,1
2023,c,"Matsumoto, Ryuya",50,13,7,0,6,2
2023,c,"Mori, Shohei",224,58,10,1,38,7
2023,c,"Morishita, Masato",544,127,36,2,94,10
2023,c,"Moriura, Daisuke",57,11,12,0,8,1
2023,c,"Nakamura, Yuta",31,9,1,0,3,1
2023,c,"Nakazaki, Shota",132,25,6,2,24,1
2023,c,"Nomura, Yusuke",130,30,4,1,14,1
2023,c,"Ohmichi, Haruki",213,44,23,3,49,2
2023,c,"Ohsera, Daichi",539,117,33,4,103,15
2023,c,"Shimauchi, Sotaro",235,50,17,0,64,3
2023,c,"Tamamura, Shogo",199,52,11,2,44,9
2023,c,"Tokoda, Hiroki",636,144,28,5,86,13
2023,c,"Tone, Chiaki",103,22,16,0,11,3
2023,c,"Turley, Nik",174,39,15,2,42,1
2023,c,"Yabuta, Kazuki",21,5,3,2,2,1
2023,c,"Yasaki, Takuya",221,48,24,0,38,5
2023,d,"Feliz, Michael",65,9,11,2,16,1
2023,d,"Fujishima, Kento",196,34,14,1,46,1
2023,d,"Fuku, Hiroto",76,12,8,1,15,1
2023,d,"Fukushima, Shota",20,8,1,1,2,0
2023,d,"Fukutani, Koji",241,72,11,1,36,6
2023,d,"Hashimoto, Yuki",64,9,10,3,9,0
2023,d,"Katsuno, Akiyoshi",201,33,22,2,49,2
2023,d,"Kondo, Ren",16,8,4,1,1,0
2023,d,"Martinez, Raidel",173,31,4,0,62,1
2023,d,"Matsuba, Takahiro",232,55,14,1,20,1
2023,d,"Matsuyama, Shinya",146,23,14,6,50,0
2023,d,"Mejia, Humberto",179,31,18,2,20,3
2023,d,"Nakachi, Reia",194,41,25,0,37,6
2023,d,"Neo, Akira",51,9,8,0,4,0
2023,d,"Ogasawara, Shinnosuke",665,153,41,4,134,14
2023,d,"Ohno, Yudai",26,3,1,0,3,0
2023,d,"Okano, Yuichiro",92,22,2,3,19,3
2023,d,"Saitoh, Kohki",100,18,10,1,24,0
2023,d,"Shimizu, Tatsuya",198,34,30,1,54,3
2023,d,"Sobue, Daisuke",168,39,8,1,35,4
2023,d,"Sunada, Yoshiki",60,12,7,0,12,1
2023,d,"Suzuki, Hiroshi",106,23,12,2,5,1
2023,d,"Tajima, Shinji",127,24,17,1,31,3
2023,d,"Takahashi, Hiroto",621,129,51,9,145,6
2023,d,"Tanimoto, Keisuke",28,5,6,0,2,1
2023,d,"Ueda, Kotaro",93,22,9,0,15,0
2023,d,"Umetsu, Kodai",71,9,5,2,11,2
2023,d,"Wakui, Hideaki",479,116,30,2,89,9
2023,d,"Yamamoto, Takumi",61,17,5,0,11,1
2023,d,"Yanagi, Yuya",636,126,47,4,105,6
2023,db,"Azuma, Katsuki",665,149,15,1,133,14
2023,db,"Bauer, Trevor",534,119,31,4,130,14
2023,db,"Escobar, Edwin",138,28,16,2,30,6
2023,db,"Gsellman, Robert",292,72,33,4,43,6
2023,db,"Hamaguchi, Haruhiro",304,71,35,0,56,6
2023,db,"Imanaga, Shota",596,132,24,4,174,17
2023,db,"Irie, Taisei",136,29,16,2,32,0
2023,db,"Ise, Hiromu",212,54,16,0,43,6
2023,db,"Ishida, Kenta",500,127,30,5,99,12
2023,db,"Ishikawa, Tatsuya",124,19,10,2,34,2
2023,db,"Kamichatani, Taiga",270,53,26,4,54,3
2023,db,"Kasahara, Shotaro",36,10,7,0,5,0
2023,db,"Mishima, Kazuki",108,33,7,2,17,3
2023,db,"Miura, Ginji",8,4,1,0,0,0
2023,db,"Miyagi, Daita",66,14,2,1,16,2
2023,db,"Miyaguni, Ryosuke",21,7,1,0,3,1
2023,db,"Morihara, Kohei",171,34,11,2,34,2
2023,db,"Nakagawa, Koh",41,9,3,0,10,2
2023,db,"Ohnuki, Shinichi",304,57,18,4,55,6
2023,db,"Sakamoto, Yuya",111,27,12,2,13,2
2023,db,"Taira, Kentaro",246,58,13,0,61,5
2023,db,"Tanaka, Kenjiro",46,12,2,0,9,1
2023,db,"Wendelken, J.B.",243,40,22,3,53,1
2023,db,"Yamasaki, Yasuaki",189,48,8,1,54,7
2023,e,"Anraku, Tomohiro",214,48,18,8,32,2
2023,e,"Banuelos, Manny",8,4,2,0,0,0
2023,e,"Fujihira, Shoma",231,50,27,1,42,5
2023,e,"Fujii, Masaru",148,28,18,0,24,1
2023,e,"Hayakawa, Takahisa",413,102,27,2,78,13
2023,e,"Ishibashi, Ryota",18,8,1,0,2,1
2023,e,"Itoh, Mao",98,18,14,3,9,1
2023,e,"Karashima, Wataru",224,57,16,1,24,7
2023,e,"Kishi, Takayuki",506,123,20,3,76,10
2023,e,"Komago, Ryuji",23,4,6,0,3,0
2023,e,"Matsui, Tomotaka",78,15,8,0,13,0
2023,e,"Matsui, Yuki",222,38,13,0,72,3
2023,e,"Miyamori, Satoshi",106,30,14,0,15,2
2023,e,"Nishigaki, Masaya",4,1,1,1,0,0
2023,e,"Nishiguchi, Naoto",109,32,9,0,18,4
2023,e,"Norimoto, Takahiro",636,134,44,1,111,7
2023,e,"Sakai, Tomohito",184,36,25,0,30,1
2023,e,"Shiomi, Takahiro",17,4,1,0,4,2
2023,e,"Shoji, Kosei",460,90,48,5,93,6
2023,e,"Sung, Chia-Hao",188,41,11,0,35,5
2023,e,"Suzuki, Sora",195,37,25,3,47,5
2023,e,"Takada, Koichi",44,14,2,0,6,0
2023,e,"Takinaka, Ryota",179,45,11,1,18,3
2023,e,"Tanaka, Masahiro",600,156,38,5,81,15
2023,e,"Tsurusaki, Taisei",38,11,0,0,7,1
2023,e,"Uchi, Seiryu",222,38,17,1,35,5
2023,e,"Watanabe, Shota",197,30,20,2,41,1
2023,e,"Yuge, Hayato",47,12,4,2,5,1
2023,f,"Fukuda, Suguru",100,11,10,2,19,0
2023,f,"Hasegawa, Takehiro",35,8,3,1,5,0
2023,f,"Hori, Mizuki",21,9,1,0,3,3
2023,f,"Iguchi, Kazutomo",23,6,3,0,2,0
2023,f,"Ikeda, Takahide",195,33,12,2,45,5
2023,f,"Ishikawa, Naoya",67,17,4,1,12,1
2023,f,"Itoh, Hiromi",649,147,41,8,134,11
2023,f,"Kanemura, Shoma",97,18,5,0,23,0
2023,f,"Katoh, Takayuki",648,162,16,1,83,14
2023,f,"Kawano, Ryusei",164,30,9,3,35,1
2023,f,"Kitaura, Ryuji",47,12,2,0,11,1
2023,f,"Kitayama, Koki",273,49,34,0,58,9
2023,f,"Marvel, James",93,21,9,1,12,1
2023,f,"Menez, Conner",116,24,14,2,19,1
2023,f,"Miyanishi, Naoki",111,29,10,3,24,3
2023,f,"Miyauchi, Haruki",78,23,5,0,18,1
2023,f,"Nabatame, Tsubasa",35,5,4,2,5,0
2023,f,"Nemoto, Haruka",105,12,14,3,23,2
2023,f,"Ponce, Cody",237,59,17,3,43,3
2023,f,"Rodriguez, Bryan",163,42,20,0,20,5
2023,f,"Saitoh, Koki",15,5,0,0,3,2
2023,f,"Sugiura, Toshihiro",99,22,10,2,22,4
2023,f,"Suzuki, Kenya",273,59,21,3,23,3
2023,f,"Tamai, Taisho",162,43,7,3,21,3
2023,f,"Tanaka, Eito",41,8,7,1,4,1
2023,f,"Tanaka, Seigi",194,43,13,0,46,6
2023,f,"Tateno, Kazuaki",29,10,1,0,7,2
2023,f,"Uehara, Kenta",424,101,22,4,74,7
2023,f,"Uwasawa, Naoyuki",696,152,41,5,124,14
2023,f,"Yamamoto, Takumi",97,23,6,0,19,2
2023,f,"Yazawa, Kota",7,1,0,0,3,0
2023,f,"Yoshida, Kosei",15,5,2,0,2,1
2023,g,"Akahoshi, Yuji",281,70,13,4,64,5
2023,g,"Baldonado, Alberto",87,15,10,0,21,2
2023,g,"Beede, Tyler",220,51,21,4,36,5
2023,g,"Funabasama, Hiromasa",118,21,8,3,33,3
2023,g,"Griffin, Foster",493,101,29,6,115,8
2023,g,"Heinai, Ryuta",60,14,7,0,8,3
2023,g,"Horioka, Hayato",19,6,3,0,4,2
2023,g,"Hotta, Kenshin",16,2,4,0,5,1
2023,g,"Imamura, Nobutaka",119,29,11,1,13,1
2023,g,"Inoue, Haruto",60,21,3,1,11,2
2023,g,"Kagiya, Yohei",48,10,5,0,11,1
2023,g,"Kikuchi, Taiki",193,40,16,1,55,4
2023,g,"Kitamura, Takumi",4,1,0,0,0,1
2023,g,"Kuwahara, Takuya",27,7,3,2,4,0
2023,g,"Lopez, Yoan",34,6,7,0,2,1
2023,g,"Matsui, Hayate",85,18,8,0,17,3
2023,g,"Mendez, Yohander",347,57,33,5,72,7
2023,g,"Mikami, Tomoya",73,18,8,4,9,1
2023,g,"Nakagawa, Kota",172,37,9,1,38,3
2023,g,"Naoe, Daisuke",58,7,9,0,11,2
2023,g,"Ohe, Ryusei",89,15,10,2,16,3
2023,g,"Ota, Taisei",116,26,11,1,34,4
2023,g,"Shiroki, Yamato",76,23,6,2,15,2
2023,g,"Sugano, Tomoyuki",315,70,15,3,54,10
2023,g,"Suzuki, Kohei",123,24,14,3,26,6
2023,g,"Takagi, Kyosuke",8,1,0,1,1,0
2023,g,"Takahashi, Yuki",68,18,8,2,9,2
2023,g,"Takanashi, Yuhei",185,32,19,4,49,7
2023,g,"Tanaka, Chiharu",148,30,19,0,41,4
2023,g,"Tanaka, Toyoki",43,8,4,0,8,2
2023,g,"Togo, Shosei",676,141,39,3,141,14
2023,g,"Yamasaki, Iori",586,119,25,7,106,10
2023,g,"Yokogawa, Kai",348,79,24,4,46,10
2023,h,"Arihara, Kohei",490,105,25,7,74,13
2023,h,"Bandoh, Yugo",349,73,34,3,58,5
2023,h,"Fujii, Kouya",288,46,33,7,84,3
2023,h,"Furukawa, Yuri",42,12,1,0,11,3
2023,h,"Gunkel, Joe",80,21,5,2,11,3
2023,h,"Hernandez, Darwinzon",7,3,1,1,1,1
2023,h,"Higashihama, Nao",428,114,24,0,73,6
2023,h,"Ishikawa, Shuta",550,108,61,8,119,15
2023,h,"Izumi, Keisuke",17,4,3,2,2,1
2023,h,"Kaino, Hiroshi",172,33,13,2,39,2
2023,h,"Kasaya, Shunsuke",47,8,8,0,11,0
2023,h,"Kayama, Shinya",56,16,6,1,7,1
2023,h,"Matayoshi, Katsuki",113,21,10,2,15,2
2023,h,"Matsumoto, Haru",31,8,3,1,4,0
2023,h,"Matsumoto, Yuki",189,32,17,0,60,5
2023,h,"Moinelo, Livan",97,11,5,0,37,0
2023,h,"Mori, Yuito",126,28,9,0,27,2
2023,h,"Ogata, Shuto",75,18,3,1,15,3
2023,h,"Ohtsu, Ryosuke",164,34,11,2,21,5
2023,h,"Ohzeki, Tomohisa",427,86,35,6,76,11
2023,h,"Osuna, Roberto",170,28,6,0,42,3
2023,h,"Shiino, Arata",73,17,9,0,17,1
2023,h,"Stewart, Jr., Carter",344,70,42,1,67,7
2023,h,"Takahashi, Rei",63,23,6,1,2,3
2023,h,"Takeda, Shota",197,45,19,2,38,1
2023,h,"Taura, Fumimaru",150,31,12,7,28,1
2023,h,"Tsumori, Yuki",202,37,21,3,44,4
2023,h,"Wada, Tsuyoshi",414,89,29,3,85,10
2023,l,"Aoyama, Minato",186,32,23,0,34,4
2023,l,"Cho, Yaku",25,10,1,0,3,2
2023,l,"Enns, Dietrich",236,53,23,5,30,6
2023,l,"Hirai, Katsunori",222,46,22,1,29,3
2023,l,"Honda, Keisuke",148,34,15,0,29,2
2023,l,"Imai, Tatsuya",533,87,61,8,130,11
2023,l,"Kriske, Brooks",56,6,9,0,13,1
2023,l,"Kumon, Katsuhiko",25,7,5,0,1,0
2023,l,"Mameda, Taishi",62,8,7,1,12,0
2023,l,"Masuda, Tatsushi",169,44,7,2,27,5
2023,l,"Matsumoto, Wataru",496,102,48,5,89,14
2023,l,"Miyagawa, Tetsu",83,23,13,2,9,3
2023,l,"Mizukami, Yoshinobu",75,12,14,0,13,1
2023,l,"Moriwaki, Ryosuke",117,22,15,0,26,1
2023,l,"Omagari, Ren",50,14,8,0,5,0
2023,l,"Sasaki, Takeru",83,14,8,1,13,0
2023,l,"Sato, Shunsuke",167,35,16,0,27,1
2023,l,"Sumida, Chihiro",554,123,41,7,128,11
2023,l,"Taira, Kaima",611,115,55,5,153,10
2023,l,"Takahashi, Bo",151,20,19,7,27,1
2023,l,"Takahashi, Kona",626,123,47,7,120,8
2023,l,"Tamura, Ichiro",93,14,8,0,20,1
2023,l,"Tinoco, Jesus",160,33,20,3,29,1
2023,l,"Watanabe, Yutaro",42,7,5,0,4,0
2023,l,"Yoza, Kaito",340,72,21,5,39,9
2023,m,"Azuma, Yusuke",141,29,12,1,28,3
2023,m,"Castillo, Luis",200,52,3,2,34,2
2023,m,"Hirohata, Atsuya",50,14,5,0,11,1
2023,m,"Iwashita, Daiki",130,25,14,1,28,2
2023,m,"Karakawa, Yuki",37,15,1,0,2,1
2023,m,"Kikuchi, Riku",22,7,3,0,0,1
2023,m,"Kuniyoshi, Yuki",13,1,2,0,2,0
2023,m,"Masuda, Naoya",222,49,14,1,54,9
2023,m,"Mercedes, Cristopher Crisostomo",483,111,36,2,58,8
2023,m,"Mima, Manabu",429,106,32,3,67,13
2023,m,"Mori, Ryotaro",153,41,10,2,29,3
2023,m,"Motomae, Fumiya",22,4,4,0,5,1
2023,m,"Nakamori, Shunsuke",86,17,8,3,10,2
2023,m,"Nakamura, Toshiya",99,22,6,1,19,0
2023,m,"Nishimura, Takahiro",174,28,16,1,41,2
2023,m,"Nishino, Yuji",464,109,23,4,92,4
2023,m,"Ojima, Kazuya",657,143,57,6,114,14
2023,m,"Ono, Fumiya",41,9,3,1,6,0
2023,m,"Onuma, Kenta",34,9,3,1,4,1
2023,m,"Perdomo, Luis",209,49,15,0,41,1
2023,m,"Sakamoto, Koshiro",209,46,22,2,48,5
2023,m,"Sasaki, Chihaya",15,6,0,1,0,0
2023,m,"Sasaki, Roki",345,51,17,5,135,1
2023,m,"Sawada, Keisuke",63,11,6,0,18,1
2023,m,"Sawamura, Hirokazu",148,33,18,1,24,6
2023,m,"Suzuki, Shota",67,12,7,0,13,2
2023,m,"Takano, Shuta",45,9,5,0,8,1
2023,m,"Taneichi, Atsuki",571,124,45,7,157,12
2023,m,"Tojo, Taiki",45,12,5,0,10,1
2023,m,"Yagi, Akira",20,9,2,0,2,1
2023,m,"Yokoyama, Rikuto",172,41,18,1,42,3
2023,s,"Espinal, Raynel",20,1,5,0,4,1
2023,s,"Hasegawa, Hiroki",12,3,3,0,1,1
2023,s,"Hoshi, Tomoya",161,34,16,1,48,4
2023,s,"Ichikawa, Yuta",65,14,5,4,7,4
2023,s,"Ishikawa, Masanori",267,75,6,0,22,11
2023,s,"Ishiyama, Taichi",208,51,13,3,41,3
2023,s,"Kanakubo, Yuto",16,0,3,2,2,0
2023,s,"Kizawa, Naofumi",227,42,26,5,49,3
2023,s,"Konno, Ryuta",133,31,10,2,13,4
2023,s,"Kozawa, Reiji",411,83,29,9,83,10
2023,s,"Kubo, Takuma",22,8,3,1,1,2
2023,s,"Maruyama, Shota",117,20,16,2,25,3
2023,s,"Narita, Kakeru",17,4,1,2,2,0
2023,s,"Ogawa, Yasuhiro",579,124,33,4,86,14
2023,s,"Ohnishi, Hiroki",226,53,12,3,35,3
2023,s,"Onaka, Yuya",72,21,7,1,8,2
2023,s,"Peters, Dillon",415,99,21,5,66,8
2023,s,"Rodriguez, Elvin",145,33,13,1,23,5
2023,s,"Sakaguchi, Kousuke",73,19,6,0,17,0
2023,s,"Shimizu, Noboru",220,50,6,2,47,6
2023,s,"Sneed, Cy",569,133,36,3,103,15
2023,s,"Taguchi, Kazuto",193,39,13,0,55,2
2023,s,"Takahashi, Keiji",445,104,47,6,94,20
2023,s,"Takanashi, Hirotoshi",170,42,10,1,30,6
2023,s,"Umeno, Yugo",36,9,4,0,4,1
2023,s,"Yamamoto, Daiki",148,32,13,3,26,4
2023,s,"Yamano, Taichi",112,25,11,1,15,2
2023,s,"Yoshimura, Kojiro",257,66,14,2,46,9
2023,t,"Akiyama, Takumi",46,16,1,0,7,1
2023,t,"Aoyagi, Koyo",439,102,38,9,64,6
2023,t,"Baba, Kosuke",89,17,8,0,22,2
2023,t,"Beasley, Jeremy",170,35,13,1,43,1
2023,t,"Brewer, Colten",50,6,6,0,14,1
2023,t,"Hamachi, Masumi",121,32,6,0,23,6
2023,t,"Ishii, Daichi",165,43,8,1,29,2
2023,t,"Itoh, Masashi",572,120,21,4,91,8
2023,t,"Iwasada, Yuta",177,36,12,2,30,2
2023,t,"Iwazaki, Suguru",217,32,14,2,62,3
2023,t,"Kajiya, Ren",161,34,13,2,32,3
2023,t,"Keller, Kyle",118,22,16,1,28,1
2023,t,"Kirishiki, Takuma",158,28,12,0,40,1
2023,t,"Kobayashi, Keisuke",4,1,0,0,1,0
2023,t,"Mombetsu, Keito",37,13,1,0,5,0
2023,t,"Murakami, Shoki",532,92,15,1,137,9
2023,t,"Nishi, Junya",316,79,28,3,45,9
2023,t,"Nishi, Yuki",452,106,24,8,56,8
2023,t,"Ohtake, Koutaro",513,122,12,3,82,10
2023,t,"Okadome, Hidetaka",25,5,1,0,6,0
2023,t,"Oyokawa, Masaki",147,28,14,2,40,2
2023,t,"Saiki, Hiroto",473,88,36,2,107,8
2023,t,"Shimamoto, Hiroya",100,19,3,1,20,0
2023,t,"Tomida, Ren",66,14,5,0,10,2
2023,t,"Yuasa, Atsuki",67,15,8,0,15,3
2024,b,"Abe, Shota",63,12,7,0,13,0
2024,b,"Azuma, Kohei",242,47,15,6,38,3
2024,b,"Castillo, Luis",378,75,18,2,74,5
2024,b,"Espinoza, Anderson",550,122,48,6,113,2
2024,b,"Higa, Motoki",14,1,3,0,3,0
2024,b,"Hirano, Yoshihisa",58,19,5,0,11,1
2024,b,"Honda, Hitomi",92,21,5,1,21,1
2024,b,"Iguchi, Kazutomo",134,29,11,2,25,0
2024,b,"Kawase, Kento",51,11,7,1,3,0
2024,b,"Kogita, Atsuya",46,9,0,0,11,0
2024,b,"Kotajima, Seiryu",179,30,17,1,43,2
2024,b,"Machado, Andres",211,36,18,1,58,1
2024,b,"Mae, Yuito",25,8,2,0,5,1
2024,b,"Miyagi, Hiroya",560,115,22,3,139,7
2024,b,"Mukunoki, Ren",60,18,2,1,7,0
2024,b,"Muranishi, Ryota",6,1,2,0,0,1
2024,b,"Perdomo, Luis",105,20,3,0,19,1
2024,b,"Saiki, Kaito",100,28,6,0,15,2
2024,b,"Saito, Kyosuke",165,29,19,2,28,2
2024,b,"Satoh, Kazuma",53,13,4,2,5,1
2024,b,"Sotani, Ryuhei",490,112,27,1,117,4
2024,b,"Suzuki, Hiroshi",166,40,14,2,32,4
2024,b,"Tajima, Daiki",501,121,34,2,87,10
2024,b,"Takashima, Taito",238,50,20,4,30,3
2024,b,"Tomiyama, Ryoga",52,10,5,3,8,0
2024,b,"Udagawa, Yuki",50,4,12,0,14,0
2024,b,"Yamada, Nobuyoshi",177,30,16,2,44,1
2024,b,"Yamaoka, Taisuke",21,5,1,0,5,1
2024,b,"Yamashita, Shunpeita",269,49,31,5,83,5
2024,b,"Yamazaki, Soichiro",28,7,3,0,2,0
2024,b,"Yoshida, Kosei",173,40,14,5,30,1
2024,c,"Aduwa, Makoto",452,102,29,5,61,9
2024,c,"Corniel, Robert",71,15,7,0,14,1
2024,c,"Endoh, Atsushi",17,5,3,0,0,0
2024,c,"Hasebe, Ginji",25,1,5,0,4,0
2024,c,"Hatch, Thomas",105,28,10,2,18,5
2024,c,"Hearn, Taylor",129,18,7,0,26,1
2024,c,"Horie, Atsuya",174,39,16,4,38,0
2024,c,"Kawano, Kei",72,20,4,1,17,1
2024,c,"Kemna, Makoto",25,6,5,0,5,0
2024,c,"Kuri, Aren",529,115,29,4,95,12
2024,c,"Kuribayashi, Ryoji",214,33,16,2,65,3
2024,c,"Kurohara, Takumi",244,40,20,3,67,2
2024,c,"Masuda, Takehisa",45,12,6,2,9,2
2024,c,"Matsumoto, Ryuya",50,9,5,0,10,1
2024,c,"Mori, Shohei",109,25,4,1,17,1
2024,c,"Morishita, Masato",612,137,29,7,98,6
2024,c,"Moriura, Daisuke",203,40,27,1,43,1
2024,c,"Nakazaki, Shota",94,24,2,1,16,1
2024,c,"Nomura, Yusuke",46,11,2,0,8,1
2024,c,"Ohmichi, Haruki",22,9,0,0,2,3
2024,c,"Ohsera, Daichi",627,118,49,3,98,5
2024,c,"Shimauchi, Sotaro",238,43,27,2,53,2
2024,c,"Taka, Taichi",8,1,1,0,2,0
2024,c,"Takahashi, Kouya",3,0,0,0,1,0
2024,c,"Takita, Kazuki",18,2,4,0,5,0
2024,c,"Tamamura, Shogo",311,77,11,2,58,3
2024,c,"Tokoda, Hiroki",693,170,48,4,95,9
2024,c,"Tsunehiro, Hayato",52,15,4,1,7,0
2024,c,"Yasaki, Takuya",108,22,13,1,17,2
2024,d,"Feliz, Michael",74,15,8,0,10,2
2024,d,"Fujishima, Kento",193,29,17,2,46,5
2024,d,"Fuku, Hiroto",46,4,8,0,7,0
2024,d,"Fukutani, Koji",121,30,7,0,16,3
2024,d,"Habu, Shohta",55,13,6,0,9,0
2024,d,"Hashimoto, Yuki",225,46,22,2,54,0
2024,d,"Iwasaki, Sho",94,24,11,0,18,0
2024,d,"Katsuno, Akiyoshi",174,44,14,0,33,1
2024,d,"Martinez, Raidel",217,35,12,2,59,1
2024,d,"Matsuba, Takahiro",381,85,24,2,50,8
2024,d,"Matsukihira, Yuta",206,46,16,4,40,5
2024,d,"Matsuyama, Shinya",214,38,17,3,57,0
2024,d,"Mejia, Humberto",323,73,24,4,51,7
2024,d,"Nakachi, Reia",3,0,0,0,2,0
2024,d,"Neo, Akira",39,10,7,0,7,2
2024,d,"Ogasawara, Shinnosuke",602,151,22,4,82,9
2024,d,"Ohno, Yudai",192,50,12,2,27,5
2024,d,"Saitoh, Kohki",200,45,18,1,44,1
2024,d,"Shimizu, Tatsuya",229,41,18,1,52,1
2024,d,"Sobue, Daisuke",116,26,6,0,15,4
2024,d,"Tajima, Shinji",6,4,1,0,1,0
2024,d,"Takahashi, Hiroto",569,107,34,4,130,1
2024,d,"Umeno, Yugo",97,26,6,1,12,0
2024,d,"Umetsu, Kodai",327,76,31,2,72,3
2024,d,"Wakui, Hideaki",349,79,23,2,46,4
2024,d,"Yanagi, Yuya",286,75,20,0,34,5
2024,db,"Azuma, Katsuki",731,166,27,6,140,11
2024,db,"Diaz, Yofrec",19,2,3,0,1,0
2024,db,"Hamaguchi, Haruhiro",229,47,29,1,45,3
2024,db,"Horioka, Hayato",24,5,1,0,6,0
2024,db,"Ise, Hiromu",129,28,5,2,28,5
2024,db,"Ishida, Kenta",126,28,6,0,24,5
2024,db,"Ishida, Yutaro",260,76,12,0,39,4
2024,db,"Ishikawa, Tatsuya",58,15,3,1,8,1
2024,db,"Jackson, Andre",587,109,51,6,121,8
2024,db,"Kamichatani, Taiga",110,32,11,1,16,3
2024,db,"Kay, Anthony",590,130,53,7,119,6
2024,db,"Kozono, Kenta",18,7,3,0,3,0
2024,db,"Kyoyama, Masaya",103,18,18,0,20,0
2024,db,"Matsumoto, Ryoto",50,10,6,2,3,0
2024,db,"Matsumoto, Ryunosuke",22,6,3,0,4,0
2024,db,"Mishima, Kazuki",33,6,6,0,7,1
2024,db,"Miyagi, Daita",12,3,3,0,4,0
2024,db,"Mori, Yuito",157,50,8,3,25,4
2024,db,"Morihara, Kohei",247,54,12,1,59,3
2024,db,"Nakagawa, Hayate",250,65,13,6,36,3
2024,db,"Nakagawa, Koh",134,29,10,1,30,2
2024,db,"Ohnuki, Shinichi",370,78,24,4,58,6
2024,db,"Sakamoto, Yuya",190,43,12,1,39,3
2024,db,"Sasaki, Chihaya",158,30,17,2,28,3
2024,db,"Taira, Kentaro",108,24,2,0,22,1
2024,db,"Tokuyama, Souma",125,27,15,0,12,1
2024,db,"Wendelken, J.B.",109,20,9,2,25,1
2024,db,"Wick, Rowan",193,36,20,1,50,3
2024,db,"Yamasaki, Yasuaki",163,35,11,3,29,4
2024,db,"Yoshino, Teruki",137,34,11,1,29,5
2024,e,"Fujihira, Shoma",182,29,12,3,58,4
2024,e,"Fujii, Masaru",529,138,29,7,74,8
2024,e,"Hayakawa, Takahisa",690,156,35,3,160,10
2024,e,"Hinata, Naoki",5,1,1,0,1,0
2024,e,"Itoh, Mao",29,7,4,2,6,0
2024,e,"Kishi, Takayuki",590,144,29,2,73,13
2024,e,"Koja, Tatsuki",347,70,31,7,58,10
2024,e,"Komago, Ryuji",4,1,0,1,0,0
2024,e,"Matsuda, Takuma",64,14,9,0,8,2
2024,e,"Matsui, Tomotaka",109,30,14,0,10,1
2024,e,"Miyamori, Satoshi",34,5,2,0,5,0
2024,e,"Nishigaki, Masaya",96,28,12,0,13,2
2024,e,"Norimoto, Takahiro",223,57,11,3,44,2
2024,e,"Ponce, Cody",308,92,16,5,56,6
2024,e,"Sakai, Haruto",5,1,2,0,0,0
2024,e,"Sakai, Tomohito",185,35,15,2,29,0
2024,e,"Sakurai, Shuto",48,11,8,0,9,0
2024,e,"Seimiya, Kotaro",16,4,3,0,1,0
2024,e,"Shoji, Kosei",136,32,18,0,26,4
2024,e,"Sung, Chia-Hao",164,41,7,2,22,3
2024,e,"Suzuki, Sora",186,24,21,1,48,0
2024,e,"Takada, Koichi",45,13,3,0,4,2
2024,e,"Takinaka, Ryota",292,74,14,1,26,6
2024,e,"Tanaka, Masahiro",23,6,2,0,1,1
2024,e,"Tsurusaki, Taisei",110,36,5,3,14,0
2024,e,"Turley, Nik",72,15,12,1,13,2
2024,e,"Uchi, Seiryu",464,113,28,3,45,8
2024,e,"Watanabe, Shota",201,42,22,0,41,2
2024,e,"Yoshikawa, Kazuki",97,32,8,1,17,2
2024,e,"Yuge, Hayato",150,42,9,1,28,1
2024,f,"Fukuda, Suguru",9,1,2,0,1,0
2024,f,"Fukushima, Ren",249,51,17,3,35,6
2024,f,"Hori, Mizuki",42,12,4,1,14,2
2024,f,"Hosono, Haruki",39,8,4,0,9,1
2024,f,"Ikeda, Takahide",93,14,9,2,22,4
2024,f,"Itoh, Hiromi",710,150,39,3,161,14
2024,f,"Kagiya, Yohei",2,0,0,0,0,0
2024,f,"Kanemura, Shoma",537,116,24,3,98,11
2024,f,"Katoh, Takayuki",672,174,17,1,103,15
2024,f,"Kawano, Ryusei",168,33,11,1,33,5
2024,f,"Kitaura, Ryuji",52,15,3,0,6,2
2024,f,"Kitayama, Koki",320,52,28,5,87,5
2024,f,"Kuroki, Yuta",9,1,2,0,1,0
2024,f,"Kuroyanagi, Kyosuke",25,3,5,0,1,1
2024,f,"Matsuura, Keito",22,4,6,0,5,0
2024,f,"Miyanishi, Naoki",105,18,10,0,24,2
2024,f,"Murphy, Patrick",158,31,15,3,30,2
2024,f,"Nabatame, Tsubasa",172,48,9,1,34,1
2024,f,"Nemoto, Haruka",29,7,7,1,4,0
2024,f,"Rodriguez, Bryan",36,9,2,0,3,0
2024,f,"Saito, Yukiya",115,23,12,0,25,2
2024,f,"Sugiura, Toshihiro",137,24,12,1,23,1
2024,f,"Suzuki, Kenya",90,17,7,1,6,3
2024,f,"Tanaka, Eito",22,6,4,0,2,2
2024,f,"Tanaka, Seigi",201,33,17,3,47,4
2024,f,"Tatsu, Kota",18,3,0,0,4,0
2024,f,"Uehara, Kenta",126,40,13,1,13,2
2024,f,"VerHagen, Drew",199,44,10,2,41,5
2024,f,"Yamamoto, Takumi",161,35,9,2,30,2
2024,f,"Yamasaki, Sachiya",600,142,28,4,74,17
2024,f,"Yanagawa, Taisei",93,11,15,0,20,0
2024,f,"Yazawa, Kota",62,11,13,0,12,0
2024,f,"Zabala, Aneurys",61,7,8,1,15,1
2024,g,"Akahoshi, Yuji",291,66,10,2,43,8
2024,g,"Baba, Kosuke",3,1,0,0,1,0
2024,g,"Baldonado, Alberto",220,40,28,0,63,1
2024,g,"Funabasama, Hiromasa",150,28,8,3,23,4
2024,g,"Griffin, Foster",468,99,23,4,126,9
2024,g,"Hatake, Seishu",10,1,0,0,3,1
2024,g,"Heinai, Ryuta",140,35,6,1,22,4
2024,g,"Hotta, Kenshin",200,43,13,2,30,2
2024,g,"Imamura, Nobutaka",30,6,1,1,7,0
2024,g,"Inoue, Haruto",413,87,27,3,99,5
2024,g,"Itoh, Yusuke",32,5,3,1,8,0
2024,g,"Izumi, Keisuke",149,28,11,4,30,0
2024,g,"Keller, Kyle",183,24,19,0,54,5
2024,g,"Kyomoto, Makoto",20,4,2,1,3,0
2024,g,"Mataki, Teppei",51,11,10,0,7,2
2024,g,"Matsui, Hayate",9,2,3,0,1,1
2024,g,"Mendez, Yohander",27,6,7,0,4,0
2024,g,"Nakagawa, Kota",60,19,3,0,7,3
2024,g,"Nishidate, Yuhi",126,22,14,0,25,2
2024,g,"Ohe, Ryusei",56,9,8,0,13,1
2024,g,"Ota, Taisei",161,28,8,0,54,0
2024,g,"Sugano, Tomoyuki",608,132,16,4,111,6
2024,g,"Takahashi, Rei",199,42,21,1,22,3
2024,g,"Takanashi, Yuhei",145,26,15,0,29,1
2024,g,"Tanaka, Chiharu",14,2,0,0,4,0
2024,g,"Togo, Shosei",703,129,44,7,156,12
2024,g,"Yamasaki, Iori",621,140,42,10,103,8
2024,g,"Yokogawa, Kai",111,23,10,0,9,0
2024,h,"Arihara, Kohei",718,142,37,8,137,12
2024,h,"Fujii, Kouya",170,28,20,1,45,2
2024,h,"Hasegawa, Takehiro",108,20,10,0,21,1
2024,h,"Hernandez, Darwinzon",194,34,14,6,72,2
2024,h,"Higashihama, Nao",232,53,11,1,39,7
2024,h,"Ishikawa, Shuta",247,51,12,5,52,4
2024,h,"Iwai, Shunsuke",53,10,2,1,10,2
2024,h,"Kimura, Hikaru",24,5,1,0,8,0
2024,h,"Maeda, Jun",20,3,0,0,5,0
2024,h,"Maeda, Yugo",19,8,1,1,0,1
2024,h,"Matayoshi, Katsuki",168,37,10,3,24,2
2024,h,"Matsumoto, Haru",63,12,4,1,17,1
2024,h,"Matsumoto, Yuki",198,37,17,4,47,3
2024,h,"Miura, Mizuki",22,4,3,2,4,0
2024,h,"Moinelo, Livan",636,107,47,5,155,11
2024,h,"Murata, Kenichi",5,2,0,0,0,1
2024,h,"Nakamura, Ryota",6,3,0,0,1,2
2024,h,"Ogata, Shuto",46,8,3,0,15,0
2024,h,"Ohtsu, Ryosuke",470,101,22,1,97,11
2024,h,"Ohyama, Ryo",114,19,14,2,23,2
2024,h,"Ohzeki, Tomohisa",481,84,29,10,77,10
2024,h,"Osuna, Roberto",157,36,10,2,23,3
2024,h,"Sawayanagi, Ryotaro",42,7,4,1,9,0
2024,h,"Stewart, Jr., Carter",485,79,51,5,105,6
2024,h,"Sugiyama, Kazuki",198,28,22,1,61,2
2024,h,"Taura, Fumimaru",17,4,2,0,1,0
2024,h,"Tsumori, Yuki",180,31,20,6,38,1
2024,h,"Wada, Tsuyoshi",108,27,4,2,18,2
2024,l,"Abreu, Albert",202,38,20,3,33,1
2024,l,"Aoyama, Minato",139,30,12,0,13,3
2024,l,"Hada, Shinnosuke",73,14,10,2,11,0
2024,l,"Hamaya, Shota",15,3,3,1,1,0
2024,l,"Hirai, Katsunori",46,14,3,0,6,1
2024,l,"Honda, Keisuke",140,36,14,1,18,3
2024,l,"Imai, Tatsuya",712,132,70,5,187,8
2024,l,"Itogawa, Ryota",21,5,6,0,1,0
2024,l,"Kaino, Hiroshi",81,15,10,1,15,2
2024,l,"Mameda, Taishi",78,22,11,0,12,1
2024,l,"Masuda, Tatsushi",48,15,2,0,5,1
2024,l,"Matsumoto, Wataru",284,54,29,2,41,11
2024,l,"Mizukami, Yoshinobu",131,34,14,1,13,1
2024,l,"Nakamura, Yuta",134,26,12,2,17,2
2024,l,"Sato, Shunsuke",149,20,17,2,31,1
2024,l,"Sugai, Shinya",108,26,10,0,22,4
2024,l,"Sugiyama, Haruki",17,5,0,1,2,0
2024,l,"Sumida, Chihiro",719,161,35,3,154,11
2024,l,"Taira, Kaima",208,44,21,5,43,1
2024,l,"Takahashi, Bo",315,70,27,6,48,4
2024,l,"Takahashi, Kona",362,94,24,6,61,5
2024,l,"Takeuchi, Natsuki",568,120,22,3,107,6
2024,l,"Tamura, Ichiro",122,24,11,0,24,1
2024,l,"Ueda, Taiga",99,17,13,0,11,2
2024,l,"Watanabe, Yutaro",366,81,27,5,50,5
2024,l,"Yan, Jefry",142,32,19,2,35,3
2024,l,"Yoza, Kaito",106,22,11,0,13,4
2024,m,"Azuma, Yusuke",37,13,2,1,7,2
2024,m,"Cordero, Jimmy",23,8,2,0,1,1
2024,m,"Dykstra, James",49,10,8,0,11,2
2024,m,"Hirohata, Atsuya",47,13,0,0,9,0
2024,m,"Ishikawa, Ayumu",105,30,6,1,11,2
2024,m,"Iwashita, Daiki",85,13,9,0,13,2
2024,m,"Karakawa, Yuki",147,28,3,2,31,5
2024,m,"Keuchel, Dallas",170,37,15,2,29,3
2024,m,"Kikuchi, Riku",97,21,5,2,27,3
2024,m,"Kuniyoshi, Yuki",165,31,12,3,21,2
2024,m,"Masuda, Naoya",172,27,14,3,35,2
2024,m,"Mercedes, Cristopher Crisostomo",502,97,34,2,91,12
2024,m,"Mima, Manabu",69,17,9,0,8,2
2024,m,"Nakamori, Shunsuke",103,23,7,1,13,0
2024,m,"Nakamura, Toshiya",139,30,9,1,17,1
2024,m,"Niho, Akira",55,20,5,1,4,1
2024,m,"Nishimura, Takahiro",80,18,10,0,15,1
2024,m,"Nishino, Yuji",510,120,31,4,77,8
2024,m,"Ohtani, Hikaru",4,1,0,0,3,0
2024,m,"Ojima, Kazuya",671,157,36,7,132,15
2024,m,"Ono, Fumiya",13,4,1,0,1,0
2024,m,"Sakamoto, Koshiro",146,34,12,5,34,3
2024,m,"Sasaki, Roki",450,83,32,8,129,2
2024,m,"Sawada, Keisuke",89,22,8,1,8,0
2024,m,"Sawamura, Hirokazu",146,24,19,2,26,3
2024,m,"Suzuki, Shota",194,32,18,1,42,2
2024,m,"Takano, Shuta",64,16,4,0,16,1
2024,m,"Tanaka, Haruya",79,14,6,0,17,2
2024,m,"Taneichi, Atsuki",612,128,38,9,148,5
2024,m,"Yagi, Akira",45,11,1,0,9,1
2024,m,"Yokoyama, Rikuto",169,27,13,5,37,1
2024,m,"Yoshida, Ryo",51,11,5,0,11,3
2024,s,"Espada, Jose",118,27,14,0,16,3
2024,s,"Hara, Juri",39,6,3,0,2,1
2024,s,"Hasegawa, Hiroki",92,21,10,1,21,4
2024,s,"Hoshi, Tomoya",166,37,18,2,33,4
2024,s,"Ishihara, Yuki",5,1,0,0,0,0
2024,s,"Ishikawa, Masanori",161,45,6,1,10,4
2024,s,"Ishiyama, Taichi",189,53,14,1,39,2
2024,s,"Kanakubo, Yuto",33,5,4,1,8,1
2024,s,"Kayama, Shinya",24,12,0,0,4,0
2024,s,"Kizawa, Naofumi",225,50,20,0,46,4
2024,s,"Konno, Ryuta",28,7,3,0,4,0
2024,s,"Kozawa, Reiji",309,64,23,1,66,6
2024,s,"Maruyama, Shota",125,23,9,1,23,0
2024,s,"Matsumoto, Kengo",60,17,1,1,12,2
2024,s,"Miyagawa, Tetsu",21,9,1,0,4,0
2024,s,"Ogawa, Yasuhiro",264,75,8,0,40,6
2024,s,"Ohnishi, Hiroki",235,53,12,2,31,3
2024,s,"Okugawa, Yasunobu",136,29,9,3,12,4
2024,s,"Onaka, Yuya",10,3,2,0,0,1
2024,s,"Rodriguez, Elvin",183,40,12,1,44,1
2024,s,"Sakaguchi, Kousuke",43,11,8,0,6,0
2024,s,"Shibata, Daichi",8,1,2,0,2,0
2024,s,"Shimizu, Noboru",81,24,4,0,8,1
2024,s,"Sneed, Cy",536,148,31,5,89,16
2024,s,"Taguchi, Kazuto",139,34,9,1,22,2
2024,s,"Takahashi, Keiji",504,116,38,8,106,12
2024,s,"Takanashi, Hirotoshi",158,44,8,1,37,7
2024,s,"Yajure, Miguel",550,130,43,5,84,8
2024,s,"Yamamoto, Daiki",126,18,15,0,31,0
2024,s,"Yamano, Taichi",217,59,12,2,32,8
2024,s,"Yoshimura, Kojiro",584,144,39,2,114,8
2024,t,"Aoyagi, Koyo",269,66,21,6,35,2
2024,t,"Beasley, Jeremy",305,53,24,5,75,6
2024,t,"Guerra, Javy",226,47,11,0,48,3
2024,t,"Hamachi, Masumi",83,17,2,0,9,2
2024,t,"Ishiguro, Yuya",16,6,1,0,3,0
2024,t,"Ishii, Daichi",189,34,14,0,58,0
2024,t,"Itoh, Masashi",323,90,16,2,33,5
2024,t,"Iwasada, Yuta",9,1,2,1,2,0
2024,t,"Iwazaki, Suguru",231,48,15,0,46,3
2024,t,"Kajiya, Ren",54,11,7,1,12,0
2024,t,"Kawahara, Riku",5,1,1,0,2,0
2024,t,"Kirishiki, Takuma",263,48,18,4,60,0
2024,t,"Mombetsu, Keito",54,15,4,0,8,1
2024,t,"Murakami, Shoki",635,143,33,2,130,7
2024,t,"Nishi, Junya",28,5,3,0,0,0
2024,t,"Nishi, Yuki",511,113,23,5,71,5
2024,t,"Ohtake, Koutaro",587,134,33,1,91,8
2024,t,"Okadome, Hidetaka",163,36,11,2,24,1
2024,t,"Oyokawa, Masaki",121,25,10,0,23,2
2024,t,"Saiki, Hiroto",671,140,38,0,137,4
2024,t,"Satoh, Ren",3,0,0,0,1,0
2024,t,"Shimamoto, Hiroya",113,27,10,1,10,1
2024,t,"Takahashi, Haruto",114,20,4,1,28,0
2024,t,"Tomida, Ren",142,26,5,2,22,1
2024,t,"Urushihara, Taisei",153,38,17,0,22,0
2025,b,"Abe, Shota",62,14,6,0,12,2
2025,b,"Azuma, Kohei",113,21,14,2,13,0
2025,b,"Espinoza, Anderson",566,131,47,5,119,3
2025,b,"Gonda, Ryusei",52,16,2,1,7,0
2025,b,"Hirano, Yoshihisa",14,5,2,0,1,1
2025,b,"Honda, Keisuke",56,18,2,0,9,1
2025,b,"Iguchi, Kazutomo",28,8,4,1,2,0
2025,b,"Iriyama, Kaito",54,9,4,0,13,1
2025,b,"Iwasaki, Sho",136,26,10,1,34,0
2025,b,"Katayama, Raiku",126,30,6,1,18,2
2025,b,"Kawase, Kento",138,32,13,2,18,1
2025,b,"Kotajima, Seiryu",86,21,12,1,14,1
2025,b,"Kuri, Allen",678,155,48,6,114,7
2025,b,"Machado, Andres",233,50,16,3,68,0
2025,b,"Miyagi, Hiroya",615,135,30,6,165,6
2025,b,"Mukunoki, Ren",115,36,7,1,19,2
2025,b,"Perdomo, Luis",204,50,16,1,27,1
2025,b,"Saiki, Kaito",130,20,12,0,36,1
2025,b,"Satoh, Kazuma",64,22,5,0,13,5
2025,b,"Sotani, Ryuhei",486,125,25,8,102,7
2025,b,"Suzuki, Hiroshi",58,16,6,0,6,1
2025,b,"Tajima, Daiki",440,106,24,0,77,8
2025,b,"Takashima, Taito",265,67,18,4,31,1
2025,b,"Teranishi, Naruki",163,46,15,0,20,2
2025,b,"Tomiyama, Ryoga",23,6,4,1,1,1
2025,b,"Toumatsu, Kaisei",53,17,6,0,9,0
2025,b,"Yamada, Nobuyoshi",107,25,10,0,21,2
2025,b,"Yamaguchi, Reo",4,0,1,0,0,0
2025,b,"Yamaoka, Taisuke",158,42,8,2,32,1
2025,b,"Yamashita, Shunpeita",86,14,7,1,31,1
2025,b,"Yamazaki, Soichiro",116,24,11,2,32,5
2025,b,"Yokoyama, Kaede",63,12,5,0,18,0
2025,c,"Aduwa, Makoto",88,26,5,1,11,2
2025,c,"Dominguez, Johan",114,18,17,1,20,2
2025,c,"Endoh, Atsushi",68,19,6,0,15,2
2025,c,"Hasebe, Ginji",30,9,4,1,7,0
2025,c,"Hearn, Taylor",222,54,17,3,54,3
2025,c,"Horie, Atsuya",104,26,8,3,28,2
2025,c,"Kikuchi, Harun",15,2,1,0,1,0
2025,c,"Kuribayashi, Ryoji",210,35,18,1,54,3
2025,c,"Masuda, Takehisa",23,6,3,1,5,1
2025,c,"Matsumoto, Ryuya",17,4,1,0,4,1
2025,c,"Mori, Shohei",554,129,32,4,101,14
2025,c,"Morishita, Masato",622,140,37,5,92,6
2025,c,"Moriura, Daisuke",224,44,15,4,60,3
2025,c,"Nakazaki, Shota",172,36,9,4,29,2
2025,c,"Ohmichi, Haruki",3,0,0,0,2,0
2025,c,"Ohsera, Daichi",571,131,38,2,88,11
2025,c,"Okamoto, Shun",169,44,6,1,37,1
2025,c,"Saitoh, Yuta",26,7,2,0,7,1
2025,c,"Sato, Ryunosuke",108,22,13,0,17,1
2025,c,"Shimauchi, Sotaro",224,30,21,1,57,1
2025,c,"Suzuki, Kenya",137,27,8,3,19,1
2025,c,"Taka, Taichi",179,34,13,1,32,3
2025,c,"Takahashi, Kouya",141,31,9,2,26,2
2025,c,"Takita, Kazuki",32,3,5,0,7,0
2025,c,"Tamamura, Shogo",368,92,13,3,71,3
2025,c,"Tokoda, Hiroki",705,158,42,1,102,13
2025,c,"Tsuji, Taiga",62,12,3,0,21,2
2025,c,"Tsunehiro, Hayato",125,37,4,4,21,2
2025,d,"Fujishima, Kento",221,48,16,0,34,3
2025,d,"Fuku, Hiroto",72,12,10,0,11,0
2025,d,"Fukuda, Konosuke",3,0,0,0,1,0
2025,d,"Hashimoto, Yuki",167,38,12,1,40,3
2025,d,"Itoh, Mao",46,9,5,0,5,0
2025,d,"Iwasaki, Sho",22,9,0,0,3,1
2025,d,"Kanemaru, Yumeto",395,86,19,3,78,9
2025,d,"Katsuno, Akiyoshi",117,27,11,1,34,2
2025,d,"Kondo, Ren",71,9,13,0,17,1
2025,d,"Kusaka, Sho",21,8,1,1,5,0
2025,d,"Marte, Yunior",131,21,11,4,25,2
2025,d,"Matsuba, Takahiro",595,136,37,7,61,9
2025,d,"Matsukihira, Yuta",10,2,0,0,3,0
2025,d,"Matsuyama, Shinya",207,40,11,1,72,2
2025,d,"Mejia, Humberto",180,35,14,0,28,6
2025,d,"Miura, Mizuki",157,38,22,1,21,4
2025,d,"Muller, Kyle",436,102,28,3,86,7
2025,d,"Nakachi, Reia",15,3,4,1,1,0
2025,d,"Neo, Akira",27,9,2,0,5,2
2025,d,"Ohno, Yudai",477,95,26,4,72,6
2025,d,"Okada, Toshiya",34,10,1,0,9,1
2025,d,"Saitoh, Kohki",136,22,16,4,29,1
2025,d,"Shimizu, Tatsuya",222,49,21,1,47,0
2025,d,"Sobue, Daisuke",81,29,6,1,4,1
2025,d,"Takahashi, Hiroto",690,145,50,5,138,11
2025,d,"Umeno, Yugo",114,20,14,2,25,2
2025,d,"Wakui, Hideaki",267,63,19,6,41,4
2025,d,"Walters, Nash",22,3,5,0,5,0
2025,d,"Yanagi, Yuya",339,75,28,5,66,2
2025,d,"Yoshida, Seiya",40,10,5,0,3,1
2025,db,"Azuma, Katsuki",648,142,26,5,123,15
2025,db,"Bauer, Trevor",570,135,48,4,119,15
2025,db,"Fujinami, Shintaro",95,20,9,2,19,1
2025,db,"Hamachi, Masumi",12,2,1,0,5,2
2025,db,"Hashimoto, Tatsuya",7,3,1,0,0,0
2025,db,"Horioka, Hayato",62,17,8,0,19,1
2025,db,"Irie, Taisei",190,33,19,1,45,6
2025,db,"Ise, Hiromu",214,46,13,1,58,3
2025,db,"Ishida, Yutaro",361,73,21,0,94,10
2025,db,"Iwata, Masaki",7,2,1,1,0,0
2025,db,"Jackson, Andre",636,134,55,9,109,9
2025,db,"Kay, Anthony",604,111,41,3,130,8
2025,db,"Kozono, Kenta",21,3,4,0,4,1
2025,db,"Marcelino, Hansel",9,1,3,1,3,0
2025,db,"Matsumoto, Ryoto",19,5,4,0,1,0
2025,db,"Mishima, Kazuki",39,13,6,0,4,1
2025,db,"Miyagi, Daita",214,40,24,0,44,1
2025,db,"Mori, Yuito",21,5,0,0,4,1
2025,db,"Morihara, Kohei",109,20,3,1,25,1
2025,db,"Nakagawa, Hayate",105,26,8,2,16,1
2025,db,"Nakagawa, Koh",106,24,7,0,25,3
2025,db,"Ohnuki, Shinichi",274,67,13,3,44,4
2025,db,"Sakamoto, Yuya",157,35,10,1,33,2
2025,db,"Sasaki, Chihaya",94,20,11,1,20,1
2025,db,"Shinogi, Kentaro",27,6,4,1,3,1
2025,db,"Taira, Kentaro",228,54,11,1,46,5
2025,db,"Takeda, Riku",4,2,0,0,0,0
2025,db,"Takeda, Yu",141,23,10,1,27,3
2025,db,"Wakamatsu, Naoki",36,14,1,0,3,1
2025,db,"Wick, Rowan",161,25,11,3,49,0
2025,db,"Yamasaki, Yasuaki",65,14,7,0,12,4
2025,db,"Yoshino, Teruki",35,8,5,0,8,2
2025,e,"Ehara, Masahiro",147,35,21,1,18,1
2025,e,"Fujihira, Shoma",238,45,20,0,66,6
2025,e,"Fujii, Masaru",483,121,43,6,58,9
2025,e,"Hayakawa, Takahisa",290,67,20,1,62,10
2025,e,"Hayashi, Yuki",6,0,1,1,3,0
2025,e,"Hinata, Naoki",3,0,0,0,2,0
2025,e,"Howard, Spencer",196,42,11,2,36,1
2025,e,"Kajiya, Ren",186,41,19,1,34,4
2025,e,"Karashima, Wataru",32,15,1,0,1,1
2025,e,"Kishi, Takayuki",467,125,22,4,55,10
2025,e,"Koja, Tatsuki",459,118,27,3,76,8
2025,e,"Komago, Ryuji",6,2,0,0,3,0
2025,e,"Konno, Ryuta",181,33,18,3,22,4
2025,e,"Matsuda, Takuma",3,0,1,0,0,0
2025,e,"Matsui, Tomotaka",127,31,19,1,25,4
2025,e,"Miyamori, Satoshi",63,18,8,3,9,1
2025,e,"Nakagomi, Haruto",32,6,6,0,3,0
2025,e,"Nishigaki, Masaya",240,39,22,5,64,4
2025,e,"Nishiguchi, Naoto",192,29,13,0,70,3
2025,e,"Norimoto, Takahiro",248,60,20,2,43,4
2025,e,"Ohuchi, Seiya",36,5,5,0,6,0
2025,e,"Sakai, Haruto",20,4,1,0,5,0
2025,e,"Shibata, Daichi",38,8,6,0,6,1
2025,e,"Shoji, Kosei",315,65,25,5,70,4
2025,e,"Sung, Chia-Hao",39,10,2,0,5,2
2025,e,"Suzuki, Sora",172,33,15,0,52,2
2025,e,"Tai, Katsutoshi",29,7,3,1,14,0
2025,e,"Takinaka, Ryota",364,83,21,6,50,9
2025,e,"Tsurusaki, Taisei",122,30,7,3,26,2
2025,e,"Turley, Nik",7,2,1,0,1,0
2025,e,"Uchi, Seiryu",355,83,23,3,42,7
2025,e,"Watanabe, Shota",119,29,14,0,20,1
2025,e,"Yajure, Miguel",293,80,23,4,30,1
2025,f,"Fukushima, Ren",178,37,15,1,37,4
2025,f,"Fukutani, Koji",63,16,4,0,11,3
2025,f,"Gu Lin, Ruei-Yang",136,30,9,0,34,4
2025,f,"Hori, Mizuki",9,3,1,0,2,0
2025,f,"Hosono, Haruki",146,18,23,1,34,0
2025,f,"Ikeda, Takahide",94,21,5,1,14,1
2025,f,"Itoh, Hiromi",797,179,29,8,195,15
2025,f,"Kanemura, Shoma",386,94,13,2,62,8
2025,f,"Katoh, Takayuki",486,125,13,2,56,15
2025,f,"Kawano, Ryusei",107,19,6,4,21,4
2025,f,"Kitayama, Koki",599,112,45,4,143,7
2025,f,"Kuroyanagi, Kyosuke",24,5,2,0,5,1
2025,f,"Matsuoka, Koki",22,8,2,0,5,1
2025,f,"Miyanishi, Naoki",91,23,8,0,14,1
2025,f,"Nabatame, Tsubasa",105,20,5,0,16,3
2025,f,"Saito, Yukiya",180,31,14,2,37,1
2025,f,"Shibata, Reo",49,11,0,2,7,0
2025,f,"Sugiura, Toshihiro",64,14,3,0,12,6
2025,f,"Sun, Yi-Lei",54,12,6,0,10,2
2025,f,"Tamai, Taisho",127,23,8,2,23,1
2025,f,"Tanaka, Seigi",196,37,13,2,48,2
2025,f,"Tatsu, Kota",418,80,20,1,94,7
2025,f,"Uehara, Kenta",98,15,8,3,24,1
2025,f,"VerHagen, Drew",113,28,6,1,22,4
2025,f,"Yamamoto, Takumi",110,23,10,0,30,0
2025,f,"Yamasaki, Sachiya",450,105,18,1,51,11
2025,f,"Yanagawa, Taisei",142,20,15,2,43,2
2025,f,"Zabala, Aneurys",9,1,1,0,2,0
2025,g,"Akahoshi, Yuji",488,110,19,5,88,12
2025,g,"Baba, Kosuke",32,6,4,0,5,0
2025,g,"Baldonado, Alberto",58,8,10,0,13,0
2025,g,"Funabasama, Hiromasa",190,34,14,2,43,8
2025,g,"Griffin, Foster",307,56,18,5,77,1
2025,g,"Heinai, Ryuta",63,18,1,0,9,1
2025,g,"Hotta, Kenshin",99,23,11,1,13,4
2025,g,"Inoue, Haruto",453,115,19,2,100,15
2025,g,"Ishikawa, Tatsuya",247,54,19,1,46,2
2025,g,"Izumi, Keisuke",59,14,6,2,12,2
2025,g,"Keller, Kyle",186,27,22,0,49,5
2025,g,"Kikuchi, Taiki",41,7,4,0,16,1
2025,g,"Martinez, Raidel",211,32,11,0,65,3
2025,g,"Mataki, Teppei",58,16,2,1,8,1
2025,g,"Miyahara, Shunsuke",59,12,4,0,14,2
2025,g,"Morita, Shunya",162,35,14,1,25,4
2025,g,"Nakagawa, Kota",225,55,12,3,57,4
2025,g,"Nishidate, Yuhi",228,58,11,2,45,6
2025,g,"Ota, Taisei",244,47,14,4,60,4
2025,g,"Takanashi, Yuhei",74,14,14,3,16,0
2025,g,"Tanaka, Eito",208,45,20,2,38,3
2025,g,"Tanaka, Masahiro",209,53,21,1,29,4
2025,g,"Toda, Natsuki",12,3,1,0,0,0
2025,g,"Togo, Shosei",497,124,46,2,87,8
2025,g,"Yamada, Ryusei",15,3,1,1,1,1
2025,g,"Yamasaki, Iori",625,124,36,6,131,9
2025,g,"Yokogawa, Kai",269,63,16,3,41,5
2025,h,"Arihara, Kohei",724,167,41,6,121,10
2025,h,"Fujii, Kouya",195,32,14,2,75,2
2025,h,"Hernandez, Darwinzon",164,34,12,3,43,1
2025,h,"Higashihama, Nao",132,30,5,0,19,2
2025,h,"Itoh, Yusuke",28,4,2,2,5,0
2025,h,"Iwai, Shunsuke",41,11,2,1,5,1
2025,h,"Iwasaki, Shunsuke",8,4,1,0,2,0
2025,h,"Kamichatani, Taiga",57,15,3,0,11,3
2025,h,"Kawaguchi, Toya",21,3,1,0,7,0
2025,h,"Kimura, Hikaru",65,9,5,0,17,1
2025,h,"Maeda, Jun",213,44,17,6,31,3
2025,h,"Maeda, Yugo",46,14,1,0,12,3
2025,h,"Matsumoto, Haru",388,94,23,5,92,6
2025,h,"Matsumoto, Yuki",188,28,13,2,56,3
2025,h,"Miyazaki, Hayato",9,3,0,0,2,0
2025,h,"Moinelo, Livan",639,112,42,3,172,10
2025,h,"Ogata, Shuto",154,36,12,0,41,7
2025,h,"Ohe, Ryusei",69,8,9,2,17,1
2025,h,"Ohno, Kazuo",17,4,2,0,1,0
2025,h,"Ohtsu, Ryosuke",260,63,10,2,36,6
2025,h,"Ohyama, Ryo",134,30,12,1,21,1
2025,h,"Ohzeki, Tomohisa",586,107,35,5,97,11
2025,h,"Osuna, Roberto",106,23,6,3,16,2
2025,h,"Sugiyama, Kazuki",270,48,23,9,85,3
2025,h,"Tsumori, Yuki",103,27,8,4,25,2
2025,h,"Uwasawa, Naoyuki",577,113,36,5,115,12
2025,l,"Aoyama, Minato",11,3,2,0,0,1
2025,l,"Hada, Shinnosuke",98,20,14,3,25,0
2025,l,"Hamaya, Shota",60,13,10,0,12,0
2025,l,"Imai, Tatsuya",641,101,45,10,178,6
2025,l,"Itogawa, Ryota",68,11,2,1,17,3
2025,l,"Kaino, Hiroshi",180,34,18,3,36,3
2025,l,"Kuroda, Masaya",59,16,7,0,13,4
2025,l,"Kuroki, Yuta",123,24,13,0,25,1
2025,l,"Mameda, Taishi",17,5,0,0,6,0
2025,l,"Matsumoto, Wataru",59,14,5,0,12,3
2025,l,"Mizukami, Yoshinobu",25,7,2,1,3,0
2025,l,"Nakamura, Yuta",101,21,9,0,23,1
2025,l,"Ramirez, Emmanuel",106,16,12,0,28,1
2025,l,"Sasaki, Takeru",62,13,4,3,8,1
2025,l,"Sato, Shunsuke",93,24,10,2,13,2
2025,l,"Shinohara, Hibiki",39,15,2,1,8,1
2025,l,"Sugai, Shinya",239,51,29,0,47,5
2025,l,"Sugiyama, Haruki",24,11,1,0,2,1
2025,l,"Sumida, Chihiro",646,142,34,2,149,12
2025,l,"Taira, Kaima",220,43,21,3,53,0
2025,l,"Takahashi, Bo",27,12,1,0,4,0
2025,l,"Takahashi, Kona",616,141,41,6,88,10
2025,l,"Takeuchi, Natsuki",276,70,19,3,46,6
2025,l,"Tamura, Ichiro",116,26,7,2,20,4
2025,l,"Ueda, Taiga",94,30,6,1,6,1
2025,l,"Watanabe, Yutaro",565,127,38,4,81,9
2025,l,"Wingenter, Trey",188,26,20,2,69,2
2025,l,"Yamada, Haruto",201,46,17,1,31,3
2025,l,"Yoza, Kaito",377,74,16,9,44,10
2025,m,"Azuma, Yusuke",28,10,3,0,4,0
2025,m,"Futaki, Kota",7,2,1,1,0,1
2025,m,"Guerrero, Tayron",89,22,8,1,15,4
2025,m,"Hayasaka, Oto",51,12,8,0,4,1
2025,m,"Hirohata, Atsuya",37,8,6,0,5,2
2025,m,"Hiroike, Koshiro",87,21,6,0,20,4
2025,m,"Ichijo, Rikima",6,1,2,0,1,0
2025,m,"Ishikawa, Shuta",454,110,37,5,56,11
2025,m,"Karakawa, Yuki",38,10,1,0,6,0
2025,m,"Kawamura, Tokito",90,17,8,2,14,1
2025,m,"Kikuchi, Riku",108,24,13,0,19,6
2025,m,"Kimura, Yuto",281,57,18,2,50,7
2025,m,"Masuda, Naoya",89,19,8,1,17,1
2025,m,"Mima, Manabu",1,0,0,0,1,0
2025,m,"Nakamori, Shunsuke",111,19,4,1,36,1
2025,m,"Nakamura, Toshiya",87,19,10,0,8,2
2025,m,"Nishimura, Takahiro",8,4,2,0,1,0
2025,m,"Nishino, Yuji",207,49,11,2,29,3
2025,m,"Ojima, Kazuya",619,144,54,3,92,20
2025,m,"Ono, Fumiya",180,40,13,2,41,1
2025,m,"Sakai, Haru",4,0,1,0,1,0
2025,m,"Sakamoto, Koshiro",28,6,4,2,3,0
2025,m,"Sammons, Bryan",373,75,40,6,73,12
2025,m,"Sawada, Keisuke",113,25,8,0,21,3
2025,m,"Sawamura, Hirokazu",84,16,15,1,10,0
2025,m,"Suzuki, Shota",122,32,8,2,27,1
2025,m,"Takano, Shuta",219,43,14,2,61,3
2025,m,"Tanaka, Haruya",316,63,27,1,77,4
2025,m,"Taneichi, Atsuki",666,134,50,6,161,13
2025,m,"Voth, Austin",530,129,28,7,92,8
2025,m,"Yagi, Akira",117,32,7,3,25,3
2025,m,"Yokoyama, Rikuto",227,37,16,5,47,3
2025,m,"Yoshikawa, Yuto",41,5,6,2,6,1
2025,s,"Aoyagi, Koyo",65,14,11,3,9,3
2025,s,"Avila, Pedro",343,70,30,4,61,4
2025,s,"Baumann, Mike",75,17,12,0,19,3
2025,s,"Hasegawa, Hiroki",24,6,2,1,2,0
2025,s,"Hoshi, Tomoya",177,38,13,1,41,2
2025,s,"Ishihara, Yuki",23,8,3,0,3,0
2025,s,"Ishikawa, Masanori",134,42,9,2,9,3
2025,s,"Ishiyama, Taichi",153,23,8,1,38,3
2025,s,"Kanakubo, Yuto",66,23,4,0,11,4
2025,s,"Kitamura, Takumi",6,2,1,0,1,0
2025,s,"Kizawa, Naofumi",182,40,21,4,24,2
2025,s,"Kozawa, Reiji",124,27,18,1,30,5
2025,s,"Lambert, Peter",508,123,52,3,104,11
2025,s,"Maruyama, Shota",45,11,6,0,11,2
2025,s,"Matsumoto, Kengo",131,29,7,0,24,3
2025,s,"Nakamura, Yuto",81,25,6,3,13,2
2025,s,"Numata, Shohei",8,5,0,0,0,2
2025,s,"Ogawa, Yasuhiro",336,89,15,1,48,7
2025,s,"Ohnishi, Hiroki",193,41,14,2,35,0
2025,s,"Okugawa, Yasunobu",457,127,33,4,77,11
2025,s,"Sakaguchi, Kousuke",108,27,13,3,12,2
2025,s,"Sakamoto, Takumi",4,1,0,0,1,0
2025,s,"Shimizu, Noboru",173,51,10,1,37,2
2025,s,"Shimokawa, Shunsuke",112,19,7,2,20,2
2025,s,"Shoji, Kota",160,19,17,2,53,1
2025,s,"Taguchi, Kazuto",122,21,10,2,25,0
2025,s,"Takahashi, Keiji",175,34,16,1,41,3
2025,s,"Takanashi, Hirotoshi",402,95,25,4,77,7
2025,s,"Yamamoto, Daiki",74,19,6,1,6,1
2025,s,"Yamano, Taichi",339,89,21,1,65,12
2025,s,"Yasaki, Takuya",162,26,14,0,34,1
2025,s,"Yoshimura, Kojiro",546,132,27,2,85,14
2025,t,"Beasley, Jeremy",132,35,12,3,25,0
2025,t,"Dolis, Rafael",74,14,5,0,16,1
2025,t,"Duplantier, Jon",349,53,20,6,113,1
2025,t,"Guerra, Javy",29,10,5,0,4,0
2025,t,"Hartwig, Grant",53,9,7,1,8,1
2025,t,"Hatake, Seishu",47,8,5,0,3,0
2025,t,"Hayakawa, Daiki",42,8,2,1,5,0
2025,t,"Ibaragi, Hidetoshi",11,1,1,0,1,0
2025,t,"Ihara, Takato",448,95,25,2,81,4
2025,t,"Ishiguro, Yuya",33,9,2,0,7,1
2025,t,"Ishii, Daichi",199,37,7,1,42,0
2025,t,"Itoh, Masashi",348,78,12,0,49,8
2025,t,"Iwasada, Yuta",123,30,7,0,22,1
2025,t,"Iwazaki, Suguru",211,49,13,0,40,1
2025,t,"Kinoshita, Rito",59,18,2,0,12,0
2025,t,"Kirishiki, Takuma",166,45,7,2,35,0
2025,t,"Kudo, Taisei",72,12,13,1,16,0
2025,t,"Mombetsu, Keito",198,55,15,3,28,5
2025,t,"Murakami, Shoki",679,131,25,7,144,9
2025,t,"Nelson, Nick",136,29,9,2,25,2
2025,t,"Nishi, Yuki",23,7,2,0,2,0
2025,t,"Ohtake, Koutaro",388,87,7,8,48,5
2025,t,"Okadome, Hidetaka",38,7,3,0,2,1
2025,t,"Oyokawa, Masaki",237,34,17,2,66,2
2025,t,"Saiki, Hiroto",636,123,44,1,122,6
2025,t,"Shiiba, Tsuyoshi",13,2,2,0,1,0
2025,t,"Shimamoto, Hiroya",56,12,3,1,6,1
2025,t,"Takahashi, Haruto",174,38,8,0,48,3
2025,t,"Tomida, Ren",95,26,3,0,10,0
2025,t,"Urushihara, Taisei",43,5,5,0,9,0
2025,t,"Yuasa, Atsuki",144,26,15,2,27,1
2014,bs,"Dickson, Brandon",657,156,55,4,118,7
2014,bs,"Higa, Motoki",231,53,12,1,48,2
2014,bs,"Hirai, Masafumi",4,1,0,0,0,0
2014,bs,"Hirano, Yoshihisa",238,52,13,0,70,6
2014,bs,"Igawa, Kei",149,37,12,0,28,4
2014,bs,"Kaida, Tomoyuki",88,26,4,2,11,1
2014,bs,"Kaneko, Chihiro",763,157,42,3,199,7
2014,bs,"Kishida, Mamoru",326,65,20,2,67,8
2014,bs,"Komatsu, Satoshi",18,4,3,1,1,0
2014,bs,"Kondo, Kazuki",34,10,2,0,7,1
2014,bs,"Kuwahara, Kentaro",26,7,3,0,6,0
2014,bs,"Maestri, Alessandro",213,31,30,5,48,5
2014,bs,"Mahara, Takahiro",212,45,20,2,42,2
2014,bs,"Matsuba, Takahiro",468,95,45,2,88,7
2014,bs,"Nakayama, Shinya",175,30,17,2,38,1
2014,bs,"Nishi, Yuki",640,146,35,7,119,11
2014,bs,"Oyama, Satoshi",2,0,0,0,0,0
2014,bs,"Sakakibara, Ryo",63,15,6,0,8,1
2014,bs,"Sato, Tatsuya",288,39,30,2,85,4
2014,bs,"Tomei, Daiki",437,93,45,4,80,11
2014,bs,"Yagi, Tomoya",18,6,1,0,2,0
2014,bs,"Yoshida, Kazumasa",318,70,24,2,62,9
2015,bs,"Bullington, Bryan",305,60,24,8,46,3
2015,bs,"Dickson, Brandon",538,119,44,1,88,3
2015,bs,"Furukawa, Shuichi",16,4,0,0,3,0
2015,bs,"Higa, Motoki",34,16,2,1,5,1
2015,bs,"Hirano, Yoshihisa",136,29,14,1,39,4
2015,bs,"Kaida, Tomoyuki",180,38,15,2,27,3
2015,bs,"Kaneko, Chihiro",379,85,18,0,79,8
2015,bs,"Kishida, Mamoru",213,46,13,1,54,2
2015,bs,"Komatsu, Satoshi",53,7,5,1,13,1
2015,bs,"Kondo, Kazuki",190,49,14,3,24,1
2015,bs,"Maeda, Yuji",88,24,12,1,13,2
2015,bs,"Maestri, Alessandro",190,37,23,3,34,5
2015,bs,"Mahara, Takahiro",43,14,4,0,2,3
2015,bs,"Matsuba, Takahiro",360,81,47,1,42,8
2015,bs,"Morimoto, Shota",15,4,4,1,2,2
2015,bs,"Nakayama, Shinya",70,21,4,2,10,3
2015,bs,"Nishi, Yuki",655,140,43,6,143,11
2015,bs,"Sakakibara, Ryo",23,5,3,0,5,0
2015,bs,"Sakayori, Seiichi",5,2,1,0,1,0
2015,bs,"Sato, Tatsuya",249,50,23,2,77,3
2015,bs,"Shiranita, Hirokazu",221,52,23,0,27,1
2015,bs,"Suzuki, Yu",3,2,0,0,0,0
2015,bs,"Takagi, Ban",52,18,9,0,6,1
2015,bs,"Tomei, Daiki",663,148,41,5,118,16
2015,bs,"Tsukahara, Shohei",192,36,24,6,25,5
2015,bs,"Yamada, Nobuyoshi",79,17,13,1,12,1
2015,bs,"Yamasaki, Sachiya",258,49,34,3,35,9
2015,bs,"Yoshida, Kazumasa",191,51,19,1,25,7
2016,bs,"Akama, Ken",155,26,24,1,19,2
2016,bs,"Aoyama, Daiki",18,4,2,0,5,1
2016,bs,"Cordier, Erik",63,11,15,0,14,2
2016,bs,"Dickson, Brandon",746,183,71,5,139,17
2016,bs,"Higa, Motoki",43,13,3,0,10,3
2016,bs,"Hirano, Yoshihisa",237,44,16,1,57,2
2016,bs,"Kadoya, Ryuta",16,5,4,0,1,1
2016,bs,"Kaida, Tomoyuki",185,40,12,0,31,1
2016,bs,"Kaneko, Chihiro",676,143,59,2,125,13
2016,bs,"Kishida, Mamoru",66,20,6,0,11,4
2016,bs,"Komatsu, Satoshi",20,6,3,0,1,1
2016,bs,"Kondo, Kazuki",94,30,6,0,16,3
2016,bs,"Kondo, Taisuke",16,4,1,0,2,0
2016,bs,"Matsuba, Takahiro",563,128,41,3,82,10
2016,bs,"Misch, Pat",30,9,5,1,2,1
2016,bs,"Nishi, Yuki",712,171,48,8,108,4
2016,bs,"Ota, Atori",15,5,1,0,2,2
2016,bs,"Oyama, Satoshi",27,6,5,2,2,0
2016,bs,"Saito, Koki",20,6,2,0,2,2
2016,bs,"Sato, Shunichi",46,18,6,1,6,1
2016,bs,"Sato, Tatsuya",188,31,36,0,53,6
2016,bs,"Shiranita, Hirokazu",34,9,6,0,2,1
2016,bs,"Suzuki, Yu",12,5,3,0,3,0
2016,bs,"Takagi, Ban",25,5,2,0,5,2
2016,bs,"Tomei, Daiki",567,157,54,3,100,13
2016,bs,"Tsukahara, Shohei",240,44,31,2,40,5
2016,bs,"Yagi, Ryosuke",18,7,1,0,2,1
2016,bs,"Yamada, Nobuyoshi",245,63,19,0,43,7
2016,bs,"Yamasaki, Sachiya",260,55,23,3,37,4
2016,bs,"Yoshida, Kazumasa",204,37,16,3,36,4
2017,bs,"Akama, Ken",50,18,1,0,4,2
2017,bs,"Aoyama, Daiki",19,4,5,0,2,1
2017,bs,"Coke, Phillip",106,30,10,1,16,2
2017,bs,"Dickson, Brandon",581,144,42,3,86,7
2017,bs,"Germen, Gonzalez",210,44,24,2,51,4
2017,bs,"Higa, Motoki",31,6,0,0,12,2
2017,bs,"Hirano, Yoshihisa",240,57,16,1,47,5
2017,bs,"Kaida, Tomoyuki",46,8,7,0,5,1
2017,bs,"Kaneda, Kazuyuki",170,42,10,1,34,3
2017,bs,"Kaneko, Chihiro",754,160,56,2,141,21
2017,bs,"Kishida, Mamoru",27,5,3,1,4,1
2017,bs,"Kobayashi, Keisuke",174,36,15,2,46,4
2017,bs,"Kondo, Taisuke",228,42,18,2,71,6
2017,bs,"Kuroki, Yuta",226,39,26,2,62,2
2017,bs,"Matsuba, Takahiro",552,133,32,2,72,16
2017,bs,"Nishi, Yuki",483,108,29,7,88,14
2017,bs,"Oyama, Satoshi",110,21,11,1,30,0
2017,bs,"Sato, Tatsuya",56,15,5,0,12,2
2017,bs,"Sawada, Keisuke",58,13,6,1,5,2
2017,bs,"Tomei, Daiki",57,13,5,0,5,2
2017,bs,"Tsukahara, Shohei",20,4,2,0,4,0
2017,bs,"West, Matt",10,1,3,0,0,0
2017,bs,"Yamada, Nobuyoshi",71,21,10,2,13,2
2017,bs,"Yamamoto, Yoshinobu",109,32,7,1,20,3
2017,bs,"Yamaoka, Taisuke",618,136,54,2,133,8
2017,bs,"Yamasaki, Sachiya",205,52,20,0,21,8
2017,bs,"Yoshida, Kazumasa",166,25,14,0,31,6
2017,bs,"Yoshida, Ryo",16,5,2,0,0,0
2018,bs,"Albers, Andrew",455,105,21,2,83,10
2018,bs,"Aoyama, Daiki",12,2,5,0,2,0
2018,bs,"Dickson, Brandon",414,90,30,5,84,7
2018,bs,"Higa, Motoki",135,25,7,3,22,3
2018,bs,"Iwamoto, Akira",63,13,7,0,7,3
2018,bs,"Kaida, Tomoyuki",14,5,0,0,0,0
2018,bs,"Kaneda, Kazuyuki",65,20,8,1,14,2
2018,bs,"Kaneko, Chihiro",430,97,35,3,72,11
2018,bs,"Kishida, Mamoru",59,13,2,0,14,0
2018,bs,"Kobayashi, Keisuke",50,20,5,0,9,4
2018,bs,"Kondo, Taisuke",223,34,27,0,52,7
2018,bs,"Kuroki, Yuta",145,37,12,0,26,3
2018,bs,"Masui, Hirotoshi",278,55,33,1,69,4
2018,bs,"Matsuba, Takahiro",158,40,15,0,23,6
2018,bs,"Nishi, Yuki",679,162,36,6,119,15
2018,bs,"Oyama, Satoshi",24,8,1,0,4,0
2018,bs,"Roach, Donn",225,63,15,6,19,2
2018,bs,"Saito, Koki",12,0,1,1,4,0
2018,bs,"Sakakibara, Tsubasa",72,12,7,0,17,0
2018,bs,"Sawada, Keisuke",201,45,11,1,45,5
2018,bs,"Suzuki, Kohei",42,11,9,0,2,3
2018,bs,"Tajima, Daiki",291,60,24,4,69,9
2018,bs,"Tomei, Daiki",153,35,3,1,24,1
2018,bs,"Yamada, Nobuyoshi",84,14,6,0,20,1
2018,bs,"Yamamoto, Yoshinobu",213,40,16,2,46,4
2018,bs,"Yamaoka, Taisuke",619,137,49,6,121,21
2018,bs,"Yamasaki, Sachiya",80,21,7,0,9,2
2018,bs,"Yoshida, Kazumasa",233,47,18,3,53,4
