season,team,name,pa,h,bb,hbp,so,hr
2014,c,"Abe, Tomohiro",3,1,0,0,0,0
2014,c,"Aizawa, Tsubasa",200,55,16,2,28,10
2014,c,"Akamatsu, Masato",32,6,1,1,8,0
2014,c,"Amaya, Soichiro",128,35,16,1,27,3
2014,c,"Bullington, Bryan",44,2,2,0,14,0
2014,c,"Dobayashi, Shota",330,70,32,6,87,8
2014,c,"Eldred, Brad",505,118,41,7,169,37
2014,c,"Fukui, Yuya",20,2,1,0,11,0
2014,c,"Heath, Deunte",16,1,0,0,11,0
2014,c,"Hirose, Jun",148,29,17,1,23,2
2014,c,"Ishihara, Yoshiyuki",223,37,21,1,43,4
2014,c,"Iwamoto, Takahiro",55,10,2,0,10,2
2014,c,"Ka&apos;aihue, Kila",335,74,41,4,85,11
2014,c,"Kikuchi, Ryosuke",654,188,24,3,79,11
2014,c,"Kimura, Shogo",253,62,4,3,57,1
2014,c,"Kokubo, Tetsuya",182,51,12,2,15,3
2014,c,"Kura, Yoshikazu",50,4,2,2,14,1
2014,c,"Kuri, Aren",19,0,0,0,14,0
2014,c,"Maeda, Kenta",64,9,1,0,22,0
2014,c,"Maru, Yoshihiro",644,166,100,4,95,19
2014,c,"Matsuyama, Ryuhei",250,74,14,2,29,7
2014,c,"Mukae, Yuichiro",8,1,0,0,3,0
2014,c,"Nakahigashi, Naoki",87,19,4,1,9,1
2014,c,"Nomura, Yusuke",34,7,1,0,15,0
2014,c,"Ono, Jumpei",1,0,0,0,0,0
2014,c,"Osera, Daichi",57,5,2,0,35,0
2014,c,"Phillips, Zach",1,0,0,0,1,0
2014,c,"Rosario, Rainel",264,80,23,1,58,14
2014,c,"Shinoda, Jumpei",14,2,0,0,5,0
2014,c,"Shirahama, Yuta",71,10,5,0,17,1
2014,c,"Shoji, Hayato",1,0,0,0,0,0
2014,c,"Soyogi, Eishin",416,95,39,5,57,8
2014,c,"Suzuki, Seiya",68,22,4,0,13,1
2014,c,"Takahashi, Hiroki",6,0,0,0,3,0
2014,c,"Tanaka, Kosuke",333,86,24,4,68,9
2014,c,"Toda, Takaya",14,3,0,0,7,0
2014,c,"Uemoto, Takashi",8,2,1,0,2,0
2014,d,"Akada, Ryuichiro",5,0,0,0,2,0
2014,d,"Araki, Masahiro",471,106,39,3,63,1
2014,d,"Asakura, Kenta",17,2,0,0,9,0
2014,d,"Cabrera, Daniel",24,0,1,0,19,0
2014,d,"Donoue, Naomichi",261,54,10,0,45,1
2014,d,"Donoue, Takehiro",5,1,0,0,3,0
2014,d,"Fujii, Atsushi",300,73,25,1,55,6
2014,d,"Fukuda, Nobumasa",12,3,0,0,4,0
2014,d,"Furumoto, Takeru",20,3,1,0,7,0
2014,d,"Gomez, Alexis",14,1,1,0,5,0
2014,d,"Hamada, Tatsuro",28,2,0,0,12,0
2014,d,"Hernandez, Anderson",304,73,19,1,58,5
2014,d,"Hirata, Ryosuke",488,119,54,1,65,11
2014,d,"Ito, Junki",10,0,1,0,6,0
2014,d,"Iwasaki, Kyohei",30,3,2,0,6,0
2014,d,"Iwata, Shinji",6,1,1,0,3,0
2014,d,"Kawai, Yudai",28,2,0,0,10,0
2014,d,"Kawakami, Kenshin",10,0,1,0,7,0
2014,d,"Kudo, Takahito",46,12,4,1,11,1
2014,d,"Luna, Hector",527,148,51,5,98,17
2014,d,"Matayoshi, Katsuki",4,3,0,0,1,0
2014,d,"Matsui, Masato",162,25,16,0,47,1
2014,d,"Matsui, Yusuke",102,24,2,2,27,2
2014,d,"Mitsumata, Taiki",41,5,0,0,10,1
2014,d,"Mizowaki, Hayato",5,1,0,0,1,0
2014,d,"Morikoshi, Yuto",12,1,2,1,1,0
2014,d,"Morino, Masahiko",588,146,69,1,66,13
2014,d,"Muto, Yuta",2,0,0,0,2,0
2014,d,"Nakata, Ryoji",22,2,0,2,4,0
2014,d,"Nomoto, Kei",72,14,5,2,10,1
2014,d,"Oda, Kohei",17,1,0,0,6,0
2014,d,"Ogasawara, Michihiro",99,25,14,1,16,1
2014,d,"Ogawa, Ryuya",1,0,0,0,0,0
2014,d,"Okada, Toshiya",12,0,0,0,3,0
2014,d,"Ono, Yudai",54,3,2,0,25,0
2014,d,"Oshima, Yohei",642,186,43,6,56,2
2014,d,"Sobue, Daisuke",3,2,0,0,0,0
2014,d,"Tajima, Shinji",1,0,0,0,0,0
2014,d,"Takahashi, Shuhei",156,37,8,0,29,6
2014,d,"Takeyama, Shingo",72,8,3,1,15,1
2014,d,"Tanaka, Daisuke",4,1,0,0,0,0
2014,d,"Tani, Tetsuya",131,28,6,0,23,0
2014,d,"Tanishige, Motonobu",274,44,39,2,36,1
2014,d,"Wada, Kazuhiro",356,85,45,4,38,16
2014,d,"Wakamatsu, Shunta",3,0,1,0,0,0
2014,d,"Yamai, Daisuke",53,5,0,0,15,0
2014,d,"Yamamoto, Masahiro",3,0,0,0,2,0
2014,d,"Yamauchi, Soma",1,0,0,0,1,0
2014,d,"Yoshikawa, Daiki",17,0,1,0,2,0
2014,d,"Yoshimi, Kazuki",6,1,1,0,2,0
2014,db,"Aranami, Sho",206,51,13,1,28,3
2014,db,"Baldiris, Aarom",510,115,43,11,66,17
2014,db,"Blanco, Tony",333,88,18,4,91,17
2014,db,"Chen, Kuan-Yu",1,0,0,0,1,0
2014,db,"Goto, Taketoshi",165,41,18,0,34,7
2014,db,"Gurriel, Yulieski",258,73,15,2,40,11
2014,db,"Hirata, Shingo",1,0,0,0,1,0
2014,db,"Ide, Shotaro",77,15,3,0,20,3
2014,db,"Ino, Shoichi",50,5,0,0,19,0
2014,db,"Ishikawa, Takehiro",539,120,32,8,98,7
2014,db,"Kaga, Shigeru",5,1,0,0,3,0
2014,db,"Kagami, Kisho",4,0,0,0,2,0
2014,db,"Kajitani, Takayuki",609,138,70,7,135,16
2014,db,"Kinjo, Tatsuhiko",175,32,13,1,21,0
2014,db,"Kubo, Yasutomo",56,5,1,0,25,0
2014,db,"Kuniyoshi, Yuki",2,0,0,0,2,0
2014,db,"Kurobane, Toshiki",374,86,24,5,78,2
2014,db,"Kuwahara, Masayuki",169,37,15,2,32,1
2014,db,"Matsui, Hyuma",8,0,0,0,3,0
2014,db,"Matsumoto, Keijiro",58,14,1,1,10,0
2014,db,"Mikami, Tomoya",2,0,0,0,2,0
2014,db,"Minei, Hiroki",14,3,2,0,2,0
2014,db,"Mishima, Kazuki",6,1,0,0,1,0
2014,db,"Miura, Daisuke",33,3,0,0,15,0
2014,db,"Miyazaki, Toshiro",13,2,0,0,3,0
2014,db,"Moscoso, Guillermo",50,9,4,0,14,1
2014,db,"Nakamura, Norihiro",56,12,6,0,10,0
2014,db,"Nishimori, Masashi",25,1,0,0,6,0
2014,db,"Otosaka, Tomo",2,1,0,0,0,1
2014,db,"Sekine, Taiki",13,3,0,1,3,0
2014,db,"Shimozono, Tatsuya",117,28,14,1,18,1
2014,db,"Shirasaki, Hiroyuki",240,49,16,0,50,1
2014,db,"Takahashi, Hisanori",14,3,0,0,3,0
2014,db,"Takajo, Shuto",76,10,5,2,28,0
2014,db,"Takasaki, Kentaro",13,2,0,0,3,0
2014,db,"Tamura, Hitoshi",166,40,15,2,23,4
2014,db,"Tanaka, Kenjiro",1,0,0,0,0,0
2014,db,"Tsuruoka, Kenjiro",49,12,4,0,10,0
2014,db,"Tsutsugo, Yoshitomo",461,123,47,2,100,22
2014,db,"Uchimura, Kensuke",2,0,0,0,0,0
2014,db,"Yamaguchi, Shun",36,3,0,0,23,1
2014,db,"Yamazaki, Noriharu",374,74,19,6,64,2
2014,db,"Yanagida, Shigeo",101,24,2,5,20,4
2014,e,"Abe, Toshihito",24,5,0,0,4,0
2014,e,"Akaminai, Ginji",509,150,43,2,45,4
2014,e,"Blackley, Travis",2,0,1,0,0,0
2014,e,"Bowker, John",230,53,11,3,55,7
2014,e,"Enomoto, Aoi",23,3,1,0,8,0
2014,e,"Evans, Nick",18,2,0,0,7,0
2014,e,"Fujita, Kazuya",579,139,16,3,55,2
2014,e,"Goto, Mitsutaka",141,28,1,0,38,1
2014,e,"Hijirisawa, Ryo",209,48,20,4,46,1
2014,e,"Ishimine, Tadashi",25,2,2,0,6,0
2014,e,"Iwasaki, Tatsuro",63,10,5,1,12,0
2014,e,"Jones, Andruw",581,99,118,12,140,24
2014,e,"Karashima, Wataru",3,1,0,0,0,0
2014,e,"Kawai, Takashi",2,0,0,0,1,0
2014,e,"Kosai, Yusuke",32,5,3,0,8,1
2014,e,"Koseki, Shota",111,15,0,1,31,0
2014,e,"Lutz, Zach",58,16,4,2,7,5
2014,e,"Makida, Akihisa",204,43,12,3,18,2
2014,e,"Masuda, Shintaro",251,46,35,3,66,5
2014,e,"Matsui, Kazuo",488,129,36,1,78,8
2014,e,"Mima, Manabu",6,0,0,0,1,0
2014,e,"Miyoshi, Takumi",7,2,0,0,3,0
2014,e,"Moriyama, Makoto",53,8,3,0,12,0
2014,e,"Nakagawa, Taishi",1,0,0,0,0,0
2014,e,"Nakashima, Toshiya",9,1,0,0,1,0
2014,e,"Nishida, Tetsuro",415,93,24,4,100,7
2014,e,"Nishimura, Wataru",12,3,0,0,4,0
2014,e,"Norimoto, Takahiro",9,0,0,0,6,0
2014,e,"Okajima, Takero",618,154,57,4,71,7
2014,e,"Shima, Motohiro",432,92,65,1,84,1
2014,e,"Shimauchi, Hiroaki",243,52,19,0,22,2
2014,e,"Uchida, Yasuhito",17,1,0,0,7,0
2014,e,"Uezono, Keiji",1,0,0,0,0,0
2014,e,"Youkilis, Kevin",79,14,12,1,23,1
2014,f,"Abreu, Michel",22,4,3,0,7,1
2014,f,"Akada, Shogo",19,3,5,0,3,0
2014,f,"Fujioka, Yoshiaki",1,0,0,0,1,0
2014,f,"Ichikawa, Tomoya",166,36,6,3,22,2
2014,f,"Iiyama, Yuji",62,11,5,0,15,0
2014,f,"Inaba, Atsunori",89,18,10,2,13,3
2014,f,"Ishikawa, Ryo",4,1,0,0,1,0
2014,f,"Ishikawa, Shingo",93,19,5,1,25,1
2014,f,"Kaneko, Makoto",23,3,1,0,7,0
2014,f,"Kishisato, Ryosuke",3,2,0,0,1,0
2014,f,"Kita, Atsushi",60,14,7,1,17,2
2014,f,"Kondo, Kensuke",291,68,15,0,45,4
2014,f,"Koyano, Eiichi",274,72,22,3,40,4
2014,f,"Masui, Hirotoshi",1,0,0,0,0,0
2014,f,"Mendoza, Luis",3,0,0,0,2,0
2014,f,"Miranda, Juan",427,85,42,6,108,14
2014,f,"Murata, Kazuya",63,12,2,0,19,0
2014,f,"Nakamura, Masaru",5,1,0,0,2,0
2014,f,"Nakashima, Takuya",461,99,43,0,92,0
2014,f,"Nakata, Sho",602,143,58,6,89,27
2014,f,"Nishikawa, Haruki",637,147,63,3,139,8
2014,f,"Obiki, Keiji",512,106,51,1,98,5
2014,f,"Oka, hiromi",39,4,3,0,8,0
2014,f,"Ono, Shota",304,45,19,5,52,6
2014,f,"Oshima, Takumi",1,0,0,0,1,0
2014,f,"Otani, Shohei",234,58,21,0,48,10
2014,f,"Sato, Kenji",114,21,4,0,38,3
2014,f,"Sugiya, Kenshi",146,25,8,4,19,2
2014,f,"Tadano, Kazuhito",1,0,0,0,1,0
2014,f,"Takeda, Masaru",2,0,0,0,1,0
2014,f,"Taniguchi, Yuya",175,44,9,0,56,2
2014,f,"Tanimoto, Keisuke",1,0,0,0,1,0
2014,f,"Ugumori, Atsushi",44,8,4,0,9,0
2014,f,"Urano, Hiroshi",1,0,0,0,0,0
2014,f,"Uwasawa, Naoyuki",2,0,0,0,1,0
2014,f,"Watanabe, Ryo",6,1,1,0,3,0
2014,f,"Yang, Dai-Kang",540,138,45,12,108,25
2014,g,"Abe, Shinnosuke",526,114,58,7,77,19
2014,g,"Anderson, Leslie",325,94,25,5,44,15
2014,g,"Cepeda, Frederich",132,21,23,0,38,6
2014,g,"Chono, Hisayoshi",523,140,42,3,75,13
2014,g,"Egarashi, Yuki",2,2,0,0,0,0
2014,g,"Fujimura, Daisuke",29,5,2,0,4,0
2014,g,"Fukuda, Satoshi",1,0,0,0,1,0
2014,g,"Hashimoto, Itaru",402,90,32,3,78,4
2014,g,"Ibata, Hirokazu",187,42,18,0,24,3
2014,g,"Imamura, Nobutaka",7,1,0,0,4,0
2014,g,"Inzen, Tomoya",29,9,0,0,5,0
2014,g,"Ishii, Yoshihito",6,1,1,0,3,0
2014,g,"Kamei, Yoshiyuki",268,71,19,3,30,8
2014,g,"Kasahara, Shoki",2,0,0,0,0,0
2014,g,"Kataoka, Yasuyuki",484,108,29,3,51,6
2014,g,"Kato, Ken",12,4,2,0,4,0
2014,g,"Kiyashiki, Masato",1,0,0,0,1,0
2014,g,"Kobayashi, Seiji",121,28,4,4,26,2
2014,g,"Koyama, Yuki",22,0,0,0,11,0
2014,g,"Kubo, Yuya",4,0,0,0,2,0
2014,g,"Lopez, Jose",407,91,20,4,66,22
2014,g,"Matsumoto, Tetsuya",90,22,4,2,12,0
2014,g,"Miyaguni, Ryosuke",5,0,0,0,4,0
2014,g,"Murata, Shuichi",575,133,39,13,83,21
2014,g,"Nakai, Daisuke",52,10,3,0,13,0
2014,g,"Ota, Taishi",74,16,8,1,20,2
2014,g,"Otake, Kan",49,7,2,0,17,0
2014,g,"Sakamoto, Hayato",616,152,55,2,88,16
2014,g,"Sanematsu, Kazunari",27,3,3,0,8,0
2014,g,"Sawamura, Hirokazu",24,2,1,0,10,0
2014,g,"Seddon, Chris",16,1,0,0,10,0
2014,g,"Sugano, Tomoyuki",55,7,2,0,14,0
2014,g,"Sugiuchi, Toshiya",53,4,0,0,18,0
2014,g,"Suzuki, Takahiro",25,7,5,0,4,0
2014,g,"Takagi, Kyosuke",2,0,0,0,0,0
2014,g,"Takahashi, Yoshinobu",130,32,14,2,30,6
2014,g,"Tateoka, Soichiro",2,0,0,0,1,0
2014,g,"Terauchi, Takayuki",41,7,0,2,10,0
2014,g,"Utsumi, Tetsuya",48,5,2,0,18,0
2014,g,"Yano, Kenji",85,14,4,0,13,0
2014,g,"Yokogawa, Fuminori",21,5,2,0,6,1
2014,h,"Akashi, Kenji",273,63,13,2,54,1
2014,h,"Canizares, Barbaro",14,4,0,0,1,0
2014,h,"Egawa, Tomoaki",37,7,5,1,12,1
2014,h,"Hasegawa, Yuya",541,142,54,7,95,6
2014,h,"Hoashi, Kazuyuki",2,0,0,0,2,0
2014,h,"Honda, Yuichi",398,100,33,2,47,0
2014,h,"Hosokawa, Toru",294,47,12,3,83,5
2014,h,"Iida, Yuya",2,0,0,0,2,0
2014,h,"Imamiya, Kenta",662,132,41,4,104,3
2014,h,"Inomoto, Kentaro",1,1,0,0,0,0
2014,h,"Iwasaki, Sho",3,0,0,0,0,0
2014,h,"Kaneko, Keisuke",61,10,9,1,15,0
2014,h,"Kawashima, Keizo",21,3,3,1,5,0
2014,h,"Kayama, Shinya",1,0,0,0,0,0
2014,h,"Kidokoro, Ryuma",12,2,2,0,3,0
2014,h,"Lee, Dae-Ho",625,170,46,10,97,19
2014,h,"Lee, Tu-Hsuan",9,1,0,0,6,0
2014,h,"Makihara, Taisei",15,1,0,0,6,0
2014,h,"Matsuda, Nobuhiro",423,118,24,2,80,18
2014,h,"Matsunaka, Nobuhiko",33,3,4,1,6,0
2014,h,"Nakamura, Akira",638,176,59,3,61,4
2014,h,"Nakata, Kenichi",5,0,0,0,3,0
2014,h,"Oseguera, Paul",1,0,0,0,0,0
2014,h,"Settsu, Tadashi",3,1,1,0,1,0
2014,h,"Standridge, Jason",5,0,0,0,3,0
2014,h,"Takata, Tomoki",12,3,1,0,4,0
2014,h,"Takaya, Hiroaki",5,0,0,0,0,0
2014,h,"Tsukada, Masayoshi",4,0,0,0,1,0
2014,h,"Tsuruoka, Shinya",190,35,7,0,23,0
2014,h,"Uchikawa, Seiichi",534,150,34,5,48,18
2014,h,"Yanagita, Yuki",615,166,72,16,131,15
2014,h,"Yoshimura, Yuki",192,48,24,1,28,5
2014,l,"Abreu, Abner",17,4,1,0,6,0
2014,l,"Akiyama, Shogo",561,123,70,3,98,4
2014,l,"Asamura, Hideto",501,120,47,6,100,14
2014,l,"Fujiwara, Ryohei",4,0,0,0,4,0
2014,l,"Hayashizaki, Ryo",44,10,4,0,6,0
2014,l,"Hoshi, Takanori",13,1,0,0,3,0
2014,l,"Ishikawa, Mitsugu",11,0,0,1,2,0
2014,l,"Kaneko, Yuji",272,60,14,2,48,2
2014,l,"Kikuchi, Yusei",4,0,0,0,2,0
2014,l,"Kimura, Fumikazu",330,61,20,3,112,10
2014,l,"Kishi, Takayuki",5,0,0,0,4,0
2014,l,"Kumashiro, Masato",140,25,19,0,29,0
2014,l,"Kuriyama, Takumi",642,153,96,3,100,3
2014,l,"Makita, Kazuhisa",4,0,0,0,3,0
2014,l,"Mejia, Ernesto",450,115,45,6,156,34
2014,l,"Mori, Tomoya",92,22,12,0,22,6
2014,l,"Morimoto, Hichori",173,37,16,1,42,0
2014,l,"Nagae, Kyohei",100,16,5,0,31,0
2014,l,"Nakamura, Takeya",466,98,79,2,124,34
2014,l,"Nogami, Ryoma",5,0,0,0,4,0
2014,l,"Okada, Masatoshi",36,6,0,1,7,0
2014,l,"Onizaki, Yuji",96,19,8,0,29,0
2014,l,"Osaki, Yutaro",113,25,5,1,14,1
2014,l,"Ransom, Cody",138,25,18,1,49,2
2014,l,"Saito, Shogo",127,24,14,0,42,2
2014,l,"Sumitani, Ginjiro",423,77,17,2,74,7
2014,l,"Takeyama, Shingo",1,0,0,0,1,0
2014,l,"Togame, Ken",1,0,0,0,1,0
2014,l,"Uemoto, Tatsuyuki",30,4,3,0,8,0
2014,l,"Umeda, Naomichi",12,2,1,0,3,1
2014,l,"Wakiya, Ryota",233,54,15,2,45,2
2014,l,"Watanabe, Naoto",429,91,32,11,46,0
2014,l,"Yamakawa, Hotaka",34,3,4,0,10,2
2014,l,"Yamasaki, Koji",35,8,0,0,5,1
2014,l,"Yoneno, Tomohito",21,4,0,0,4,0
2014,m,"Aomatsu, Keiyo",5,1,0,0,1,0
2014,m,"Brazell, Craig",91,21,14,1,18,4
2014,m,"Cruz, Luis",478,108,18,2,47,16
2014,m,"Despaigne, Alfredo",182,50,16,2,36,12
2014,m,"Emura, Naoya",61,11,3,0,12,0
2014,m,"Fujioka, Takahiro",4,0,0,0,2,0
2014,m,"Fukuura, Kazuya",106,26,12,2,14,0
2014,m,"Furuya, Takuya",3,1,0,0,1,0
2014,m,"Hayasaka, Keisuke",6,1,0,0,0,1
2014,m,"Hosoya, Kei",39,7,3,1,8,0
2014,m,"Huffman, Chad",210,50,20,4,51,4
2014,m,"Iguchi, Tadahito",408,85,40,8,74,10
2014,m,"Imae, Toshiaki",478,120,23,5,43,10
2014,m,"Inoue, Seiya",104,20,6,2,23,2
2014,m,"Ishikawa, Ayumu",4,1,0,0,3,0
2014,m,"Ishimine, Shota",138,26,11,1,18,1
2014,m,"Kakunaka, Katsuya",544,125,76,6,66,8
2014,m,"Kanazawa, Takeshi",96,26,7,0,21,1
2014,m,"Kato, Shohei",342,81,8,4,71,3
2014,m,"Kawamoto, Ryohei",41,6,0,0,8,2
2014,m,"Kiyota, Ikuhiro",59,8,8,2,16,4
2014,m,"Miki, Ryo",20,3,1,0,5,0
2014,m,"Naruse, Yoshihisa",2,0,0,0,2,0
2014,m,"Nemoto, Shunichi",224,39,15,1,55,2
2014,m,"Ogino, Takashi",155,37,8,0,14,3
2014,m,"Okada, Yoshifumi",249,61,14,1,32,0
2014,m,"Omatsu, Shoitsu",90,15,7,1,12,2
2014,m,"Omine, Shota",26,5,1,0,6,2
2014,m,"Omura, Saburo",249,54,27,1,60,4
2014,m,"Otani, Tomohisa",3,0,0,0,2,0
2014,m,"Satozaki, Tomoya",41,9,3,1,6,0
2014,m,"Suzuki, Daichi",610,153,45,6,57,3
2014,m,"Takahama, Takuya",78,16,6,0,11,0
2014,m,"Tamura, Tatsuhiro",148,20,10,1,27,0
2014,m,"Ueno, Hiroki",1,0,0,0,1,0
2014,m,"Wakui, Hideaki",6,0,0,0,1,0
2014,m,"Yoshida, Yuta",132,27,2,1,38,2
2014,s,"Abe, Kenta",1,0,0,0,0,0
2014,s,"Aikawa, Ryoji",207,48,9,2,31,2
2014,s,"Akagawa, Katsuki",2,0,0,0,0,0
2014,s,"Akiyoshi, Ryo",4,1,0,0,0,0
2014,s,"Arakaki, Nagisa",2,0,0,0,1,0
2014,s,"Araki, Takahiro",168,41,16,1,25,2
2014,s,"Balentien, Wladimir",446,110,75,2,95,31
2014,s,"Emura, Masaya",1,0,0,0,1,0
2014,s,"Fujii, Ryota",7,0,1,0,3,0
2014,s,"Furuno, Masato",18,1,0,0,10,0
2014,s,"Hatakeyama, Kazuhiro",464,131,36,2,54,17
2014,s,"Hiyane, Wataru",142,29,5,1,21,0
2014,s,"Iihara, Yasushi",244,68,14,1,29,4
2014,s,"Imanami, Takahiro",41,8,3,0,4,0
2014,s,"Ishikawa, Masanori",56,9,1,0,15,0
2014,s,"Ishiyama, Taichi",32,3,1,0,13,0
2014,s,"Iwamura, Akinori",79,18,4,1,21,1
2014,s,"Kawabata, Shingo",637,177,43,3,62,10
2014,s,"Kawasaki, Nariaki",14,3,1,0,0,0
2014,s,"Kawashima, Keizo",36,7,7,1,6,0
2014,s,"Kiya, Ryohei",19,3,0,0,5,0
2014,s,"Matsui, Jun",26,6,1,0,8,0
2014,s,"Matsumoto, Yuichi",89,24,5,0,6,0
2014,s,"Matsuoka, Kenichi",4,0,0,0,2,0
2014,s,"Milledge, Lastings",47,9,6,0,6,1
2014,s,"Miwa, Masayoshi",22,5,1,0,2,0
2014,s,"Morioka, Ryosuke",326,83,15,3,39,2
2014,s,"Muranaka, Kyohei",12,2,1,0,5,0
2014,s,"Nakamura, Yuhei",365,97,26,4,51,5
2014,s,"Narveson, Chris",44,5,0,0,12,0
2014,s,"Nishida, Akihisa",22,5,1,1,4,1
2014,s,"Nishiura, Naomichi",36,5,4,0,6,1
2014,s,"Noguchi, Yoshiyuki",44,12,1,0,11,0
2014,s,"Ogawa, Yasuhiro",40,1,1,0,17,0
2014,s,"Oshimoto, Takehiko",1,0,1,0,0,0
2014,s,"Shichijo, Yuki",5,0,0,0,3,0
2014,s,"Sugiura, Toshihiro",8,1,0,0,4,0
2014,s,"Takai, Yuhei",597,173,48,1,103,23
2014,s,"Takeuchi, Shinichi",125,27,12,0,18,4
2014,s,"Tanaka, Hiroyasu",111,25,8,0,15,3
2014,s,"Tokuyama, Takeaki",4,0,0,0,3,0
2014,s,"Ueda, Tsuyoshi",292,53,18,3,45,2
2014,s,"Yachi, Ryota",99,17,4,1,14,1
2014,s,"Yagi, Ryosuke",28,1,0,0,11,0
2014,s,"Yamada, Tetsuto",685,193,74,8,95,29
2014,s,"Yamanaka, Hirofumi",1,0,0,0,1,0
2014,t,"Akiyama, Takumi",2,0,0,0,0,0
2014,t,"Arai, Ryota",196,51,17,3,48,7
2014,t,"Arai, Takahiro",194,43,15,2,33,3
2014,t,"Araki, Fumiya",9,1,0,0,2,0
2014,t,"Enokida, Daiki",8,1,0,0,3,0
2014,t,"Fujii, Akihito",73,14,7,0,10,0
2014,t,"Fujikawa, Shunsuke",119,21,10,1,12,1
2014,t,"Fujinami, Shintaro",58,9,0,0,30,1
2014,t,"Fukudome, Kosuke",367,79,47,1,48,9
2014,t,"Futagami, Kazuhito",1,0,0,0,0,0
2014,t,"Gomez, Mauro",616,152,67,8,166,26
2014,t,"Imanari, Ryota",362,86,18,3,48,4
2014,t,"Ito, Hayata",131,35,7,1,26,2
2014,t,"Iwasada, Yuta",9,0,0,0,6,0
2014,t,"Iwata, Minoru",43,4,1,0,18,0
2014,t,"Iwazaki, Suguru",27,4,0,0,15,0
2014,t,"Kaneda, Kazuyuki",6,1,0,0,2,0
2014,t,"Kano, Keisuke",26,7,0,0,2,1
2014,t,"Maeda, Yamato",481,105,28,4,52,1
2014,t,"Messenger, Randy",70,7,2,0,37,0
2014,t,"Murton, Matt",591,180,46,7,64,14
2014,t,"Nishioka, Tsuyoshi",46,9,7,0,6,0
2014,t,"Nomi, Atsushi",62,7,4,0,22,0
2014,t,"Ogata, Ryosuke",69,14,8,2,14,2
2014,t,"Oh, Seung-Hwan",2,1,0,0,1,0
2014,t,"Saiuchi, Hiroaki",5,0,0,0,0,0
2014,t,"Saka, Katsuhiko",78,13,10,0,21,0
2014,t,"Sekimoto, Kentaro",66,13,13,1,16,1
2014,t,"Shibata, Kohei",40,7,1,0,7,0
2014,t,"Shimizu, Takashi",32,3,2,1,8,0
2014,t,"Tagami, Kenichi",43,9,3,0,7,0
2014,t,"Toritani, Takashi",644,172,87,2,80,8
2014,t,"Tsuru, Naoto",3,1,0,0,0,0
2014,t,"Tsuruoka, Kazunari",163,34,3,1,30,0
2014,t,"Uemoto, Hiroki",600,142,70,6,97,7
2014,t,"Umeno, Ryutaro",265,49,10,2,78,7
2015,c,"Abe, Tomohiro",74,17,1,0,6,0
2015,c,"Aizawa, Tsubasa",290,62,26,7,49,6
2015,c,"Akamatsu, Masato",9,2,0,0,2,0
2015,c,"Amaya, Soichiro",34,6,6,0,7,0
2015,c,"Arai, Takahiro",480,117,48,2,73,7
2015,c,"Dobayashi, Shota",73,18,3,0,16,0
2015,c,"Eldred, Brad",300,60,31,1,91,19
2015,c,"Fukui, Yuya",41,1,1,0,22,0
2015,c,"Guzman, Jesus",116,23,15,1,25,3
2015,c,"Imai, Keisuke",2,0,0,0,1,0
2015,c,"Imamura, Takeru",1,0,0,0,0,0
2015,c,"Ishihara, Yoshiyuki",238,52,14,0,42,2
2015,c,"Iwamoto, Takahiro",10,3,0,0,1,0
2015,c,"Johnson, Kris",64,9,2,0,29,0
2015,c,"Kikuchi, Ryosuke",644,143,29,2,92,8
2015,c,"Kimura, Shogo",109,25,5,0,22,0
2015,c,"Kokubo, Tetsuya",88,21,15,0,18,1
2015,c,"Kuri, Aren",2,0,0,0,2,0
2015,c,"Kuroda, Hiroki",56,3,3,0,25,0
2015,c,"Maeda, Kenta",73,12,2,0,25,1
2015,c,"Maru, Yoshihiro",633,132,94,1,143,19
2015,c,"Matsuyama, Ryuhei",229,56,23,1,30,7
2015,c,"Mima, Yuki",3,0,0,0,1,0
2015,c,"Nakahigashi, Naoki",4,0,0,0,1,0
2015,c,"Nakamura, Kyohei",1,0,0,0,1,0
2015,c,"Noma, Takayoshi",188,41,10,1,37,1
2015,c,"Nomura, Yusuke",27,0,1,0,12,0
2015,c,"Osera, Daichi",23,0,1,0,13,0
2015,c,"Rosario, Rainel",136,32,11,1,23,2
2015,c,"Schierholtz, Nate",248,58,14,2,67,10
2015,c,"Shimozuru, Ko",10,2,0,0,3,0
2015,c,"Soyogi, Eishin",332,67,36,1,49,6
2015,c,"Suzuki, Seiya",238,58,16,2,38,5
2015,c,"Tanaka, Kosuke",590,149,34,7,105,8
2015,c,"Toda, Takaya",12,1,0,0,6,0
2015,c,"Yabuta, Kazuki",8,0,0,0,5,0
2015,d,"Akada, Ryuichiro",1,0,0,0,0,0
2015,d,"Akasaka, Kazuyuki",49,14,6,0,8,0
2015,d,"Araki, Masahiro",238,53,20,0,31,0
2015,d,"Donoue, Naomichi",43,6,4,0,8,1
2015,d,"Endo, Issei",165,38,11,7,25,4
2015,d,"Fujii, Atsushi",315,81,23,2,69,6
2015,d,"Fukuda, Nobumasa",185,41,14,0,62,6
2015,d,"Fukutani, Koji",1,0,0,0,0,0
2015,d,"Hamada, Tatsuro",5,0,0,0,2,0
2015,d,"Hernandez, Anderson",548,135,35,0,106,11
2015,d,"Hirata, Ryosuke",559,139,64,3,86,13
2015,d,"Iryo, Masataka",7,0,0,0,3,0
2015,d,"Ito, Junki",2,0,0,0,1,0
2015,d,"Iwata, Shinji",2,0,0,0,2,0
2015,d,"Kamezawa, Kyohei",376,89,15,2,44,0
2015,d,"Katsura, Iori",113,24,3,0,33,2
2015,d,"Kawai, Yudai",5,0,0,0,3,0
2015,d,"Kudo, Takahito",7,1,1,0,3,0
2015,d,"Luna, Hector",564,145,57,5,77,8
2015,d,"Matsui, Masato",146,18,5,2,43,0
2015,d,"Matsui, Yusuke",32,6,0,0,6,0
2015,d,"Morino, Masahiko",252,54,37,3,38,0
2015,d,"Muto, Yuta",6,0,0,0,1,0
2015,d,"Nanita, Ricardo",169,48,9,2,24,0
2015,d,"Naylor, Drew",17,1,1,0,9,1
2015,d,"Nomoto, Kei",16,2,2,0,6,0
2015,d,"Ogasawara, Michihiro",59,15,7,0,10,0
2015,d,"Oguma, Ryosuke",10,0,1,0,5,0
2015,d,"Okada, Toshiya",1,0,0,0,0,0
2015,d,"Ono, Yudai",69,7,1,0,30,0
2015,d,"Oshima, Yohei",620,147,39,5,65,6
2015,d,"Sugiyama, Shota",161,28,3,2,33,3
2015,d,"Suzuki, Shota",1,0,0,0,0,0
2015,d,"Takahashi, Shuhei",172,32,16,1,42,4
2015,d,"Takeyama, Shingo",27,2,4,0,8,0
2015,d,"Tani, Tetsuya",1,0,0,0,0,0
2015,d,"Tanishige, Motonobu",52,13,3,0,9,1
2015,d,"Tomonaga, Shota",20,1,1,0,7,0
2015,d,"Valdes, Raul",45,6,0,0,13,0
2015,d,"Wada, Kazuhiro",234,65,14,2,40,5
2015,d,"Wakamatsu, Shunta",47,3,2,0,24,0
2015,d,"Yagi, Tomoya",17,2,1,0,3,0
2015,d,"Yamai, Daisuke",38,4,1,0,15,0
2015,d,"Yoshimi, Kazuki",17,2,1,0,6,0
2015,db,"Abe, Tateki",1,0,0,0,1,0
2015,db,"Akahori, Daichi",1,0,0,0,1,0
2015,db,"Aranami, Sho",207,56,16,1,26,4
2015,db,"Baldiris, Aarom",525,120,43,12,62,13
2015,db,"Goto, Taketoshi",76,14,8,0,17,4
2015,db,"Herrera, Yoslan",1,0,0,0,1,0
2015,db,"Hirata, Shingo",1,0,0,0,1,0
2015,db,"Ide, Shotaro",102,25,3,0,28,4
2015,db,"Ino, Shoichi",42,4,0,0,18,0
2015,db,"Ishida, Kenta",24,1,0,0,8,0
2015,db,"Ishikawa, Takehiro",375,89,16,7,82,1
2015,db,"Kaga, Shigeru",1,0,0,0,0,0
2015,db,"Kajitani, Takayuki",578,143,54,0,132,13
2015,db,"Kosugi, Yota",3,0,0,0,3,0
2015,db,"Kubo, Yasutomo",34,2,1,0,17,0
2015,db,"Kuniyoshi, Yuki",1,0,0,0,1,0
2015,db,"Kuramoto, Toshihiko",265,51,10,2,60,2
2015,db,"Kurobane, Toshiki",149,23,11,0,32,1
2015,db,"Kuwahara, Masayuki",116,19,5,0,26,1
2015,db,"Lopez, Jose",565,150,44,2,82,25
2015,db,"Matsui, Hyuma",135,26,3,1,23,1
2015,db,"Matsumoto, Keijiro",85,20,7,0,19,1
2015,db,"Minei, Hiroki",208,44,12,5,46,5
2015,db,"Mishima, Kazuki",30,3,0,0,10,0
2015,db,"Miura, Daisuke",31,4,0,0,7,0
2015,db,"Miyazaki, Toshiro",163,44,6,4,21,1
2015,db,"Moscoso, Guillermo",15,3,0,0,6,0
2015,db,"Otosaka, Tomo",138,28,9,0,25,3
2015,db,"Sekine, Taiki",159,32,8,0,22,1
2015,db,"Shimozono, Tatsuya",84,21,8,0,14,1
2015,db,"Shirasaki, Hiroyuki",238,46,11,1,45,6
2015,db,"Suda, Kota",11,1,1,0,3,0
2015,db,"Sunada, Yoshiki",24,2,0,0,13,0
2015,db,"Takahashi, Hisanori",1,0,1,0,0,0
2015,db,"Takajo, Shuto",148,26,8,4,32,1
2015,db,"Takasaki, Kentaro",10,2,1,0,3,0
2015,db,"Tamura, Hitoshi",8,1,1,0,1,0
2015,db,"Tsutsugo, Yoshitomo",568,157,68,2,98,24
2015,db,"Uchimura, Kensuke",46,7,2,0,9,0
2015,db,"Yamaguchi, Shun",33,0,0,0,17,0
2015,db,"Yamashita, Koki",43,10,0,0,12,0
2015,db,"Yamazaki, Noriharu",34,3,3,0,12,0
2015,db,"Yanagida, Shigeo",49,9,1,2,11,0
2015,e,"Abe, Toshihito",110,20,2,1,21,0
2015,e,"Akaminai, Ginji",354,95,30,1,19,1
2015,e,"Enomoto, Aoi",19,1,1,0,5,0
2015,e,"Fernando, Luciano",84,15,6,0,25,1
2015,e,"Fujita, Kazuya",451,106,28,8,30,5
2015,e,"Fukuda, Masayoshi",210,40,13,3,45,1
2015,e,"Goto, Mitsutaka",444,98,12,5,48,9
2015,e,"Hijirisawa, Ryo",288,65,23,2,68,0
2015,e,"Ishimine, Tadashi",149,32,12,1,36,3
2015,e,"Ito, Ryota",23,6,0,1,5,2
2015,e,"Iwasaki, Tatsuro",42,10,2,0,12,0
2015,e,"Karashima, Wataru",2,0,0,0,1,0
2015,e,"Kikuchi, Yasunori",5,1,0,0,1,0
2015,e,"Kitagawa, Rintaro",86,17,6,0,19,0
2015,e,"Kosai, Yusuke",47,6,3,0,14,0
2015,e,"Koseki, Shota",78,11,3,1,12,1
2015,e,"Makida, Akihisa",172,47,14,3,14,1
2015,e,"Masuda, Shintaro",94,19,12,0,24,2
2015,e,"Matsui, Kazuo",501,114,43,3,82,10
2015,e,"Mima, Manabu",4,0,0,0,3,0
2015,e,"Miyoshi, Takumi",33,6,1,1,9,0
2015,e,"Moriyama, Makoto",21,3,2,0,4,0
2015,e,"Murillo, Agustin",37,10,5,0,3,0
2015,e,"Nakagawa, Taishi",206,44,12,4,60,5
2015,e,"Nishida, Tetsuro",183,37,11,0,44,1
2015,e,"Nishimura, Wataru",1,1,0,0,0,0
2015,e,"Norimoto, Takahiro",2,0,0,0,1,0
2015,e,"Okajima, Takero",155,23,12,0,15,1
2015,e,"Oyama, Keiji",6,0,0,0,2,0
2015,e,"Pena, Wily Mo",492,109,70,16,111,17
2015,e,"Ray, Kenny",3,0,0,0,2,0
2015,e,"Sanchez, Gaby",232,45,27,4,40,7
2015,e,"Shima, Motohiro",411,74,60,1,69,4
2015,e,"Shimauchi, Hiroaki",81,15,4,0,6,0
2015,e,"Shiomi, Takahiro",4,0,0,0,1,0
2015,e,"Wheeler, Zelous",313,70,30,6,63,14
2015,e,"Yamasaki, Koji",80,10,1,0,12,0
2015,f,"Arihara, Kohei",1,0,0,0,1,0
2015,f,"Asama, Daiki",140,37,5,0,29,0
2015,f,"Garate, Victor",1,0,0,0,0,0
2015,f,"Hermida, Jeremy",192,35,24,2,60,1
2015,f,"Ichikawa, Tomoya",120,24,6,1,30,2
2015,f,"Iiyama, Yuji",29,6,1,0,6,0
2015,f,"Ishikawa, Ryo",31,6,1,0,9,0
2015,f,"Ishikawa, Shingo",99,18,9,1,11,2
2015,f,"Kita, Atsushi",1,0,0,0,1,0
2015,f,"Kondo, Kensuke",504,142,59,2,59,8
2015,f,"Laird, Brandon",554,115,43,9,129,34
2015,f,"Matsumoto, Go",14,2,1,0,5,0
2015,f,"Mendoza, Luis",5,0,0,0,3,0
2015,f,"Nakashima, Takuya",617,136,66,2,93,0
2015,f,"Nakata, Sho",611,142,64,1,120,30
2015,f,"Nishikawa, Haruki",521,122,60,4,98,5
2015,f,"Oka, Hiromi",294,61,17,7,64,4
2015,f,"Ono, Shota",180,30,16,1,29,0
2015,f,"Otani, Shohei",119,22,8,0,43,5
2015,f,"Sato, Kenji",29,6,1,0,14,0
2015,f,"Shimizu, Yushi",2,0,0,0,1,0
2015,f,"Sugiya, Kenshi",192,49,9,7,28,1
2015,f,"Takahama, Yuto",2,0,0,0,0,0
2015,f,"Tanaka, Kensuke",596,151,57,1,58,4
2015,f,"Taniguchi, Yuya",124,26,14,0,25,2
2015,f,"Ugumori, Atsushi",3,0,1,0,1,0
2015,f,"Urano, Hiroshi",3,0,0,0,3,0
2015,f,"Uwasawa, Naoyuki",5,0,0,0,4,0
2015,f,"Watanabe, Ryo",13,2,0,0,4,0
2015,f,"Yano, Kenji",84,15,4,4,10,1
2015,f,"Yoh, Daikan",381,91,21,4,93,7
2015,f,"Yoshikawa, Mitsuo",2,0,0,0,0,0
2015,g,"Abe, Shinnosuke",419,83,64,8,84,15
2015,g,"Aikawa, Ryoji",114,31,12,0,16,4
2015,g,"Anderson, Leslie",260,59,21,5,37,7
2015,g,"Castellanos, Alex",22,2,2,0,11,0
2015,g,"Cepeda, Frederich",28,0,7,0,6,0
2015,g,"Chono, Hisayoshi",479,109,34,4,81,15
2015,g,"Donoue, Takehiro",104,27,4,0,20,3
2015,g,"Francisco, Juan",18,3,0,0,11,0
2015,g,"Hashimoto, Itaru",151,30,9,1,35,1
2015,g,"Ibata, Hirokazu",321,63,37,3,36,1
2015,g,"Inzen, Tomoya",2,2,0,0,0,0
2015,g,"Kamei, Yoshiyuki",432,104,40,1,59,6
2015,g,"Kataoka, Yasuyuki",411,85,25,2,36,10
2015,g,"Kato, Ken",83,18,4,0,24,0
2015,g,"Kinjo, Tatsuhiko",95,21,3,1,11,1
2015,g,"Kobayashi, Seiji",204,40,19,3,39,2
2015,g,"Koyama, Yuki",4,1,0,0,3,0
2015,g,"Matsumoto, Tetsuya",37,5,2,0,10,0
2015,g,"Mikolas, Miles",54,7,1,0,22,0
2015,g,"Murata, Shuichi",370,78,28,8,65,12
2015,g,"Nakai, Daisuke",47,9,2,1,9,0
2015,g,"Okamoto, Kazuma",31,6,2,1,4,1
2015,g,"Ota, Taishi",138,36,7,1,39,1
2015,g,"Otake, Kan",16,0,0,0,7,0
2015,g,"Poreda, Aaron",44,4,1,0,29,0
2015,g,"Sakaguchi, Masaki",3,0,0,0,0,0
2015,g,"Sakamoto, Hayato",558,129,65,0,79,12
2015,g,"Sanematsu, Kazunari",39,6,2,2,9,1
2015,g,"Sawamura, Hirokazu",1,0,0,0,1,0
2015,g,"Sugano, Tomoyuki",60,4,0,1,21,0
2015,g,"Sugiuchi, Toshiya",28,3,0,0,9,0
2015,g,"Suzuki, Takahiro",22,5,2,1,4,1
2015,g,"Taguchi, Kazuto",19,2,0,0,8,0
2015,g,"Takagi, Hayato",48,4,0,0,21,0
2015,g,"Takagi, Kyosuke",2,0,0,0,1,0
2015,g,"Takahashi, Yoshinobu",158,37,20,4,39,5
2015,g,"Tateoka, Soichiro",367,103,18,4,61,0
2015,g,"Terauchi, Takayuki",29,6,0,1,6,0
2015,g,"Tsuji, Harutomo",4,0,1,0,0,0
2015,g,"Utsumi, Tetsuya",8,0,0,0,3,0
2015,g,"Yano, Kenji",14,1,0,0,3,0
2015,g,"Yoshikawa, Daiki",60,14,2,0,15,0
2015,h,"Akashi, Kenji",394,90,31,5,64,3
2015,h,"Canizares, Barbaro",36,11,3,0,5,1
2015,h,"Egawa, Tomoaki",37,7,2,0,11,1
2015,h,"Fukuda, Shuhei",183,39,12,0,35,1
2015,h,"Hasegawa, Yuya",96,19,11,0,27,5
2015,h,"Honda, Yuichi",174,36,9,1,36,0
2015,h,"Hosokawa, Toru",114,11,9,0,37,0
2015,h,"Hosoyamada, Takeshi",8,1,1,0,0,0
2015,h,"Imamiya, Kenta",530,104,34,0,83,7
2015,h,"Inomoto, Kentaro",2,0,0,0,1,0
2015,h,"Kaneko, Keisuke",4,2,0,0,1,0
2015,h,"Kawashima, Keizo",194,43,22,3,29,2
2015,h,"Lee, Dae-Ho",584,144,62,9,109,31
2015,h,"Makihara, Taisei",51,7,0,1,4,0
2015,h,"Matsuda, Nobuhiro",603,153,60,2,135,35
2015,h,"Matsunaka, Nobuhiko",16,1,1,0,9,0
2015,h,"Nakamura, Akira",590,152,66,6,47,1
2015,h,"Nakata, Kenichi",7,3,0,0,4,0
2015,h,"Niho, Akira",1,0,0,0,1,0
2015,h,"Otonari, Kenji",4,0,0,0,4,0
2015,h,"Settsu, Tadashi",3,0,0,0,2,0
2015,h,"Standridge, Jason",3,0,0,0,3,0
2015,h,"Takata, Tomoki",175,37,12,0,43,1
2015,h,"Takaya, Hiroaki",192,30,13,0,31,1
2015,h,"Takeda, Shota",6,1,0,0,3,0
2015,h,"Terahara, Hayato",3,1,0,0,1,0
2015,h,"Tsukada, Masayoshi",12,2,0,0,2,1
2015,h,"Tsuruoka, Shinya",142,25,7,0,17,1
2015,h,"Uchikawa, Seiichi",585,150,45,4,55,11
2015,h,"Uebayashi, Seiji",45,14,0,1,13,2
2015,h,"Yamashita, Ayatsugu",9,1,3,0,1,0
2015,h,"Yanagita, Yuki",605,182,88,14,101,34
2015,h,"Yoshimura, Yuki",151,28,16,5,36,3
2015,l,"Akiyama, Shogo",675,216,60,4,78,14
2015,l,"Asamura, Hideto",627,145,69,12,136,13
2015,l,"Kaneko, Yuji",176,35,10,0,43,1
2015,l,"Kikuchi, Yusei",4,1,0,0,2,0
2015,l,"Kimura, Fumikazu",92,16,4,2,28,5
2015,l,"Kishi, Takayuki",2,0,0,0,0,0
2015,l,"Kumashiro, Masato",41,4,3,0,6,0
2015,l,"Kuo, Chun-Lin",3,0,0,0,2,0
2015,l,"Kuriyama, Takumi",622,143,72,5,88,10
2015,l,"Makita, Kazuhisa",2,0,0,0,2,0
2015,l,"Mejia, Ernesto",525,111,45,5,153,27
2015,l,"Mori, Tomoya",531,136,44,9,143,17
2015,l,"Morimoto, Hichori",15,0,2,0,3,0
2015,l,"Nagae, Kyohei",30,4,1,2,13,0
2015,l,"Nakamura, Takeya",599,145,68,7,172,37
2015,l,"Nakata, Shota",12,0,2,0,5,0
2015,l,"Nishiguchi, Fumiya",1,0,0,0,1,0
2015,l,"Nogami, Ryoma",6,0,0,0,4,0
2015,l,"Okada, Masatoshi",54,12,3,0,10,1
2015,l,"Onizaki, Yuji",124,21,10,0,23,0
2015,l,"Osaki, Yutaro",85,16,5,2,16,1
2015,l,"Saito, Shogo",112,25,5,4,35,2
2015,l,"Sakata, Ryo",42,6,1,0,10,0
2015,l,"Seratelli, Anthony",74,11,12,1,21,0
2015,l,"Sumitani, Ginjiro",443,84,16,4,87,4
2015,l,"Tashiro, Shotaro",7,1,0,0,4,0
2015,l,"Togame, Ken",4,0,0,0,3,0
2015,l,"Tonosaki, Shuta",110,18,6,1,30,1
2015,l,"Uemoto, Tatsuyuki",14,2,1,0,2,0
2015,l,"Wakiya, Ryota",272,69,27,1,47,3
2015,l,"Watanabe, Naoto",188,43,14,5,26,0
2015,l,"Yamakawa, Hotaka",1,1,0,0,0,0
2015,l,"Yoneno, Tomohito",4,0,0,0,1,0
2015,m,"Aomatsu, Keiyo",20,3,0,0,7,1
2015,m,"Cruz, Luis",532,128,24,2,66,16
2015,m,"Despaigne, Alfredo",409,91,49,4,89,18
2015,m,"Emura, Naoya",7,0,0,1,2,0
2015,m,"Fukuura, Kazuya",199,47,20,6,34,2
2015,m,"Hijii, Ryuzo",14,2,0,0,3,0
2015,m,"Hosoya, Kei",14,3,3,0,1,0
2015,m,"Huffman, Chad",13,1,2,0,4,0
2015,m,"Iguchi, Tadahito",250,56,21,2,65,6
2015,m,"Imae, Toshiaki",400,107,16,9,35,1
2015,m,"Inoue, Seiya",12,2,1,0,1,0
2015,m,"Ishikawa, Ayumu",3,0,0,0,3,0
2015,m,"Ishimine, Shota",109,25,10,0,10,0
2015,m,"Kakunaka, Katsuya",484,125,47,1,52,6
2015,m,"Karakawa, Yuki",2,0,0,0,1,0
2015,m,"Kato, Shohei",63,13,3,0,11,0
2015,m,"Kiyota, Ikuhiro",548,155,54,3,93,15
2015,m,"Masuda, Naoya",1,0,0,0,1,0
2015,m,"Miki, Ryo",29,4,0,0,5,1
2015,m,"Nakamura, Shogo",299,62,15,4,69,5
2015,m,"Nemoto, Shunichi",187,40,20,0,41,2
2015,m,"Ogino, Takashi",309,75,16,4,38,2
2015,m,"Okada, Yoshifumi",205,46,8,2,22,0
2015,m,"Omatsu, Shoitsu",53,11,3,0,12,0
2015,m,"Omine, Shota",30,3,2,1,6,0
2015,m,"Omine, Yuta",2,0,0,0,1,0
2015,m,"Omura, Saburo",52,10,6,0,14,1
2015,m,"Rhee, Dae-Eun",3,0,0,0,3,0
2015,m,"Suzuki, Daichi",564,128,47,3,58,6
2015,m,"Takahama, Takuya",45,12,1,0,11,0
2015,m,"Tamura, Tatsuhiro",365,52,33,1,69,2
2015,m,"Uematsu, Masatomo",2,0,0,0,1,0
2015,m,"Wakui, Hideaki",6,1,0,0,4,0
2015,m,"Yoshida, Yuta",131,25,9,1,26,1
2015,s,"Arakaki, Nagisa",24,4,1,0,7,0
2015,s,"Araki, Takahiro",196,43,16,1,30,2
2015,s,"Balentien, Wladimir",52,8,9,0,14,1
2015,s,"Barnette, Tony",1,0,0,0,1,0
2015,s,"Dening, Mitch",227,43,23,8,43,4
2015,s,"Fujii, Ryota",38,6,2,0,13,0
2015,s,"Furuno, Masato",14,1,2,0,6,0
2015,s,"Hatakeyama, Kazuhiro",584,137,62,2,92,26
2015,s,"Hiyane, Wataru",240,48,17,4,38,3
2015,s,"Iihara, Yasushi",34,7,1,0,9,0
2015,s,"Imanami, Takahiro",139,39,12,0,14,2
2015,s,"Ishikawa, Masanori",47,7,2,0,13,0
2015,s,"Ishiyama, Taichi",33,0,0,0,13,0
2015,s,"Kawabata, Shingo",632,195,43,3,72,8
2015,s,"Kawasaki, Nariaki",12,1,1,0,1,0
2015,s,"Matsui, Jun",13,2,0,1,3,0
2015,s,"Matsumoto, Yuichi",51,8,3,0,5,0
2015,s,"Milledge, Lastings",81,16,5,0,16,1
2015,s,"Miwa, Masayoshi",102,20,9,0,23,0
2015,s,"Morioka, Ryosuke",125,21,8,1,22,1
2015,s,"Nakamura, Yuhei",502,102,40,4,80,2
2015,s,"Naruse, Yoshihisa",26,4,0,0,8,0
2015,s,"Nishida, Akihisa",40,5,3,0,11,1
2015,s,"Nishiura, Naomichi",48,13,3,0,12,1
2015,s,"Obiki, Keiji",347,70,27,1,56,5
2015,s,"Ogawa, Yasuhiro",57,5,4,0,24,1
2015,s,"Roman, Orlando",5,0,0,0,0,0
2015,s,"Sugiura, Toshihiro",12,0,0,0,7,0
2015,s,"Takai, Yuhei",585,149,27,3,82,8
2015,s,"Takeuchi, Shinichi",71,13,4,0,15,0
2015,s,"Tanaka, Hiroyasu",151,27,11,2,18,1
2015,s,"Tanaka, Masahiko",4,0,0,0,1,0
2015,s,"Tateyama, Shohei",20,3,2,0,9,1
2015,s,"Tokuyama, Takeaki",3,0,1,0,1,0
2015,s,"Ueda, Tsuyoshi",238,55,14,2,29,1
2015,s,"Yachi, Ryota",6,3,0,0,1,0
2015,s,"Yagi, Ryosuke",2,0,0,0,1,0
2015,s,"Yamada, Tetsuto",646,183,81,5,111,38
2015,s,"Yamanaka, Hirofumi",15,2,0,0,8,0
2015,t,"Akiyama, Takumi",5,0,0,0,2,0
2015,t,"Arai, Ryota",162,29,10,1,41,4
2015,t,"Araki, Fumiya",41,7,3,1,7,0
2015,t,"Egoshi, Taiga",176,36,6,2,64,5
2015,t,"Fujii, Akihito",159,23,21,0,20,0
2015,t,"Fujikawa, Shunsuke",126,25,9,2,20,0
2015,t,"Fujinami, Shintaro",69,8,2,0,31,0
2015,t,"Fukudome, Kosuke",569,139,65,1,75,20
2015,t,"Gomez, Mauro",601,141,72,6,134,17
2015,t,"Hojo, Fumiya",1,0,0,0,0,0
2015,t,"Imanari, Ryota",304,76,24,2,78,1
2015,t,"Ito, Hayata",150,34,11,0,31,2
2015,t,"Iwamoto, Akira",9,0,1,0,3,0
2015,t,"Iwasada, Yuta",6,0,0,0,4,0
2015,t,"Iwata, Minoru",60,5,0,0,23,0
2015,t,"Iwazaki, Suguru",28,4,0,0,8,0
2015,t,"Kano, Keisuke",93,23,4,4,12,3
2015,t,"Komiyama, Shinji",6,0,0,0,1,0
2015,t,"Kuwahara, Kentaro",1,0,0,0,0,0
2015,t,"Maeda, Yamato",293,56,12,4,35,0
2015,t,"Matsuda, Ryoma",1,1,0,0,0,0
2015,t,"Messenger, Randy",59,5,0,0,15,0
2015,t,"Morikoshi, Yuto",8,0,1,0,3,0
2015,t,"Murton, Matt",583,150,31,3,77,9
2015,t,"Nakatani, Masahiro",11,2,0,0,3,0
2015,t,"Nishioka, Tsuyoshi",196,45,22,1,21,2
2015,t,"Nomi, Atsushi",59,7,1,0,27,0
2015,t,"Okazaki, Taichi",1,0,0,0,0,0
2015,t,"Perez, Nelson",10,0,1,0,3,0
2015,t,"Saka, Katsuhiko",46,7,3,1,13,0
2015,t,"Santiago, Mario",5,0,0,0,2,0
2015,t,"Sekimoto, Kentaro",54,11,8,3,10,0
2015,t,"Shibata, Kohei",49,8,3,1,15,0
2015,t,"Tagami, Kenichi",1,0,0,0,0,0
2015,t,"Toritani, Takashi",646,155,89,1,77,6
2015,t,"Tsuru, Naoto",1,0,0,0,1,0
2015,t,"Tsuruoka, Kazunari",179,35,15,0,43,1
2015,t,"Uemoto, Hiroki",452,95,44,4,69,4
2015,t,"Umeno, Ryutaro",149,33,6,1,33,4
2015,t,"Yamamoto, Shoya",2,0,0,0,0,0
2015,t,"Yokoyama, Yuya",2,0,0,0,0,0
2016,c,"Abe, Tomohiro",292,73,19,1,64,6
2016,c,"Aizawa, Tsubasa",220,47,14,4,42,7
2016,c,"Akamatsu, Masato",21,7,2,0,4,0
2016,c,"Amaya, Soichiro",96,14,13,2,16,1
2016,c,"Arai, Takahiro",513,136,54,1,101,19
2016,c,"Dobayashi, Shota",60,14,3,0,11,2
2016,c,"Eldred, Brad",354,93,31,4,86,21
2016,c,"Fukui, Yuya",27,2,0,0,16,0
2016,c,"Funakoshi, Ryota",1,1,0,0,0,0
2016,c,"Habu, Shohei",9,1,1,0,1,0
2016,c,"Hagens, Bradin",14,2,0,0,2,0
2016,c,"Hirose, Jun",1,0,0,0,0,0
2016,c,"Horie, Atsuya",2,0,0,0,1,0
2016,c,"Ishihara, Yoshiyuki",289,49,29,4,54,0
2016,c,"Isomura, Yoshitaka",32,5,1,0,5,0
2016,c,"Iwamoto, Takahiro",22,7,1,0,8,0
2016,c,"Johnson, Kris",66,6,1,0,20,0
2016,c,"Kikuchi, Ryosuke",640,181,40,0,106,13
2016,c,"Kokubo, Tetsuya",107,20,11,3,23,2
2016,c,"Kuri, Aren",21,1,0,0,11,0
2016,c,"Kuroda, Hiroki",52,4,2,0,21,0
2016,c,"Luna, Hector",268,66,22,1,47,5
2016,c,"Maru, Yoshihiro",652,162,84,7,107,20
2016,c,"Matsuyama, Ryuhei",275,74,20,0,29,10
2016,c,"Nakamura, Kyohei",10,1,0,0,6,0
2016,c,"Nakaoshi, Oscar",1,0,0,0,1,0
2016,c,"Nishikawa, Ryoma",58,15,4,0,9,0
2016,c,"Noma, Takayoshi",25,7,0,0,3,0
2016,c,"Nomura, Yusuke",54,7,2,0,15,0
2016,c,"Okada, Akitake",29,2,0,0,13,0
2016,c,"Shimozuru, Ko",116,26,12,0,26,5
2016,c,"Shoji, Hayato",2,0,0,0,1,0
2016,c,"Soyogi, Eishin",12,0,3,0,0,0
2016,c,"Suzuki, Seiya",528,156,53,3,79,29
2016,c,"Tanaka, Kosuke",679,154,77,17,119,13
2016,c,"Toda, Takaya",15,4,0,0,7,0
2016,c,"Yabuta, Kazuki",7,1,0,0,3,0
2016,c,"Yokoyama, Hiroki",12,0,1,0,6,0
2016,d,"Abe, Toshiki",53,9,2,0,10,1
2016,d,"Akada, Ryuichiro",1,0,0,0,0,0
2016,d,"Akasaka, Kazuyuki",10,0,0,0,2,0
2016,d,"Araki, Masahiro",321,71,15,3,39,1
2016,d,"Donoue, Naomichi",507,116,27,2,69,6
2016,d,"Endo, Issei",71,11,5,2,11,0
2016,d,"Fujii, Atsushi",187,36,12,0,45,3
2016,d,"Fuku, Hiroto",4,1,0,0,3,0
2016,d,"Fukuda, Nobumasa",306,72,28,6,42,10
2016,d,"Hamada, Tatsuro",1,0,0,0,0,0
2016,d,"Hernandez, Anderson",256,58,17,0,61,5
2016,d,"Hirata, Ryosuke",494,103,72,2,89,14
2016,d,"Iryo, Masataka",31,6,0,0,7,1
2016,d,"Ishikawa, Shun",6,0,0,0,2,0
2016,d,"Ito, Junki",5,0,0,0,4,0
2016,d,"Kamezawa, Kyohei",137,28,8,0,20,0
2016,d,"Kato, Takuma",1,0,0,0,0,0
2016,d,"Katsura, Iori",164,26,11,2,38,3
2016,d,"Kinoshita, Takuya",19,5,1,0,6,1
2016,d,"Kondo, Hiroki",49,8,3,1,13,2
2016,d,"Kudo, Takahito",72,19,4,3,14,0
2016,d,"Matsui, Masato",7,1,0,0,4,0
2016,d,"Matsui, Yusuke",21,4,0,0,8,0
2016,d,"Mitsumata, Taiki",19,2,1,0,4,0
2016,d,"Mizowaki, Hayato",3,0,0,0,0,0
2016,d,"Morino, Masahiko",170,38,26,2,24,1
2016,d,"Nanita, Ricardo",340,91,15,2,52,8
2016,d,"Naylor, Drew",15,3,1,0,3,0
2016,d,"Nomoto, Kei",55,8,4,0,13,0
2016,d,"Norberto, Jordan",41,2,0,0,20,0
2016,d,"Ogasawara, Shinnosuke",17,3,0,0,8,0
2016,d,"Oguma, Ryosuke",19,3,1,0,9,0
2016,d,"Ono, Yudai",39,3,0,0,21,0
2016,d,"Oshima, Yohei",656,175,46,6,69,3
2016,d,"Sato, Yu",5,0,0,0,5,0
2016,d,"Septimo, Leyson",2,0,0,0,0,0
2016,d,"Sobue, Daisuke",1,0,0,0,1,0
2016,d,"Sugiyama, Shota",311,70,30,3,60,3
2016,d,"Takahashi, Shuhei",283,64,22,4,84,4
2016,d,"Takeyama, Shingo",5,0,1,0,2,0
2016,d,"Tani, Tetsuya",91,17,8,0,16,0
2016,d,"Tomonaga, Shota",10,2,0,0,4,0
2016,d,"Valdes, Raul",39,4,2,0,14,1
2016,d,"Viciedo, Dayan",471,114,44,8,68,22
2016,d,"Wakamatsu, Shunta",35,2,1,0,12,0
2016,d,"Yagi, Tomoya",2,1,0,0,0,0
2016,d,"Yamai, Daisuke",12,0,1,0,7,0
2016,d,"Yoshimi, Kazuki",41,4,2,0,18,0
2016,db,"Aranami, Sho",96,17,7,1,17,0
2016,db,"Goto, Taketoshi",30,6,7,0,9,1
2016,db,"Herrera, Elian",274,56,13,1,57,5
2016,db,"Ide, Shotaro",29,7,1,0,5,1
2016,db,"Imanaga, Shota",43,5,2,0,13,0
2016,db,"Ino, Shoichi",48,6,1,0,14,0
2016,db,"Ishida, Kenta",50,8,0,0,24,0
2016,db,"Ishikawa, Takehiro",329,62,18,2,67,2
2016,db,"Kajitani, Takayuki",450,108,49,4,110,18
2016,db,"Kosugi, Yota",1,0,0,0,0,0
2016,db,"Kubo, Yasutomo",30,2,0,0,16,0
2016,db,"Kubo, Yuya",1,0,0,0,1,0
2016,db,"Kumabara, Kento",5,0,0,0,3,0
2016,db,"Kuniyoshi, Yuki",1,0,0,0,1,0
2016,db,"Kuramoto, Toshihiko",566,157,22,2,98,1
2016,db,"Kuwahara, Masayuki",522,131,38,14,93,11
2016,db,"Lopez, Jose",518,127,24,4,75,34
2016,db,"Matsui, Hyuma",38,5,1,2,8,1
2016,db,"Matsumoto, Keijiro",14,2,0,1,0,0
2016,db,"Mikami, Tomoya",1,0,0,0,1,0
2016,db,"Minei, Hiroki",17,5,0,2,2,0
2016,db,"Mishima, Kazuki",8,0,0,0,5,0
2016,db,"Miura, Daisuke",6,2,0,0,2,0
2016,db,"Miyazaki, Toshiro",335,88,25,8,30,11
2016,db,"Moscoso, Guillermo",23,1,2,0,7,0
2016,db,"Nishimori, Masashi",3,0,0,0,0,0
2016,db,"Otosaka, Tomo",124,31,7,1,28,1
2016,db,"Petrick, Zach",15,2,1,0,7,0
2016,db,"Romak, James",85,8,12,1,30,0
2016,db,"Sekine, Taiki",106,20,2,2,18,0
2016,db,"Shibata, Tatsuhiro",46,8,5,0,8,0
2016,db,"Shimozono, Tatsuya",85,20,9,1,13,1
2016,db,"Shirane, Naoki",4,0,0,0,1,0
2016,db,"Shirasaki, Hiroyuki",214,42,6,3,32,6
2016,db,"Sunada, Yoshiki",16,2,0,0,8,0
2016,db,"Takajo, Shuto",103,15,8,1,31,0
2016,db,"Tobashira, Yasutaka",393,83,20,1,63,2
2016,db,"Tsutsugo, Yoshitomo",561,151,87,3,105,44
2016,db,"Yamaguchi, Shun",50,5,3,0,23,1
2016,db,"Yamashita, Koki",100,22,1,0,18,0
2016,db,"Yanagida, Shigeo",24,1,2,0,6,0
2016,e,"Abe, Toshihito",28,5,0,0,8,0
2016,e,"Adachi, Yuichi",208,42,10,0,36,1
2016,e,"Akaminai, Ginji",497,116,61,5,49,2
2016,e,"Amador, Japhet",138,34,6,0,32,9
2016,e,"Fernando, Luciano",11,2,0,0,3,0
2016,e,"Fujita, Kazuya",449,108,19,1,44,0
2016,e,"Fukuda, Masayoshi",74,12,8,0,11,2
2016,e,"Gomes, Jonny",75,11,8,2,22,1
2016,e,"Goto, Mitsutaka",138,33,4,1,30,2
2016,e,"Hijirisawa, Ryo",229,59,11,2,41,3
2016,e,"Imae, Toshiaki",351,89,25,4,30,3
2016,e,"Ishimine, Tadashi",22,3,1,0,4,0
2016,e,"Kamata, Yoshinao",5,1,0,0,2,0
2016,e,"Kawai, Takashi",2,0,0,0,0,0
2016,e,"Kawamoto, Ryohei",23,3,1,1,4,0
2016,e,"Koseki, Shota",9,0,1,0,3,0
2016,e,"Makida, Akihisa",34,11,2,0,2,0
2016,e,"Masuda, Shintaro",66,15,11,1,23,1
2016,e,"Matsui, Kazuo",179,34,17,1,42,2
2016,e,"Mima, Manabu",3,2,0,0,1,0
2016,e,"Miyoshi, Takumi",70,14,5,0,16,3
2016,e,"Mogi, Eigoro",481,118,30,4,95,7
2016,e,"Nakagawa, Taishi",80,15,5,0,21,2
2016,e,"Nishida, Tetsuro",21,2,1,0,6,1
2016,e,"Norimoto, Takahiro",4,0,1,0,2,0
2016,e,"Okajima, Takero",485,106,46,10,49,6
2016,e,"Okoye, Louis",130,22,6,2,27,1
2016,e,"Peguero, Carlos",200,51,17,0,67,10
2016,e,"Perez, Felix",93,21,5,0,29,5
2016,e,"Shima, Motohiro",256,54,40,0,43,2
2016,e,"Shimauchi, Hiroaki",388,98,33,2,48,9
2016,e,"Shiomi, Takahiro",4,0,0,0,3,0
2016,e,"Tomura, Kenji",4,0,0,0,3,0
2016,e,"Uchida, Yasuhito",58,11,4,0,27,2
2016,e,"Wheeler, Zelous",589,137,58,12,123,27
2016,e,"Yoshimochi, Ryota",37,5,3,0,6,0
2016,f,"Arihara, Kohei",4,0,0,0,3,0
2016,f,"Asama, Daiki",115,21,4,0,36,1
2016,f,"Bass, Anthony",3,0,0,0,2,0
2016,f,"Ichikawa, Tomoya",156,22,8,3,28,1
2016,f,"Iiyama, Yuji",3,1,0,0,2,0
2016,f,"Ishikawa, Shingo",28,2,0,0,5,0
2016,f,"Kondo, Kensuke",291,68,29,0,45,2
2016,f,"Laird, Brandon",598,144,44,3,138,39
2016,f,"Matsumoto, Go",22,5,0,0,5,0
2016,f,"Mendoza, Luis",4,0,0,0,3,0
2016,f,"Nakashima, Takuya",600,115,63,1,117,0
2016,f,"Nakata, Sho",624,142,47,3,126,25
2016,f,"Nishikawa, Haruki",593,155,73,3,113,5
2016,f,"Oka, Hiromi",154,49,15,4,27,2
2016,f,"Ono, Shota",351,69,25,13,63,5
2016,f,"Orui, Susumu",6,0,0,0,1,0
2016,f,"Oshima, Takumi",17,3,0,1,2,0
2016,f,"Otani, Shohei",382,104,54,1,98,22
2016,f,"Shimizu, Yushi",8,2,0,0,2,0
2016,f,"Sugiya, Kenshi",138,25,11,0,23,0
2016,f,"Takanashi, Hirotoshi",2,0,0,0,2,0
2016,f,"Tanaka, Kensuke",626,147,69,9,56,2
2016,f,"Taniguchi, Yuya",211,49,8,1,48,1
2016,f,"Watanabe, Ryo",3,1,0,0,0,1
2016,f,"Yano, Kenji",35,6,4,1,5,1
2016,f,"Yoh, Daikan",555,145,42,10,121,14
2016,f,"Yokoo, Toshitake",17,2,0,0,3,0
2016,f,"Yoshikawa, Mitsuo",4,0,0,0,2,0
2016,g,"Abe, Shinnosuke",387,104,44,4,55,12
2016,g,"Aikawa, Ryoji",48,10,6,0,10,0
2016,g,"Anderson, Leslie",12,3,0,0,4,0
2016,g,"Chono, Hisayoshi",618,163,33,5,78,11
2016,g,"Cruz, Luis",314,75,11,2,40,11
2016,g,"Donoue, Takehiro",53,8,4,1,11,2
2016,g,"Egarashi, Yuki",3,0,0,0,1,0
2016,g,"Fujimura, Daisuke",6,0,1,0,0,0
2016,g,"Garcia, Jose Adolis",7,0,0,0,3,0
2016,g,"Hasegawa, Jun",1,0,0,0,0,0
2016,g,"Hashimoto, Itaru",259,51,20,0,45,2
2016,g,"Imamura, Nobutaka",24,2,0,0,9,0
2016,g,"Jones, Garrett",465,109,39,4,106,24
2016,g,"Kamei, Yoshiyuki",240,57,11,0,35,3
2016,g,"Kataoka, Yasuyuki",93,18,6,0,8,2
2016,g,"Kita, Atsushi",7,1,1,1,3,0
2016,g,"Kobayashi, Seiji",458,81,36,4,76,4
2016,g,"Koyama, Yuki",2,1,0,0,1,0
2016,g,"Mathieson, Scott",2,0,0,0,2,0
2016,g,"Matsumoto, Tetsuya",77,12,2,1,22,0
2016,g,"Mikolas, Miles",36,2,1,0,17,1
2016,g,"Miyaguni, Ryosuke",1,0,0,0,0,0
2016,g,"Murata, Shuichi",576,160,38,5,83,25
2016,g,"Nakai, Daisuke",61,10,7,1,13,0
2016,g,"Okamoto, Kazuma",10,1,0,0,2,0
2016,g,"Ota, Taishi",119,23,4,0,45,4
2016,g,"Otake, Kan",31,1,1,0,11,0
2016,g,"Poreda, Aaron",9,0,0,0,8,0
2016,g,"Sakamoto, Hayato",576,168,81,0,67,23
2016,g,"Sakurai, Toshiki",2,0,0,0,1,0
2016,g,"Sanematsu, Kazunari",33,7,4,0,7,1
2016,g,"Shigenobu, Shinnosuke",87,15,7,0,20,0
2016,g,"Sugano, Tomoyuki",61,12,1,0,18,0
2016,g,"Suzuki, Takahiro",10,3,0,0,3,0
2016,g,"Taguchi, Kazuto",56,5,1,0,16,0
2016,g,"Tahara, Seiji",1,0,0,0,1,0
2016,g,"Taira, Kentaro",1,0,0,0,0,0
2016,g,"Takagi, Hayato",36,1,2,0,16,0
2016,g,"Tateoka, Soichiro",209,43,10,5,31,2
2016,g,"Terauchi, Takayuki",33,4,0,0,11,0
2016,g,"Tsuji, Harutomo",40,6,4,2,12,0
2016,g,"Utsumi, Tetsuya",35,1,3,0,18,0
2016,g,"Wakiya, Ryota",115,17,6,0,18,1
2016,g,"Yamamoto, Yasuhiro",86,20,2,0,20,0
2016,g,"Yoshikawa, Daiki",56,9,3,0,14,0
2016,h,"Akashi, Kenji",152,31,7,2,34,0
2016,h,"Canizares, Barbaro",42,7,2,1,11,0
2016,h,"Egawa, Tomoaki",138,26,18,3,44,4
2016,h,"Fukuda, Shuhei",239,49,20,1,51,3
2016,h,"Hasegawa, Yuya",442,105,51,3,95,10
2016,h,"Higashihama, Nao",7,0,2,0,2,0
2016,h,"Honda, Yuichi",388,93,33,1,51,1
2016,h,"Hosokawa, Toru",115,21,6,1,28,1
2016,h,"Imamiya, Kenta",590,122,47,3,86,10
2016,h,"Inomoto, Kentaro",10,0,1,1,5,0
2016,h,"Iwasaki, Sho",1,0,0,0,1,0
2016,h,"Kai, Takuya",7,1,1,0,4,0
2016,h,"Kamamoto, Go",1,0,0,0,1,0
2016,h,"Kaneko, Keisuke",5,0,0,0,4,0
2016,h,"Kawashima, Keizo",50,5,8,1,10,0
2016,h,"Kidokoro, Ryuma",162,39,11,0,45,6
2016,h,"Makihara, Taisei",97,22,1,0,15,0
2016,h,"Matsuda, Nobuhiro",609,142,48,8,141,27
2016,h,"Nakamura, Akira",612,140,99,12,53,7
2016,h,"Nakata, Kenichi",2,0,0,0,1,0
2016,h,"Sarfate, Dennis",1,0,0,0,1,0
2016,h,"Senga, Kodai",5,1,0,0,4,0
2016,h,"Takata, Tomoki",77,11,10,0,15,0
2016,h,"Takaya, Hiroaki",103,20,10,1,12,2
2016,h,"Takeda, Shota",6,0,0,0,3,0
2016,h,"Tsukada, Masayoshi",1,0,0,0,1,0
2016,h,"Tsuruoka, Shinya",263,58,9,2,26,2
2016,h,"Uchikawa, Seiichi",605,169,38,2,53,18
2016,h,"Uebayashi, Seiji",19,4,0,0,7,0
2016,h,"Wada, Tsuyoshi",3,0,1,0,1,0
2016,h,"Yamada, Hiroki",1,0,0,0,0,0
2016,h,"Yamashita, Ayatsugu",31,6,0,0,8,0
2016,h,"Yanagita, Yuki",536,131,100,8,97,18
2016,h,"Yoshimura, Yuki",206,37,14,7,46,5
2016,l,"Akiyama, Shogo",671,171,77,10,103,11
2016,l,"Asamura, Hideto",611,172,38,7,108,24
2016,l,"Kaneko, Yuji",520,122,40,6,69,1
2016,l,"Kikuchi, Yusei",2,0,0,0,1,0
2016,l,"Kimura, Fumikazu",35,5,2,0,12,0
2016,l,"Kimura, Shogo",108,21,6,0,22,0
2016,l,"Kishi, Takayuki",2,0,0,0,0,0
2016,l,"Kumashiro, Masato",9,1,1,0,2,0
2016,l,"Kuriyama, Takumi",569,133,83,6,87,3
2016,l,"Mejia, Ernesto",583,129,59,6,148,35
2016,l,"Mizuguchi, Daichi",6,3,0,0,1,0
2016,l,"Mori, Tomoya",392,102,42,0,96,10
2016,l,"Nagae, Kyohei",84,12,5,0,24,0
2016,l,"Nakamura, Takeya",432,92,40,3,125,21
2016,l,"Nogami, Ryoma",2,0,0,0,0,0
2016,l,"Okada, Masatoshi",79,15,9,2,18,0
2016,l,"Onizaki, Yuji",216,48,17,0,53,1
2016,l,"Osaki, Yutaro",6,0,1,0,0,0
2016,l,"Paulino, Felipe",2,0,0,0,1,0
2016,l,"Saito, Shogo",13,0,1,0,7,0
2016,l,"Sakata, Ryo",161,37,8,0,22,3
2016,l,"Sano, Yasuo",1,0,0,0,0,0
2016,l,"Sumitani, Ginjiro",326,64,13,0,48,1
2016,l,"Takahashi, Kona",2,0,0,0,1,0
2016,l,"Takehara, Naotaka",31,6,1,0,4,1
2016,l,"Tashiro, Shotaro",5,1,0,0,0,0
2016,l,"Tawata, Shinsaburo",3,0,0,0,2,0
2016,l,"Tonosaki, Shuta",57,9,3,0,11,2
2016,l,"Uemoto, Tatsuyuki",98,27,8,0,23,1
2016,l,"Van Hekken, Andy",4,1,0,0,2,0
2016,l,"Watanabe, Naoto",207,56,10,3,20,0
2016,l,"Wu, Nien Ting",142,24,14,2,25,0
2016,l,"Yamakawa, Hotaka",157,36,15,1,36,14
2016,m,"Chen, Kuan-Yu",2,0,0,0,2,0
2016,m,"Despaigne, Alfredo",570,139,64,3,89,24
2016,m,"Emura, Naoya",24,3,1,0,10,0
2016,m,"Fukuura, Kazuya",90,20,5,3,12,0
2016,m,"Futaki, Kota",3,0,0,0,1,0
2016,m,"Hijii, Ryuzo",10,0,0,1,2,0
2016,m,"Hirasawa, Taiga",53,7,4,0,18,0
2016,m,"Hosoya, Kei",404,102,18,3,93,3
2016,m,"Iguchi, Tadahito",176,39,19,2,50,5
2016,m,"Inoue, Seiya",107,23,5,3,19,2
2016,m,"Ishikawa, Ayumu",3,0,0,0,1,0
2016,m,"Ishimine, Shota",2,0,0,0,0,0
2016,m,"Kakunaka, Katsuya",607,178,68,6,64,8
2016,m,"Kanazawa, Takeshi",41,6,4,2,13,0
2016,m,"Karakawa, Yuki",1,0,0,0,1,0
2016,m,"Kato, Shohei",246,53,13,1,46,0
2016,m,"Katsuki, Kazuya",6,1,0,0,3,0
2016,m,"Kiyota, Ikuhiro",417,82,40,9,76,6
2016,m,"Miki, Ryo",58,10,1,0,17,0
2016,m,"Nakamura, Shogo",325,56,26,6,70,6
2016,m,"Navarro, Yamaico",340,62,49,1,64,10
2016,m,"Nemoto, Shunichi",121,23,10,1,30,2
2016,m,"Ogino, Takashi",219,48,14,4,25,3
2016,m,"Okada, Yoshifumi",356,90,20,3,42,0
2016,m,"Omine, Shota",80,17,2,0,20,0
2016,m,"Omura, Saburo",4,1,0,0,3,0
2016,m,"Sekiya, Ryota",3,1,1,0,0,0
2016,m,"Standridge, Jason",3,0,0,0,0,0
2016,m,"Suzuki, Daichi",583,143,50,9,56,6
2016,m,"Takahama, Takuya",158,31,8,0,30,3
2016,m,"Tamura, Tatsuhiro",430,95,38,1,91,2
2016,m,"Wakui, Hideaki",6,0,0,0,4,0
2016,m,"Yoshida, Yuta",35,0,1,0,12,0
2016,s,"Akiyoshi, Ryo",1,0,0,0,1,0
2016,s,"Arakaki, Nagisa",7,0,0,0,6,0
2016,s,"Araki, Takahiro",131,27,9,2,20,1
2016,s,"Balentien, Wladimir",537,123,72,3,116,31
2016,s,"Davies, Kyle",24,2,1,0,12,0
2016,s,"Fujii, Ryota",20,4,0,0,8,0
2016,s,"Furuno, Masato",1,0,1,0,0,0
2016,s,"Ha, Jae-Hoon",42,9,2,0,12,0
2016,s,"Hara, Juri",20,2,0,0,4,0
2016,s,"Hatakeyama, Kazuhiro",190,40,26,1,24,1
2016,s,"Hirooka, Taishi",7,3,0,0,2,1
2016,s,"Hiyane, Wataru",142,29,8,0,15,0
2016,s,"Iihara, Yasushi",77,15,8,1,19,3
2016,s,"Imanami, Takahiro",240,56,30,2,25,1
2016,s,"Ino, Suguru",1,0,0,0,0,0
2016,s,"Ishikawa, Masanori",39,1,1,0,12,0
2016,s,"Kawabata, Shingo",458,127,34,1,31,1
2016,s,"Kazahari, Ren",1,0,0,0,0,0
2016,s,"Matsui, Jun",5,1,1,1,0,0
2016,s,"Matsuoka, Kenichi",2,0,1,0,1,0
2016,s,"Miwa, Masayoshi",41,8,3,0,10,0
2016,s,"Morioka, Ryosuke",33,2,1,0,8,0
2016,s,"Muranaka, Kyohei",5,0,0,0,3,0
2016,s,"Nakamura, Yuhei",378,60,31,6,47,3
2016,s,"Naruse, Yoshihisa",18,1,1,0,12,0
2016,s,"Nishida, Akihisa",245,54,18,1,39,7
2016,s,"Nishiura, Naomichi",273,63,23,0,54,7
2016,s,"Obiki, Keiji",391,87,40,0,82,5
2016,s,"Ogawa, Yasuhiro",54,4,0,0,26,1
2016,s,"Okumura, Nobuyuki",8,0,2,0,2,0
2016,s,"Perez, Luis",2,0,1,0,1,0
2016,s,"Sakaguchi, Tomotaka",607,155,63,8,66,0
2016,s,"Sato, Yoshinori",9,1,0,0,3,0
2016,s,"Sugiura, Toshihiro",16,1,0,0,7,0
2016,s,"Takai, Yuhei",436,122,21,0,51,7
2016,s,"Takeuchi, Shinichi",24,5,4,0,5,0
2016,s,"Tanaka, Hiroyasu",37,6,4,1,3,0
2016,s,"Tateyama, Shohei",14,0,0,0,6,0
2016,s,"Ueda, Tsuyoshi",92,18,4,3,13,1
2016,s,"Ugumori, Atsushi",146,35,9,0,22,4
2016,s,"Yachi, Ryota",80,21,7,1,14,1
2016,s,"Yamada, Tetsuto",590,146,97,8,101,38
2016,s,"Yamanaka, Hirofumi",46,3,0,0,16,0
2016,s,"Yamasaki, Kotaro",19,3,1,0,8,0
2016,t,"Akiyama, Takumi",3,2,0,0,0,0
2016,t,"Ando, Yuya",1,0,0,0,1,0
2016,t,"Aoyagi, Koyo",19,2,0,0,9,0
2016,t,"Arai, Ryota",88,12,7,1,21,3
2016,t,"Araki, Fumiya",73,14,8,1,10,0
2016,t,"Dolis, Rafael",1,0,0,0,0,0
2016,t,"Egoshi, Taiga",217,40,18,3,78,7
2016,t,"Enokida, Daiki",1,0,0,0,0,0
2016,t,"Fujikawa, Kyuji",8,0,0,0,6,0
2016,t,"Fujikawa, Shunsuke",56,8,9,0,12,0
2016,t,"Fujinami, Shintaro",57,8,2,0,30,0
2016,t,"Fukudome, Kosuke",523,141,61,3,78,11
2016,t,"Gomez, Mauro",554,127,48,5,130,22
2016,t,"Hague, Matt",124,24,16,2,21,2
2016,t,"Haraguchi, Fumihito",364,95,26,15,52,11
2016,t,"Hojo, Fumiya",438,105,38,4,91,5
2016,t,"Imanari, Ryota",132,27,10,1,27,0
2016,t,"Itayama, Yutaro",115,25,7,0,31,0
2016,t,"Ito, Hayata",54,13,1,0,11,1
2016,t,"Iwasada, Yuta",50,3,0,0,26,0
2016,t,"Iwata, Minoru",7,0,1,0,4,0
2016,t,"Iwazaki, Suguru",25,0,1,1,9,0
2016,t,"Kano, Keisuke",95,21,5,1,18,3
2016,t,"Maeda, Yamato",259,53,12,1,53,1
2016,t,"Mateo, Marcos",2,0,1,0,0,0
2016,t,"Messenger, Randy",67,9,0,0,28,0
2016,t,"Morikoshi, Yuto",1,0,0,0,1,0
2016,t,"Moriya, Koki",1,0,0,0,1,0
2016,t,"Nakatani, Masahiro",163,41,8,1,49,4
2016,t,"Nishioka, Tsuyoshi",205,56,13,2,25,0
2016,t,"Nomi, Atsushi",49,3,5,0,20,0
2016,t,"Ogata, Ryosuke",25,4,0,0,6,0
2016,t,"Okazaki, Taichi",76,13,7,0,16,0
2016,t,"Sakamoto, Seishiro",55,9,4,0,14,1
2016,t,"Shibata, Kohei",17,3,1,1,3,0
2016,t,"Shimizu, Takashi",4,0,0,0,3,0
2016,t,"Takayama, Shun",530,136,27,4,109,8
2016,t,"Toritani, Takashi",533,106,75,2,80,7
2016,t,"Tsuruoka, Kazunari",5,0,0,0,1,0
2016,t,"Uemoto, Hiroki",113,26,12,0,14,2
2016,t,"Umeno, Ryutaro",98,12,6,0,22,0
2016,t,"Yokawa, Naomasa",77,12,4,1,22,2
2016,t,"Yokota, Shintaro",109,20,2,2,13,0
2016,t,"Yokoyama, Yuya",7,1,0,0,4,0
2017,c,"Abe, Tomohiro",455,128,27,2,94,4
2017,c,"Aizawa, Tsubasa",329,79,22,7,45,6
2017,c,"Amaya, Soichiro",45,7,3,1,17,0
2017,c,"Arai, Takahiro",288,71,40,1,56,9
2017,c,"Batista, Xavier",143,32,15,1,44,11
2017,c,"Dobayashi, Shota",54,10,5,0,13,1
2017,c,"Eldred, Brad",405,91,50,8,111,27
2017,c,"Fukui, Yuya",9,0,0,0,4,0
2017,c,"Habu, Shohei",2,0,0,0,0,0
2017,c,"Iida, Tetsuya",1,0,0,0,1,0
2017,c,"Ishihara, Yoshiyuki",167,30,10,0,33,1
2017,c,"Isomura, Yoshitaka",39,8,3,1,8,2
2017,c,"Iwamoto, Takahiro",50,18,1,0,15,1
2017,c,"Johnson, Kris",26,3,0,0,12,0
2017,c,"Kato, Takuya",11,0,1,0,8,0
2017,c,"Kikuchi, Ryosuke",629,153,32,1,107,14
2017,c,"Kokubo, Tetsuya",65,10,6,0,13,0
2017,c,"Kuri, Aren",30,1,2,0,15,0
2017,c,"Maru, Yoshihiro",651,171,83,4,113,23
2017,c,"Matsuyama, Ryuhei",387,114,31,0,45,14
2017,c,"Mejia, Alejandro",15,3,1,0,4,0
2017,c,"Nakamura, Yuta",23,3,0,0,4,0
2017,c,"Nishikawa, Ryoma",220,56,10,1,35,5
2017,c,"Noma, Takayoshi",85,14,7,0,13,0
2017,c,"Nomura, Yusuke",52,5,2,0,18,0
2017,c,"Okada, Akitake",52,6,1,0,24,0
2017,c,"Osera, Daichi",51,6,2,1,21,0
2017,c,"Pena, Ramiro",39,8,2,0,10,0
2017,c,"Sakakura, Shogo",4,1,0,0,0,0
2017,c,"Shimozuru, Ko",9,1,0,0,2,0
2017,c,"Shirahama, Yuta",5,2,0,0,2,0
2017,c,"Shoji, Hayato",6,1,1,0,1,0
2017,c,"Suzuki, Seiya",512,131,62,6,80,26
2017,c,"Takahashi, Mikiya",2,0,0,0,1,0
2017,c,"Tanaka, Kosuke",679,164,89,15,120,8
2017,c,"Toda, Takaya",2,0,0,0,1,0
2017,c,"Tokoda, Hiroki",6,0,0,0,1,0
2017,c,"Uemoto, Takashi",10,1,2,0,3,0
2017,c,"Yabuta, Kazuki",34,1,1,0,20,0
2017,d,"Abe, Toshiki",46,11,4,0,13,0
2017,d,"Achira, Takuma",2,0,0,0,1,0
2017,d,"Araki, Masahiro",267,62,13,0,41,0
2017,d,"Donoue, Naomichi",167,31,9,0,39,1
2017,d,"Endo, Issei",109,23,4,1,28,2
2017,d,"Fujii, Atsushi",408,99,24,2,96,6
2017,d,"Fukuda, Nobumasa",326,81,21,5,70,18
2017,d,"Guerrero, Alex",510,131,24,15,98,35
2017,d,"Hirata, Ryosuke",270,58,29,1,60,6
2017,d,"Iryo, Masataka",34,7,2,0,6,0
2017,d,"Ishigaki, Masami",3,0,0,0,3,0
2017,d,"Ishikawa, Shun",17,6,0,0,5,1
2017,d,"Ishioka, Ryota",4,0,0,0,1,0
2017,d,"Ito, Junki",9,1,0,0,2,0
2017,d,"Iwasaki, Tatsuro",1,0,0,0,1,0
2017,d,"Kamezawa, Kyohei",290,73,13,3,30,2
2017,d,"Kasahara, Shotaro",9,1,0,0,2,0
2017,d,"Kato, Takuma",1,0,0,0,0,0
2017,d,"Kinoshita, Takuya",94,15,10,1,21,0
2017,d,"Kondo, Hiroki",33,6,3,0,7,1
2017,d,"Kudo, Takahito",58,12,3,0,13,0
2017,d,"Kyoda, Yota",602,149,18,9,105,4
2017,d,"Maruyama, Taisuke",1,0,0,0,1,0
2017,d,"Matayoshi, Katsuki",21,1,0,0,13,0
2017,d,"Matsui, Masato",244,46,22,3,63,2
2017,d,"Matsui, Yusuke",129,33,6,3,38,4
2017,d,"Mitsuma, Takuya",3,0,1,0,2,0
2017,d,"Mitsumata, Taiki",1,0,0,0,0,0
2017,d,"Mizowaki, Hayato",16,1,2,0,5,1
2017,d,"Morino, Masahiko",48,10,5,0,3,0
2017,d,"Nomoto, Kei",35,7,0,0,5,0
2017,d,"Norberto, Jordan",23,1,0,0,10,0
2017,d,"Ogasawara, Shinnosuke",37,1,2,0,26,0
2017,d,"Oguma, Ryosuke",5,1,0,0,2,0
2017,d,"Ono, Yudai",48,0,0,0,24,0
2017,d,"Oshima, Yohei",521,149,37,4,66,3
2017,d,"Sugiyama, Shota",83,6,9,2,16,0
2017,d,"Suzuki, Shota",20,1,0,0,15,0
2017,d,"Tajima, Shinji",1,0,0,0,1,0
2017,d,"Takahashi, Shuhei",148,30,15,0,31,2
2017,d,"Takeyama, Shingo",76,15,7,1,21,1
2017,d,"Tani, Tetsuya",100,20,5,0,23,2
2017,d,"Tomonaga, Shota",17,4,0,1,4,0
2017,d,"Valdes, Raul",48,5,1,0,17,1
2017,d,"Viciedo, Dayan",367,83,29,5,52,18
2017,d,"Wakamatsu, Shunta",10,0,1,0,6,0
2017,d,"Yagi, Tomoya",3,0,0,0,2,0
2017,d,"Yamai, Daisuke",5,2,0,0,1,1
2017,d,"Yanagi, Yuya",12,1,1,0,4,0
2017,d,"Yoshimi, Kazuki",24,0,0,0,10,0
2017,db,"Aranami, Sho",65,14,2,1,16,0
2017,db,"Ayabe, Kakeru",1,0,0,0,1,0
2017,db,"Ciriaco, Audy",28,2,1,0,10,0
2017,db,"Escobar, Edwin",2,0,0,0,2,0
2017,db,"Goto, Taketoshi",29,3,3,0,7,0
2017,db,"Hamaguchi, Haruhiro",40,2,1,0,19,0
2017,db,"Herrera, Elian",62,14,6,0,22,1
2017,db,"Hosokawa, Seiya",6,2,1,0,3,2
2017,db,"Iizuka, Satoshi",15,1,0,0,11,0
2017,db,"Imanaga, Shota",49,6,2,0,18,0
2017,db,"Ino, Shoichi",51,4,1,0,24,0
2017,db,"Ishida, Kenta",44,6,1,0,15,0
2017,db,"Ishikawa, Takehiro",192,41,12,4,41,2
2017,db,"Kajitani, Takayuki",578,124,62,3,157,21
2017,db,"Klein, Phil",12,1,0,0,6,0
2017,db,"Kubo, Yasutomo",14,1,0,0,9,0
2017,db,"Kumabara, Kento",4,0,0,0,3,0
2017,db,"Kuramoto, Toshihiko",539,133,18,4,102,2
2017,db,"Kuwahara, Masayuki",664,161,45,11,116,13
2017,db,"Lopez, Jose",606,171,27,2,80,30
2017,db,"Matsui, Hyuma",5,0,0,0,0,0
2017,db,"Matsumoto, Keijiro",14,3,0,2,2,0
2017,db,"Minei, Hiroki",135,30,4,6,35,3
2017,db,"Mishima, Kazuki",1,0,0,0,0,0
2017,db,"Miyazaki, Toshiro",523,155,38,4,47,15
2017,db,"Mizuno, Koya",2,0,0,0,1,0
2017,db,"Nishimori, Masashi",3,0,0,0,3,0
2017,db,"Onaka, Yuya",2,0,0,0,2,0
2017,db,"Otosaka, Tomo",66,12,1,1,13,2
2017,db,"Sano, Keita",24,2,3,0,5,0
2017,db,"Sekine, Taiki",20,3,1,0,5,0
2017,db,"Shibata, Tatsuhiro",248,50,17,3,50,1
2017,db,"Shimozono, Tatsuya",11,1,1,0,2,0
2017,db,"Shirane, Naoki",13,3,0,0,2,1
2017,db,"Shirasaki, Hiroyuki",55,10,1,0,19,0
2017,db,"Taira, Kentaro",4,1,0,0,2,0
2017,db,"Takajo, Shuto",61,14,3,0,15,0
2017,db,"Tanaka, Hiroyasu",175,31,11,2,25,1
2017,db,"Tobashira, Yasutaka",363,72,19,0,59,9
2017,db,"Tsutsugo, Yoshitomo",601,143,93,2,115,28
2017,db,"Wieland, Joe",54,11,4,1,21,3
2017,db,"Yamashita, Koki",21,3,0,0,6,0
2017,e,"Abe, Toshihito",23,4,2,0,6,0
2017,e,"Adachi, Yuichi",87,16,5,1,18,1
2017,e,"Akaminai, Ginji",590,155,56,2,74,3
2017,e,"Amador, Japhet",460,99,39,2,102,23
2017,e,"Anraku, Tomohiro",2,0,0,0,1,0
2017,e,"Cruz, Luis",37,6,0,0,4,0
2017,e,"Fujihira, Shoma",1,0,0,0,0,0
2017,e,"Fujita, Kazuya",315,68,16,1,21,3
2017,e,"Fukuda, Masayoshi",7,1,0,0,1,0
2017,e,"Furukawa, Yuri",2,0,0,0,1,0
2017,e,"Hijirisawa, Ryo",252,58,13,4,50,1
2017,e,"Hosokawa, Toru",23,2,0,0,9,1
2017,e,"Imae, Toshiaki",135,32,6,0,26,1
2017,e,"Ishimine, Tadashi",14,1,0,0,7,0
2017,e,"Kamata, Yoshinao",3,0,0,0,1,0
2017,e,"Kishi, Takayuki",5,0,0,0,3,0
2017,e,"Masuda, Shintaro",77,12,6,0,23,1
2017,e,"Matsui, Kazuo",83,16,6,1,23,2
2017,e,"Mima, Manabu",6,0,0,0,5,0
2017,e,"Miyoshi, Takumi",115,25,7,0,27,1
2017,e,"Mogi, Eigoro",450,118,45,2,84,17
2017,e,"Murabayashi, Itsuki",3,1,1,0,1,0
2017,e,"Nakagawa, Taishi",36,4,1,1,11,0
2017,e,"Nishida, Tetsuro",24,3,2,0,10,0
2017,e,"Norimoto, Takahiro",2,0,0,0,2,0
2017,e,"Okajima, Takero",400,89,41,2,65,3
2017,e,"Okoye, Louis",141,39,3,3,38,3
2017,e,"Peguero, Carlos",517,130,50,4,139,26
2017,e,"Shima, Motohiro",369,56,57,3,62,3
2017,e,"Shimauchi, Hiroaki",577,131,64,4,67,14
2017,e,"Shimotsuma, Takahiro",11,1,0,0,5,0
2017,e,"Tanaka, Kazuki",59,6,3,0,25,1
2017,e,"Uchida, Yasuhito",21,1,0,0,9,0
2017,e,"Wheeler, Zelous",605,147,50,10,98,31
2017,f,"Arihara, Kohei",4,1,0,0,2,0
2017,f,"Asama, Daiki",44,7,2,0,17,0
2017,f,"Drake, Yadir",86,19,3,1,22,1
2017,f,"Hiranuma, Shota",8,0,0,0,1,0
2017,f,"Ichikawa, Tomoya",154,23,6,4,32,1
2017,f,"Iiyama, Yuji",4,0,0,0,2,0
2017,f,"Imai, Junnosuke",4,1,0,0,1,0
2017,f,"Ishii, Kazunari",361,65,28,1,113,3
2017,f,"Kato, Takayuki",2,0,0,0,1,0
2017,f,"Kishisato, Ryosuke",14,2,0,0,3,0
2017,f,"Kondo, Kensuke",231,69,60,2,27,3
2017,f,"Kori, Takuya",1,0,0,0,1,0
2017,f,"Kurobane, Toshiki",30,8,0,0,6,0
2017,f,"Laird, Brandon",571,115,54,7,125,32
2017,f,"Matsumoto, Go",448,110,21,3,61,5
2017,f,"Mendoza, Luis",3,0,0,0,2,0
2017,f,"Morimoto, Tatsuya",10,1,0,1,3,0
2017,f,"Moriyama, Keisuke",12,0,1,0,9,0
2017,f,"Murata, Toru",1,0,0,0,1,0
2017,f,"Nakashima, Takuya",331,59,23,0,80,1
2017,f,"Nakata, Sho",542,102,61,5,103,16
2017,f,"Nishikawa, Haruki",623,160,69,4,103,9
2017,f,"Oka, Hiromi",132,21,4,0,34,0
2017,f,"Ono, Shota",183,34,16,4,30,3
2017,f,"Orui, Susumu",2,0,0,0,1,0
2017,f,"Ota, Kengo",88,14,2,0,21,1
2017,f,"Ota, Taishi",457,110,28,0,88,15
2017,f,"Otani, Shohei",231,67,24,2,63,8
2017,f,"Saito, Yuki",1,0,1,0,0,0
2017,f,"Shimizu, Yushi",120,22,5,0,35,1
2017,f,"Sugiya, Kenshi",85,11,5,0,20,0
2017,f,"Takahama, Yuto",12,2,1,0,5,0
2017,f,"Takanashi, Hirotoshi",5,0,0,0,2,0
2017,f,"Tanaka, Kensuke",349,79,35,0,36,2
2017,f,"Uwasawa, Naoyuki",3,0,0,0,1,0
2017,f,"Watanabe, Ryo",35,4,3,0,13,0
2017,f,"Yano, Kenji",49,9,5,0,13,0
2017,f,"Yokoo, Toshitake",149,32,11,3,45,7
2017,g,"Abe, Shinnosuke",512,119,41,8,67,15
2017,g,"Aikawa, Ryoji",40,6,1,0,9,0
2017,g,"Caminero, Arquimedes",1,0,0,0,0,0
2017,g,"Chono, Hisayoshi",516,121,46,5,98,16
2017,g,"Cruz, Luis",33,5,0,0,3,0
2017,g,"Hashimoto, Itaru",139,32,11,1,30,1
2017,g,"Hatake, Seishu",26,1,1,0,19,0
2017,g,"Imamura, Nobutaka",1,1,0,0,0,0
2017,g,"Ishikawa, Shingo",251,57,13,2,51,5
2017,g,"Kamei, Yoshiyuki",277,62,27,1,38,6
2017,g,"Kobayashi, Seiji",443,78,41,2,64,2
2017,g,"McGehee, Casey",586,165,58,1,107,18
2017,g,"Mikolas, Miles",67,7,0,0,37,1
2017,g,"Miyaguni, Ryosuke",15,1,0,0,5,0
2017,g,"Murata, Shuichi",424,100,34,6,63,14
2017,g,"Nakagawa, Kota",1,0,0,0,1,0
2017,g,"Nakai, Daisuke",254,57,19,1,44,5
2017,g,"Nishimura, Kentaro",1,0,0,0,1,0
2017,g,"Okamoto, Kazuma",35,6,4,0,10,0
2017,g,"Otake, Kan",26,0,1,0,13,0
2017,g,"Sakamoto, Hayato",614,157,68,3,85,15
2017,g,"Sanematsu, Kazunari",13,0,2,2,6,0
2017,g,"Shigenobu, Shinnosuke",77,11,6,0,21,0
2017,g,"Sugano, Tomoyuki",63,9,3,0,13,0
2017,g,"Taguchi, Kazuto",58,4,1,0,18,0
2017,g,"Takagi, Hayato",5,1,0,0,1,0
2017,g,"Tateoka, Soichiro",214,41,11,0,43,0
2017,g,"Terauchi, Takayuki",34,6,3,1,8,1
2017,g,"Tsuji, Harutomo",36,8,4,0,7,0
2017,g,"Usami, Shingo",45,14,3,2,14,4
2017,g,"Utsumi, Tetsuya",18,1,0,0,9,0
2017,g,"Wakiya, Ryota",68,16,3,0,14,0
2017,g,"Yamaguchi, Shun",6,1,1,0,3,0
2017,g,"Yamamoto, Yasuhiro",83,12,9,1,18,1
2017,g,"Yoh, Daikan",381,87,41,7,80,9
2017,g,"Yoshikawa, Mitsuo",9,1,0,0,4,0
2017,g,"Yoshikawa, Naoki",12,3,0,0,2,0
2017,h,"Akashi, Kenji",339,81,30,1,57,1
2017,h,"Chatani, Kenta",2,1,0,0,0,0
2017,h,"Despaigne, Alfredo",545,125,59,5,119,35
2017,h,"Egawa, Tomoaki",71,12,2,1,20,1
2017,h,"Fukuda, Shuhei",113,19,6,0,34,3
2017,h,"Hasegawa, Yuya",44,8,7,0,15,2
2017,h,"Higashihama, Nao",2,0,0,0,2,0
2017,h,"Honda, Yuichi",143,26,12,0,20,0
2017,h,"Igarashi, Ryota",1,0,0,0,0,0
2017,h,"Imamiya, Kenta",623,139,38,4,93,14
2017,h,"Ishikawa, Shuta",2,0,0,0,2,0
2017,h,"Iwasaki, Sho",1,0,0,0,1,0
2017,h,"Jensen, Kyle",14,1,2,0,9,1
2017,h,"Kai, Takuya",257,48,26,2,68,5
2017,h,"Kamamoto, Go",1,0,0,0,1,0
2017,h,"Kawasaki, Munenori",156,33,11,3,37,0
2017,h,"Kawashima, Keizo",137,29,18,2,24,5
2017,h,"Kayama, Shinya",1,0,0,0,1,0
2017,h,"Kidokoro, Ryuma",3,0,0,0,1,0
2017,h,"Kurihara, Ryoya",3,0,0,0,1,0
2017,h,"Makihara, Taisei",3,1,0,0,0,0
2017,h,"Masago, Yusuke",13,1,1,0,2,1
2017,h,"Matsuda, Nobuhiro",577,140,43,1,128,24
2017,h,"Matsumoto, Yuki",6,1,0,0,0,0
2017,h,"Nakamura, Akira",600,138,67,3,57,6
2017,h,"Nakata, Kenichi",2,0,0,0,0,0
2017,h,"Okamoto, Ken",1,0,0,0,1,0
2017,h,"Senga, Kodai",3,0,0,0,1,0
2017,h,"Sone, Kaisei",3,0,0,0,1,0
2017,h,"Takata, Tomoki",130,26,5,2,28,2
2017,h,"Takaya, Hiroaki",195,36,12,1,30,1
2017,h,"Tsukada, Masayoshi",27,4,0,1,8,2
2017,h,"Tsuruoka, Shinya",32,9,3,0,3,3
2017,h,"Uchikawa, Seiichi",300,79,32,0,26,12
2017,h,"Uebayashi, Seiji",453,108,24,2,96,13
2017,h,"van den Hurk, Rick",6,0,0,0,2,0
2017,h,"Yamada, Hiroki",1,0,0,0,1,0
2017,h,"Yamashita, Ayatsugu",2,1,0,0,0,0
2017,h,"Yanagita, Yuki",551,139,89,7,123,31
2017,h,"Yoshimura, Yuki",19,3,1,1,7,2
2017,l,"Akiyama, Shogo",659,185,72,5,97,25
2017,l,"Asamura, Hideto",633,167,44,8,96,19
2017,l,"Garces, Frank",1,0,0,0,0,0
2017,l,"Genda, Sosuke",647,155,36,6,100,3
2017,l,"Kaneko, Yuji",320,77,27,1,49,5
2017,l,"Kikuchi, Yusei",5,1,0,0,2,0
2017,l,"Kimura, Fumikazu",203,37,13,1,53,2
2017,l,"Kimura, Shogo",7,1,1,0,1,0
2017,l,"Kuriyama, Takumi",374,84,27,3,64,9
2017,l,"Mejia, Ernesto",388,83,37,4,100,19
2017,l,"Mizuguchi, Daichi",51,14,1,0,6,0
2017,l,"Mori, Tomoya",145,42,21,0,24,2
2017,l,"Nagae, Kyohei",19,4,0,0,5,1
2017,l,"Nakamura, Takeya",486,90,61,4,118,27
2017,l,"Nogami, Ryoma",2,0,0,0,1,0
2017,l,"Okada, Masatoshi",172,33,10,6,28,0
2017,l,"Okamoto, Yosuke",2,0,0,0,2,0
2017,l,"Saito, Shogo",8,1,0,0,4,0
2017,l,"Sakata, Ryo",19,7,3,0,8,2
2017,l,"Sano, Yasuo",3,1,0,0,0,0
2017,l,"Sumitani, Ginjiro",310,67,8,8,45,5
2017,l,"Takeda, Aito",6,0,0,1,3,0
2017,l,"Tashiro, Shotaro",62,4,5,1,16,1
2017,l,"Togame, Ken",2,0,0,0,1,0
2017,l,"Tonosaki, Shuta",489,113,33,5,109,10
2017,l,"Uemoto, Tatsuyuki",11,1,1,0,2,0
2017,l,"Watanabe, Naoto",79,16,7,0,14,0
2017,l,"Wolfe, Brian",5,0,0,0,1,0
2017,l,"Wu, Nien-Ting",44,9,4,0,8,0
2017,l,"Yamakawa, Hotaka",293,72,46,5,72,23
2017,m,"Chen, Kuan-Yu",1,0,0,0,1,0
2017,m,"Duffy, Matt",183,33,14,4,61,6
2017,m,"Emura, Naoya",6,1,0,0,1,0
2017,m,"Fukuura, Kazuya",155,30,18,1,25,0
2017,m,"Futaki, Kota",3,0,0,0,2,0
2017,m,"Hijii, Ryuzo",21,5,0,0,12,0
2017,m,"Hirasawa, Taiga",129,21,6,1,40,1
2017,m,"Hosoya, Kei",106,19,5,0,38,2
2017,m,"Iguchi, Tadahito",144,30,19,0,27,2
2017,m,"Inomoto, Kentaro",14,2,0,0,6,0
2017,m,"Inoue, Seiya",119,26,5,1,26,0
2017,m,"Ishikawa, Ayumu",3,0,1,0,1,0
2017,m,"Ishimine, Shota",117,18,9,0,22,0
2017,m,"Kakinuma, Tomoya",9,0,0,0,2,0
2017,m,"Kakunaka, Katsuya",452,103,62,4,44,8
2017,m,"Kanazawa, Takeshi",7,0,0,0,1,0
2017,m,"Karakawa, Yuki",2,0,0,0,2,0
2017,m,"Kato, Shohei",292,72,6,1,44,5
2017,m,"Katsuki, Kazuya",42,8,0,0,6,0
2017,m,"Kiyota, Ikuhiro",263,47,24,3,61,3
2017,m,"Mike, Kazuma",5,0,0,0,1,0
2017,m,"Miki, Ryo",229,50,8,3,55,2
2017,m,"Nakamura, Shogo",312,77,20,6,63,9
2017,m,"Nemoto, Shunichi",118,24,6,1,34,1
2017,m,"Ogino, Takashi",394,94,25,2,44,5
2017,m,"Okada, Yoshifumi",40,0,5,0,2,0
2017,m,"Oki, Takamasa",13,2,0,0,2,0
2017,m,"Omine, Shota",240,44,14,1,56,5
2017,m,"Paredes, Jimmy",289,59,16,3,97,10
2017,m,"Pena, Wily Mo",252,53,26,5,72,15
2017,m,"Santos, Roel",193,45,7,1,46,3
2017,m,"Sasaki, Chihaya",3,0,0,0,3,0
2017,m,"Shibata, Kohei",34,4,0,1,9,1
2017,m,"Suzuki, Daichi",588,132,55,18,85,11
2017,m,"Takahama, Takuya",38,6,3,0,6,0
2017,m,"Tamura, Tatsuhiro",359,77,26,1,68,3
2017,m,"Wakui, Hideaki",4,0,0,0,4,0
2017,m,"Yoshida, Yuta",107,16,7,0,30,3
2017,s,"Araki, Takahiro",212,39,14,3,30,6
2017,s,"Balentien, Wladimir",519,113,70,3,112,32
2017,s,"Buchanan, David",47,4,2,0,24,0
2017,s,"Enomoto, Aoi",8,1,1,0,4,0
2017,s,"Fujii, Ryota",309,75,9,1,56,2
2017,s,"Green, Dean",81,14,7,2,17,2
2017,s,"Guilmet, Preston",10,1,0,0,5,0
2017,s,"Hara, Juri",36,7,0,0,12,0
2017,s,"Hatakeyama, Kazuhiro",62,11,8,2,13,2
2017,s,"Hirooka, Taishi",31,7,2,1,11,0
2017,s,"Hiyane, Wataru",24,5,1,0,8,0
2017,s,"Hoshi, Tomoya",32,2,0,0,22,0
2017,s,"Iihara, Yasushi",18,3,2,0,2,0
2017,s,"Imanami, Takahiro",17,4,1,0,0,0
2017,s,"Ino, Suguru",13,2,0,0,2,0
2017,s,"Ishikawa, Masanori",36,1,0,0,11,0
2017,s,"Iwahashi, Keiji",3,1,0,0,2,0
2017,s,"Miwa, Masayoshi",6,0,0,0,0,0
2017,s,"Nakamura, Yuhei",486,102,42,10,65,4
2017,s,"Naruse, Yoshihisa",1,0,0,0,0,0
2017,s,"Nishida, Akihisa",86,10,11,1,20,1
2017,s,"Nishiura, Naomichi",171,30,16,1,31,0
2017,s,"Obiki, Keiji",311,62,27,1,43,5
2017,s,"Ogawa, Yasuhiro",46,4,2,0,20,0
2017,s,"Ohlendorf, Ross",6,0,0,0,5,0
2017,s,"Okumura, Nobuyuki",125,27,9,1,33,0
2017,s,"Omatsu, Shoitsu",143,21,13,0,27,3
2017,s,"Rivero, Carlos",208,43,7,0,52,6
2017,s,"Sakaguchi, Tomotaka",607,155,59,5,76,4
2017,s,"Sato, Yoshinori",16,1,0,0,8,0
2017,s,"Takai, Yuhei",300,86,12,5,42,2
2017,s,"Takeuchi, Shinichi",104,19,8,0,15,0
2017,s,"Tateyama, Shohei",1,0,0,0,0,0
2017,s,"Terashima, Naruki",1,0,0,0,1,0
2017,s,"Ueda, Tsuyoshi",188,39,8,2,26,0
2017,s,"Ugumori, Atsushi",91,18,5,0,15,1
2017,s,"Umeno, Yugo",2,0,0,0,1,0
2017,s,"Watanabe, Daiki",2,0,0,0,1,0
2017,s,"Yachi, Ryota",104,18,9,0,19,0
2017,s,"Yamada, Tetsuto",624,130,91,6,132,24
2017,s,"Yamamoto, Tetsuya",1,0,0,0,1,0
2017,s,"Yamanaka, Hirofumi",24,0,0,0,5,0
2017,s,"Yamasaki, Kotaro",246,53,18,0,44,1
2017,t,"Akiyama, Takumi",56,8,2,0,20,1
2017,t,"Aoyagi, Koyo",22,2,0,0,7,0
2017,t,"Arai, Ryota",17,1,1,0,3,0
2017,t,"Araki, Fumiya",22,2,2,0,7,0
2017,t,"Campbell, Eric",54,9,7,0,17,1
2017,t,"Egoshi, Taiga",18,1,3,2,5,0
2017,t,"Enokida, Daiki",1,1,0,0,0,0
2017,t,"Fujikawa, Kyuji",1,0,0,0,1,0
2017,t,"Fujikawa, Shunsuke",202,59,9,0,33,4
2017,t,"Fujinami, Shintaro",21,1,2,0,13,0
2017,t,"Fukudome, Kosuke",526,116,77,3,92,18
2017,t,"Fukunaga, Shungo",1,0,0,0,1,0
2017,t,"Haraguchi, Fumihito",216,42,22,5,36,6
2017,t,"Hojo, Fumiya",252,46,23,1,42,3
2017,t,"Itayama, Yutaro",3,0,0,0,3,0
2017,t,"Ito, Hayata",73,18,4,0,16,2
2017,t,"Itohara, Kento",193,42,23,3,26,1
2017,t,"Itoi, Yoshio",493,124,59,5,62,17
2017,t,"Iwasada, Yuta",27,2,0,0,11,0
2017,t,"Iwata, Minoru",21,1,2,0,9,0
2017,t,"Kano, Keisuke",5,0,0,0,2,0
2017,t,"Maeda, Yamato",252,65,18,0,37,1
2017,t,"Matsuda, Ryoma",2,0,0,0,2,0
2017,t,"Mendoza, Luis",6,0,0,0,2,0
2017,t,"Messenger, Randy",50,6,0,0,17,1
2017,t,"Morikoshi, Yuto",27,3,2,0,10,0
2017,t,"Nakatani, Masahiro",455,99,36,5,96,20
2017,t,"Nishioka, Tsuyoshi",100,21,7,1,17,0
2017,t,"Nomi, Atsushi",39,4,4,0,15,0
2017,t,"Okazaki, Taichi",54,8,5,1,12,2
2017,t,"Ono, Taiki",24,1,1,0,7,0
2017,t,"Oyama, Yusuke",221,47,18,3,41,7
2017,t,"Rogers, Jason",140,31,15,0,26,5
2017,t,"Sakamoto, Seishiro",132,28,15,1,32,2
2017,t,"Takayama, Shun",353,82,21,3,77,6
2017,t,"Toritani, Takashi",570,143,77,2,62,4
2017,t,"Ueda, Kai",22,5,1,0,6,0
2017,t,"Uemoto, Hiroki",488,116,50,4,71,9
2017,t,"Umeno, Ryutaro",340,58,24,4,63,2
2017,t,"Yokawa, Naomasa",19,3,1,0,8,1
2017,t,"Yokoyama, Yuya",2,0,0,0,1,0
2018,c,"Abe, Tomohiro",252,52,21,2,60,4
2018,c,"Aduwa, Makoto",5,1,0,0,3,0
2018,c,"Aizawa, Tsubasa",377,96,39,14,56,13
2018,c,"Amaya, Soichiro",1,0,0,0,0,0
2018,c,"Arai, Takahiro",132,25,14,0,26,4
2018,c,"Batista, Xavier",302,66,26,1,81,25
2018,c,"Dobayashi, Shota",60,11,2,0,14,0
2018,c,"Eldred, Brad",94,17,11,3,19,5
2018,c,"Franzua, Geronimo",7,0,1,0,5,0
2018,c,"Fujii, Koya",1,0,0,0,0,0
2018,c,"Fukui, Yuya",2,0,0,0,1,0
2018,c,"Ishihara, Yoshiyuki",107,17,5,1,27,1
2018,c,"Isomura, Yoshitaka",91,17,6,1,12,1
2018,c,"Iwamoto, Takahiro",8,1,1,0,2,0
2018,c,"Johnson, Kris",53,4,3,0,22,0
2018,c,"Kikuchi, Ryosuke",642,130,51,3,111,13
2018,c,"Kokubo, Tetsuya",28,8,1,1,7,0
2018,c,"Kuri, Aren",37,2,2,0,22,0
2018,c,"Maru, Yoshihiro",566,132,130,3,130,39
2018,c,"Matsuyama, Ryuhei",446,120,42,2,46,12
2018,c,"Mejia, Alejandro",44,11,2,1,12,3
2018,c,"Mima, Yuki",38,5,1,0,11,0
2018,c,"Nakamura, Kyohei",1,0,0,0,1,0
2018,c,"Nakamura, Yuta",13,2,2,0,3,0
2018,c,"Nishikawa, Ryoma",361,101,27,2,51,6
2018,c,"Noma, Takayoshi",447,116,30,6,69,5
2018,c,"Nomura, Yusuke",46,4,2,0,18,0
2018,c,"Okada, Akitake",49,6,1,0,25,0
2018,c,"Osera, Daichi",69,10,3,0,22,0
2018,c,"Sakakura, Shogo",9,1,1,0,1,0
2018,c,"Shimozuru, Ko",89,21,7,0,25,4
2018,c,"Shoji, Hayato",15,0,1,0,2,0
2018,c,"Sone, Kaisei",22,5,2,1,9,0
2018,c,"Suzuki, Seiya",520,135,88,5,116,30
2018,c,"Takahashi, Hiroki",16,5,1,0,4,0
2018,c,"Takahashi, Koya",5,1,0,0,2,0
2018,c,"Takahashi, Mikiya",4,0,0,0,2,0
2018,c,"Tanaka, Kosuke",675,150,75,17,118,10
2018,c,"Toda, Takaya",7,1,0,0,1,0
2018,c,"Uemoto, Takashi",13,1,1,0,4,0
2018,c,"Yabuta, Kazuki",9,1,0,0,3,0
2018,d,"Abe, Toshiki",26,5,3,0,3,0
2018,d,"Almonte, Zoilo",546,160,44,1,95,15
2018,d,"Araki, Masahiro",84,22,1,0,13,1
2018,d,"Donoue, Naomichi",56,10,3,2,9,0
2018,d,"Endo, Issei",1,0,0,0,0,0
2018,d,"Fujii, Atsushi",162,35,12,0,36,3
2018,d,"Fujishima, Kento",19,1,3,0,5,0
2018,d,"Fukuda, Nobumasa",487,115,37,5,119,13
2018,d,"Garcia, Onelki",56,7,0,0,20,0
2018,d,"Gee, Dillon",10,1,0,0,4,0
2018,d,"Hirata, Ryosuke",568,162,67,3,69,9
2018,d,"Ishikawa, Shun",1,0,0,0,0,0
2018,d,"Kamezawa, Kyohei",206,53,17,1,21,0
2018,d,"Kasahara, Shotaro",38,4,1,0,19,0
2018,d,"Kinoshita, Takuya",28,3,3,0,9,1
2018,d,"Kondo, Hiroki",4,0,0,0,3,0
2018,d,"Kudo, Takahito",17,2,0,1,7,0
2018,d,"Kyoda, Yota",632,136,19,6,111,4
2018,d,"Martinez, Raidel",9,1,0,0,5,0
2018,d,"Matsui, Masato",260,50,30,2,51,2
2018,d,"Matsui, Yusuke",22,3,0,0,12,0
2018,d,"Matsuzaka, Daisuke",20,2,0,0,7,0
2018,d,"Moya, Steven",101,28,6,1,25,3
2018,d,"Nomoto, Kei",8,1,0,0,1,0
2018,d,"Ogasawara, Shinnosuke",38,2,0,0,18,0
2018,d,"Oguma, Ryosuke",18,1,2,0,4,0
2018,d,"Ono, Shota",167,27,20,1,31,2
2018,d,"Ono, Yudai",10,0,0,0,5,0
2018,d,"Oshima, Yohei",645,161,47,4,80,7
2018,d,"Suzuki, Shota",3,0,0,0,2,0
2018,d,"Takahashi, Shuhei",477,110,30,3,89,11
2018,d,"Takeyama, Shingo",54,3,5,0,17,0
2018,d,"Tani, Tetsuya",3,0,0,0,0,0
2018,d,"Viciedo, Dayan",582,178,51,15,61,26
2018,d,"Yamai, Daisuke",17,1,0,0,6,0
2018,d,"Yanagi, Yuya",17,3,0,0,5,0
2018,d,"Yoshimi, Kazuki",39,1,1,0,19,0
2018,db,"Aranami, Sho",13,0,2,0,4,0
2018,db,"Azuma, Katsuki",54,4,1,0,24,0
2018,db,"Barrios, Edison",14,1,0,0,7,0
2018,db,"Escobar, Edwin",3,0,0,0,2,0
2018,db,"Fujioka, Yoshiaki",1,0,0,0,1,0
2018,db,"Goto, Taketoshi",1,0,0,0,1,0
2018,db,"Hamaguchi, Haruhiro",30,1,0,0,13,0
2018,db,"Hirata, Shingo",3,0,0,0,1,0
2018,db,"Hosokawa, Seiya",22,4,3,1,11,1
2018,db,"Iizuka, Satoshi",15,2,0,0,9,0
2018,db,"Imanaga, Shota",26,4,1,0,9,0
2018,db,"Ino, Shoichi",16,3,0,0,5,0
2018,db,"Ishida, Kenta",27,1,0,0,14,0
2018,db,"Ishikawa, Takehiro",91,17,11,0,19,0
2018,db,"Ito, Hikaru",151,25,18,3,29,1
2018,db,"Kajitani, Takayuki",137,34,8,2,21,8
2018,db,"Kamizato, Kazuki",273,62,19,3,68,5
2018,db,"Kasai, Takamasa",1,1,0,0,0,0
2018,db,"Kuniyoshi, Yuki",1,0,0,0,1,0
2018,db,"Kuramoto, Toshihiko",235,53,6,0,51,1
2018,db,"Kusumoto, Taishi",82,15,6,3,19,0
2018,db,"Kuwahara, Masayuki",421,99,32,3,71,9
2018,db,"Kyoyama, Masaya",25,0,2,0,12,0
2018,db,"Lopez, Jose",459,127,16,1,58,26
2018,db,"Maeda, Yamato",435,96,24,5,73,2
2018,db,"Matsui, Hyuma",8,1,1,0,3,0
2018,db,"Minei, Hiroki",230,37,6,8,56,5
2018,db,"Mishima, Kazuki",1,0,0,0,0,0
2018,db,"Miyamoto, Shumei",25,4,0,0,8,2
2018,db,"Miyazaki, Toshiro",590,175,38,1,45,28
2018,db,"Muto, Yuta",1,0,0,0,0,0
2018,db,"Nakagawa, Taishi",62,13,5,0,21,2
2018,db,"Nishimori, Masashi",3,0,0,0,1,0
2018,db,"Otosaka, Tomo",109,19,12,0,22,0
2018,db,"Patton, Spencer",2,0,0,0,2,0
2018,db,"Sano, Keita",130,29,3,0,26,5
2018,db,"Sekine, Taiki",26,7,0,0,6,0
2018,db,"Shibata, Tatsuhiro",265,49,30,5,45,3
2018,db,"Soto, Neftali",459,129,29,9,100,41
2018,db,"Taira, Kentaro",27,2,1,0,13,0
2018,db,"Takajo, Shuto",75,9,2,2,25,0
2018,db,"Tanaka, Hiroyasu",52,9,2,1,7,0
2018,db,"Tobashira, Yasutaka",59,10,2,0,9,1
2018,db,"Tsutsugo, Yoshitomo",580,146,80,2,107,38
2018,db,"Wieland, Joe",38,6,3,0,9,1
2018,db,"Yamamoto, Yudai",1,1,0,0,0,1
2018,db,"Yamashita, Koki",65,14,0,0,13,1
2018,e,"Adachi, Yuichi",20,2,1,0,4,0
2018,e,"Akaminai, Ginji",552,136,48,4,47,5
2018,e,"Amador, Japhet",234,57,22,0,57,20
2018,e,"Dickson, O&apos;Koyea",60,10,1,2,20,1
2018,e,"Fernando, Luciano",16,3,0,0,5,0
2018,e,"Fujita, Kazuya",289,66,18,4,15,4
2018,e,"Furukawa, Yuri",7,1,0,0,4,0
2018,e,"Hijirisawa, Ryo",69,12,4,1,18,0
2018,e,"Horiuchi, Kengo",24,4,1,0,1,0
2018,e,"Hosokawa, Toru",2,0,0,0,1,0
2018,e,"Imae, Toshiaki",465,116,32,7,76,10
2018,e,"Ishihara, Tsuyoshi",5,1,0,0,2,0
2018,e,"Iwami, Masaki",24,0,0,0,14,0
2018,e,"Karashima, Wataru",1,0,0,0,1,0
2018,e,"Kishi, Takayuki",7,0,0,0,5,0
2018,e,"Kondo, Hiroki",1,0,0,0,0,0
2018,e,"Masuda, Shintaro",70,11,6,1,14,3
2018,e,"Mima, Manabu",3,0,1,0,1,0
2018,e,"Miyoshi, Takumi",54,5,3,0,15,0
2018,e,"Mogi, Eigoro",413,89,42,2,83,7
2018,e,"Murabayashi, Itsuki",49,5,3,0,12,0
2018,e,"Nishimaki, Kenji",82,19,3,0,18,0
2018,e,"Norimoto, Takahiro",3,0,1,0,2,0
2018,e,"Okajima, Takero",241,41,22,0,54,3
2018,e,"Okoye, Louis",117,22,2,1,23,2
2018,e,"Peguero, Carlos",348,72,36,2,120,17
2018,e,"Shima, Motohiro",361,65,30,1,89,0
2018,e,"Shimai, Hirohito",9,0,0,0,4,0
2018,e,"Shimauchi, Hiroaki",453,115,47,6,45,11
2018,e,"Tanaka, Kazuki",465,112,37,0,101,18
2018,e,"Uchida, Yasuhito",193,35,14,1,66,12
2018,e,"Watanabe, Naoto",111,20,11,2,19,2
2018,e,"Wheeler, Zelous",413,99,33,7,91,15
2018,e,"Yamasaki, Tsuyoshi",84,19,1,0,13,0
2018,e,"Yamashita, Ayatsugu",104,19,5,0,22,2
2018,e,"Yaoita, Takumaru",45,7,4,1,12,0
2018,f,"Arcia, Oswaldo",324,63,30,9,92,14
2018,f,"Asama, Daiki",99,21,10,1,18,3
2018,f,"Himeno, Yuya",5,0,1,0,3,0
2018,f,"Hiranuma, Shota",9,3,0,0,2,0
2018,f,"Ishii, Kazunari",163,28,12,1,47,1
2018,f,"Ishikawa, Ryo",57,11,4,1,16,0
2018,f,"Kato, Takayuki",1,0,0,0,1,0
2018,f,"Kiyomiya, Kotaro",180,32,16,3,60,7
2018,f,"Kondo, Kensuke",555,149,87,1,90,9
2018,f,"Kurobane, Toshiki",2,0,0,0,2,0
2018,f,"Laird, Brandon",505,105,44,7,124,26
2018,f,"Martinez, Nick",8,0,1,0,3,0
2018,f,"Matsumoto, Go",139,28,6,1,14,1
2018,f,"Murata, Toru",5,1,0,0,4,0
2018,f,"Nakashima, Takuya",449,102,35,0,88,1
2018,f,"Nakata, Sho",599,143,43,3,81,25
2018,f,"Nishikawa, Haruki",636,147,96,3,103,10
2018,f,"Oka, Hiromi",60,8,4,2,12,0
2018,f,"Oshima, Takumi",2,0,0,0,0,0
2018,f,"Ota, Kengo",41,7,2,0,11,0
2018,f,"Ota, Taishi",429,105,38,7,103,14
2018,f,"Shimizu, Yushi",242,43,18,3,51,7
2018,f,"Sugiya, Kenshi",130,24,12,6,20,3
2018,f,"Takanashi, Hirotoshi",2,0,0,0,1,0
2018,f,"Tanaka, Kensuke",124,31,18,0,14,0
2018,f,"Taniguchi, Yuya",6,0,0,0,2,0
2018,f,"Tsuruoka, Shinya",260,58,14,3,45,2
2018,f,"Uehara, Kenta",2,1,0,0,1,1
2018,f,"Uwasawa, Naoyuki",4,2,0,0,1,0
2018,f,"Watanabe, Ryo",183,39,11,2,43,7
2018,f,"Yano, Kenji",19,4,1,1,4,0
2018,f,"Yokoo, Toshitake",210,40,9,4,45,9
2018,g,"Abe, Shinnosuke",223,49,21,2,55,11
2018,g,"Chono, Hisayoshi",426,111,41,1,69,13
2018,g,"Guerrero, Alex",323,70,29,6,62,15
2018,g,"Hatake, Seishu",1,0,0,0,1,0
2018,g,"Imamura, Nobutaka",30,1,1,0,16,0
2018,g,"Ishikawa, Shingo",28,5,2,0,6,0
2018,g,"Jungmann, Taylor",9,1,0,0,4,0
2018,g,"Kamei, Yoshiyuki",461,107,36,2,70,13
2018,g,"Kawano, Genki",1,0,0,0,0,0
2018,g,"Kitamura, Takumi",1,0,0,0,0,0
2018,g,"Kobayashi, Seiji",313,58,27,4,58,2
2018,g,"Kuwahara, Takuya",5,0,0,0,4,0
2018,g,"Martinez, Jorge",66,11,5,0,27,2
2018,g,"McGehee, Casey",547,142,41,1,92,21
2018,g,"Mercedes, Cristopher Crisostomo",34,1,0,0,20,0
2018,g,"Nakagawa, Kota",2,0,0,0,1,0
2018,g,"Nakai, Daisuke",97,16,6,2,25,1
2018,g,"Nogami, Ryoma",21,1,2,0,9,0
2018,g,"Okamoto, Kazuma",616,167,72,4,120,33
2018,g,"Oshiro, Takumi",202,49,15,0,46,4
2018,g,"Otake, Kan",3,0,0,0,1,0
2018,g,"Sakamoto, Hayato",502,152,61,0,83,18
2018,g,"Shigenobu, Shinnosuke",185,47,11,0,38,2
2018,g,"Sugano, Tomoyuki",69,7,1,0,21,1
2018,g,"Taguchi, Kazuto",25,4,2,0,8,0
2018,g,"Tanaka, Shunta",261,55,23,0,41,2
2018,g,"Tanioka, Tappei",1,0,0,0,1,0
2018,g,"Tateoka, Soichiro",60,12,7,1,11,0
2018,g,"Tsuji, Harutomo",10,1,0,0,1,0
2018,g,"Usami, Shingo",58,5,10,0,20,0
2018,g,"Utsumi, Tetsuya",23,2,0,0,10,0
2018,g,"Wada, Ren",8,1,0,0,4,0
2018,g,"Wakabayashi, Akihiro",19,1,1,0,6,0
2018,g,"Yamaguchi, Shun",49,7,0,0,17,0
2018,g,"Yamamoto, Yasuhiro",120,26,13,2,19,0
2018,g,"Yoh, Daikan",276,62,17,2,72,10
2018,g,"Yoshikawa, Daiki",23,3,2,0,6,0
2018,g,"Yoshikawa, Mitsuo",33,1,0,0,15,0
2018,g,"Yoshikawa, Naoki",355,80,19,5,61,4
2018,h,"Akashi, Kenji",115,29,11,1,21,1
2018,h,"Despaigne, Alfredo",469,97,55,4,93,29
2018,h,"Egawa, Tomoaki",5,3,0,0,2,1
2018,h,"Fukuda, Shuhei",128,31,4,2,35,7
2018,h,"Gracial, Yurisbel",202,54,15,1,34,9
2018,h,"Hasegawa, Yuya",112,29,9,1,18,5
2018,h,"Honda, Yuichi",101,22,8,0,17,1
2018,h,"Ichikawa, Tomoya",51,7,0,1,11,2
2018,h,"Imamiya, Kenta",405,94,25,2,60,11
2018,h,"Ishikawa, Shuta",5,0,0,0,2,0
2018,h,"Kai, Takuya",363,67,26,0,79,7
2018,h,"Kamamoto, Go",5,0,0,0,2,0
2018,h,"Kawase, Hikaru",36,6,2,0,9,0
2018,h,"Kawashima, Keizo",152,38,7,0,31,3
2018,h,"Kidokoro, Ryuma",26,4,1,0,9,1
2018,h,"Kurihara, Ryoya",9,1,0,0,4,0
2018,h,"Makihara, Taisei",264,79,8,2,33,3
2018,h,"Matsuda, Nobuhiro",580,128,56,4,113,32
2018,h,"Nakamura, Akira",580,148,60,5,68,14
2018,h,"Nakata, Kenichi",6,1,0,0,2,0
2018,h,"Nishida, Tetsuro",113,23,1,0,37,4
2018,h,"Okamoto, Ken",1,0,0,0,0,0
2018,h,"Senga, Kodai",2,1,0,0,1,0
2018,h,"Settsu, Tadashi",1,0,0,0,0,0
2018,h,"Takata, Tomoki",153,25,12,2,36,2
2018,h,"Takaya, Hiroaki",57,9,1,1,11,1
2018,h,"Takeda, Shota",2,0,0,0,1,0
2018,h,"Terahara, Hayato",1,0,0,0,1,0
2018,h,"Tsukada, Masayoshi",45,10,6,0,13,3
2018,h,"Uchikawa, Seiichi",296,68,9,3,32,8
2018,h,"Uebayashi, Seiji",608,149,30,7,117,22
2018,h,"van den Hurk, Rick",2,0,0,0,2,0
2018,h,"Yanagita, Yuki",550,167,62,8,105,36
2018,l,"Akiyama, Shogo",685,195,77,4,96,24
2018,l,"Asamura, Hideto",640,175,68,2,105,32
2018,l,"Castillo, Fabio",5,0,0,0,4,0
2018,l,"Genda, Sosuke",666,165,48,4,101,4
2018,l,"Kaneko, Kazuki",14,5,0,0,3,1
2018,l,"Kaneko, Yuji",356,69,34,3,53,1
2018,l,"Kikuchi, Yusei",3,0,0,0,1,0
2018,l,"Kimura, Fumikazu",120,27,10,1,33,3
2018,l,"Kumashiro, Masato",10,0,1,0,4,0
2018,l,"Kuriyama, Takumi",363,78,52,3,78,8
2018,l,"Matsui, Kazuo",41,6,2,0,10,0
2018,l,"Matsumoto, Naoaki",1,0,0,0,1,0
2018,l,"Mejia, Ernesto",234,45,18,3,62,9
2018,l,"Mizuguchi, Daichi",3,0,0,0,1,0
2018,l,"Mori, Tomoya",552,130,70,2,105,16
2018,l,"Nakamura, Takeya",392,94,33,2,112,28
2018,l,"Okada, Masatoshi",108,25,7,1,17,3
2018,l,"Saito, Shogo",104,21,8,4,28,1
2018,l,"Sumitani, Ginjiro",135,32,2,1,30,0
2018,l,"Takeda, Aito",3,0,0,0,1,0
2018,l,"Tawata, Shinsaburo",5,0,0,0,1,0
2018,l,"Togame, Ken",5,0,0,0,2,0
2018,l,"Tonosaki, Shuta",510,130,47,3,102,18
2018,l,"Wolfe, Brian",6,0,0,0,4,0
2018,l,"Wu, Nien-Ting",11,1,0,0,5,0
2018,l,"Yamada, Haruka",19,1,1,1,6,1
2018,l,"Yamakawa, Hotaka",647,152,88,16,138,47
2018,m,"Ariyoshi, Yuki",5,0,0,0,3,0
2018,m,"Bolsinger, Mike",3,0,0,0,1,0
2018,m,"Dominguez, Matt",93,16,6,3,18,7
2018,m,"Emura, Naoya",18,1,1,0,5,0
2018,m,"Fujioka, Yudai",611,123,44,5,97,5
2018,m,"Fukuura, Kazuya",196,38,10,2,34,1
2018,m,"Hirasawa, Taiga",353,62,48,3,82,5
2018,m,"Hosoya, Kei",27,4,4,0,3,0
2018,m,"Inoue, Seiya",548,139,63,3,106,24
2018,m,"Ishikawa, Ayumu",8,1,0,0,4,0
2018,m,"Ishimine, Shota",57,13,6,2,10,0
2018,m,"Kakinuma, Tomoya",3,0,0,0,0,0
2018,m,"Kakunaka, Katsuya",470,109,48,5,63,7
2018,m,"Kanazawa, Takeshi",2,0,0,0,1,0
2018,m,"Kato, Shohei",132,28,5,1,25,0
2018,m,"Kiyota, Ikuhiro",303,59,32,0,63,2
2018,m,"Lee, Tu-Hsuan",18,3,2,0,8,0
2018,m,"Miki, Ryo",41,8,1,1,8,0
2018,m,"Munetsugu, Yuito",1,0,0,0,1,0
2018,m,"Nakamura, Shogo",639,157,60,22,94,8
2018,m,"Nemoto, Shunichi",45,8,0,0,18,0
2018,m,"Ogino, Takashi",351,91,13,9,25,2
2018,m,"Oka, Hiromi",166,29,15,5,30,3
2018,m,"Okada, Yoshifumi",18,3,2,0,2,0
2018,m,"Omine, Shota",18,5,1,0,8,0
2018,m,"Sugano, Tsuyoshi",161,23,20,5,27,2
2018,m,"Suzuki, Daichi",558,127,44,17,55,8
2018,m,"Takahama, Takuya",12,3,0,0,2,0
2018,m,"Tamura, Tatsuhiro",476,99,40,3,68,3
2018,m,"Wakui, Hideaki",2,0,0,0,2,0
2018,m,"Watanabe, Keita",5,1,1,0,3,0
2018,m,"Yasuda, Hisanori",60,8,7,0,20,1
2018,m,"Yoshida, Yuta",12,1,1,0,2,0
2018,s,"Akiyoshi, Ryo",1,0,0,0,0,0
2018,s,"Aoki, Norichika",567,162,51,19,48,10
2018,s,"Araki, Takahiro",109,19,13,4,27,3
2018,s,"Balentien, Wladimir",602,138,85,0,121,38
2018,s,"Buchanan, David",59,6,0,1,23,0
2018,s,"Carasiti, Matt",27,7,0,0,13,1
2018,s,"Fujii, Ryota",59,14,5,1,12,0
2018,s,"Furuno, Masato",3,0,1,0,1,0
2018,s,"Hara, Juri",36,6,0,0,14,0
2018,s,"Hatakeyama, Kazuhiro",155,32,26,0,23,5
2018,s,"Hirooka, Taishi",125,24,5,0,36,2
2018,s,"Hiyane, Wataru",2,0,0,0,0,0
2018,s,"Hoshi, Tomoya",6,2,0,0,2,0
2018,s,"Huff, Dave",22,2,0,0,13,0
2018,s,"Ino, Suguru",97,13,5,0,26,0
2018,s,"Ishikawa, Masanori",39,2,2,0,9,0
2018,s,"Ishiyama, Taichi",1,0,0,0,1,0
2018,s,"Kawabata, Shingo",334,77,32,3,37,3
2018,s,"Kazahari, Ren",3,0,0,0,1,0
2018,s,"Koga, Yudai",15,1,1,0,2,0
2018,s,"Matsumoto, Naoki",5,0,0,0,2,0
2018,s,"Miwa, Masayoshi",24,2,2,0,4,0
2018,s,"Miyamoto, Takeshi",48,9,5,0,11,0
2018,s,"Murakami, Munetaka",14,1,2,0,5,1
2018,s,"Nakamura, Yuhei",401,72,31,5,39,5
2018,s,"Nishida, Akihisa",7,1,0,0,2,0
2018,s,"Nishiura, Naomichi",550,116,40,8,88,10
2018,s,"Obiki, Keiji",136,43,10,0,30,5
2018,s,"Ogawa, Yasuhiro",36,4,3,0,12,0
2018,s,"Okumura, Nobuyuki",46,9,3,0,10,1
2018,s,"Omura, Hajime",10,1,2,0,4,0
2018,s,"Oshita, Yuma",7,0,1,0,1,0
2018,s,"Sakaguchi, Tomotaka",595,161,75,3,60,3
2018,s,"Sato, Yoshinori",10,0,0,0,7,0
2018,s,"Shiomi, Yasutaka",26,1,1,0,7,0
2018,s,"Takahashi, Keiji",3,0,0,0,2,0
2018,s,"Takai, Yuhei",482,142,33,1,62,11
2018,s,"Takeuchi, Shinichi",16,4,2,0,2,1
2018,s,"Tashiro, Shotaro",36,10,4,0,9,1
2018,s,"Tateyama, Shohei",5,0,0,0,3,0
2018,s,"Ueda, Tsuyoshi",101,19,8,1,12,1
2018,s,"Ugumori, Atsushi",20,5,1,0,5,0
2018,s,"Yachi, Ryota",46,10,0,0,9,0
2018,s,"Yamada, Hiroki",2,0,0,0,2,0
2018,s,"Yamada, Tetsuto",637,165,106,4,119,34
2018,s,"Yamanaka, Hirofumi",10,0,0,0,3,0
2018,s,"Yamasaki, Kotaro",47,7,6,0,12,0
2018,t,"Akiyama, Takumi",31,5,0,0,16,1
2018,t,"Aoyagi, Koyo",8,1,0,1,0,0
2018,t,"Baba, Kosuke",2,0,0,0,1,0
2018,t,"Egoshi, Taiga",40,6,0,0,22,1
2018,t,"Fujikawa, Shunsuke",200,41,11,0,29,2
2018,t,"Fujinami, Shintaro",26,4,1,0,15,1
2018,t,"Fukudome, Kosuke",499,116,73,5,90,14
2018,t,"Haraguchi, Fumihito",124,35,8,5,27,2
2018,t,"Hojo, Fumiya",266,77,19,1,32,1
2018,t,"Iida, Yuya",1,0,0,0,0,0
2018,t,"Ishizaki, Tsuyoshi",1,0,0,0,1,0
2018,t,"Itayama, Yutaro",39,9,3,0,14,1
2018,t,"Ito, Hayata",172,37,20,0,41,1
2018,t,"Itohara, Kento",637,152,86,7,73,1
2018,t,"Itoi, Yoshio",509,129,77,8,63,16
2018,t,"Iwasada, Yuta",42,0,4,0,23,0
2018,t,"Iwata, Minoru",8,0,1,0,6,0
2018,t,"Iwazaki, Suguru",1,0,0,0,0,0
2018,t,"Kumagai, Takahiro",18,3,2,0,3,0
2018,t,"Messenger, Randy",61,8,3,0,26,0
2018,t,"Morikoshi, Yuto",39,4,5,0,7,0
2018,t,"Nagasaka, Kenya",9,1,0,0,1,0
2018,t,"Nakatani, Masahiro",246,51,17,2,65,5
2018,t,"Navarro, Efren",225,56,20,1,55,3
2018,t,"Nishioka, Tsuyoshi",43,5,3,0,10,0
2018,t,"Nomi, Atsushi",4,0,0,0,2,0
2018,t,"Okamoto, Yosuke",5,1,0,0,3,0
2018,t,"Okazaki, Taichi",13,0,0,0,2,0
2018,t,"Ono, Taiki",44,2,1,0,26,0
2018,t,"Oyama, Yusuke",378,95,26,2,54,11
2018,t,"Rosario, Wilin",302,68,17,1,71,8
2018,t,"Saiki, Hiroto",25,2,1,1,16,0
2018,t,"Sakamoto, Seishiro",16,2,2,0,7,0
2018,t,"Shimada, Kairi",37,7,1,0,7,0
2018,t,"Takahashi, Haruto",12,1,1,0,8,0
2018,t,"Takayama, Shun",134,22,4,1,22,1
2018,t,"Takeyasu, Daichi",2,0,0,0,0,0
2018,t,"Tanigawa, Masaki",1,0,0,0,1,0
2018,t,"Toritani, Takashi",261,51,34,1,37,1
2018,t,"Ueda, Kai",243,38,25,2,55,0
2018,t,"Uemoto, Hiroki",53,19,6,0,8,1
2018,t,"Umeno, Ryutaro",455,100,39,1,67,8
2018,t,"Yamazaki, Noriharu",22,4,1,0,4,0
2018,t,"Yokawa, Naomasa",299,69,17,7,76,6
2019,b,"Adachi, Ryoichi",179,43,18,1,29,2
2019,b,"Aranishi, Yudai",3,0,0,0,1,0
2019,b,"Fukuda, Shuhei",583,123,62,8,57,2
2019,b,"Fushimi, Torai",72,10,8,2,16,1
2019,b,"Gibo, Sho",28,6,2,0,7,0
2019,b,"Goto, Shunta",194,37,19,3,47,1
2019,b,"Iida, Daisuke",16,0,0,0,4,0
2019,b,"Kojima, Shuhei",266,54,16,0,49,4
2019,b,"Marrero, Chris",133,26,7,1,35,2
2019,b,"Matsui, Masato",42,7,3,0,7,0
2019,b,"Matsui, Yusuke",18,6,0,0,3,1
2019,b,"Meneses, Joey",118,21,13,0,28,4
2019,b,"Miyazaki, Yuki",28,3,2,2,9,0
2019,b,"Moya, Steven",255,59,10,2,59,10
2019,b,"Mune, Yuma",177,40,13,11,30,2
2019,b,"Nakagawa, Keita",396,105,25,1,62,3
2019,b,"Nishimura, Ryo",53,13,2,0,10,2
2019,b,"Nishino, Masahiro",188,40,16,2,24,1
2019,b,"Nishiura, Hayato",239,43,13,0,56,1
2019,b,"Oda, Yuya",203,37,12,6,47,3
2019,b,"Okada, Takahiro",56,6,6,0,19,1
2019,b,"Oshiro, Koji",345,79,25,6,56,3
2019,b,"Ota, Ryo",16,0,2,1,7,0
2019,b,"Romero, Stefen",331,90,25,5,83,18
2019,b,"Sakakibara, Tsubasa",3,0,0,0,3,0
2019,b,"Sano, Kodai",130,25,5,1,43,1
2019,b,"Shirasaki, Hiroyuki",54,10,5,0,14,2
2019,b,"Sugimoto, Yutaro",51,8,0,0,22,4
2019,b,"Suzuki, Kohei",53,10,4,3,12,0
2019,b,"Suzuki, Kohei",4,0,0,0,3,0
2019,b,"Tajima, Daiki",2,0,0,0,2,0
2019,b,"Takajo, Shuto",12,2,1,0,4,0
2019,b,"Takeda, Kengo",9,1,0,1,1,0
2019,b,"Takeyasu, Daichi",4,0,0,0,3,0
2019,b,"Tongu, Yuma",93,18,1,0,22,3
2019,b,"Wakatsuki, Kenya",348,53,21,4,73,1
2019,b,"Yamaashi, Tatsuya",64,10,2,1,12,1
2019,b,"Yamamoto, Yoshinobu",2,0,0,0,0,0
2019,b,"Yamaoka, Taisuke",5,0,0,0,2,0
2019,b,"Yamazaki, Katsuki",8,0,0,0,5,0
2019,b,"Yoshida, Masataka",610,168,79,5,64,29
2019,c,"Abe, Tomohiro",295,67,23,1,60,8
2019,c,"Aduwa, Makoto",28,2,0,0,19,0
2019,c,"Aizawa, Tsubasa",447,104,58,10,81,12
2019,c,"Batista, Xavier",423,100,45,3,108,26
2019,c,"Chono, Hisayoshi",197,45,15,1,40,5
2019,c,"Dobayashi, Shota",38,7,2,0,9,0
2019,c,"Endo, Atsushi",2,0,0,0,2,0
2019,c,"Horie, Atsuya",2,1,0,0,0,0
2019,c,"Ishihara, Yoshiyuki",67,11,5,0,18,1
2019,c,"Isomura, Yoshitaka",117,30,5,0,24,4
2019,c,"Iwamoto, Takahiro",1,0,0,0,1,0
2019,c,"Johnson, Kris",48,5,2,0,15,0
2019,c,"Kikuchi, Ryosuke",619,143,41,1,102,13
2019,c,"Kokubo, Tetsuya",125,28,10,0,19,1
2019,c,"Kozono, Kaito",197,40,6,1,42,4
2019,c,"Kuri, Aren",41,1,1,0,23,0
2019,c,"Lawrence, Casey",1,0,0,0,1,0
2019,c,"Matsuyama, Ryuhei",327,76,29,2,42,6
2019,c,"Mejia, Alejandro",173,42,11,0,46,7
2019,c,"Miyoshi, Takumi",92,14,9,0,28,2
2019,c,"Montilla, Emailin",1,0,0,0,1,0
2019,c,"Nakamura, Kyohei",1,0,0,0,0,0
2019,c,"Nakamura, Yuta",1,0,0,0,0,0
2019,c,"Nishikawa, Ryoma",585,159,32,2,81,16
2019,c,"Noma, Takayoshi",353,78,27,5,56,2
2019,c,"Nomura, Yusuke",32,1,1,0,10,0
2019,c,"Okada, Akitake",2,0,1,0,0,0
2019,c,"Osera, Daichi",60,6,6,0,31,0
2019,c,"Regnault, Kyle",1,0,0,0,1,0
2019,c,"Sakakura, Shogo",64,14,3,0,19,1
2019,c,"Santana, Juan",34,6,1,0,5,0
2019,c,"Shimauchi, Sotaro",1,0,0,0,0,0
2019,c,"Shimozuru, Ko",4,0,0,0,2,0
2019,c,"Sone, Kaisei",31,5,3,1,10,0
2019,c,"Suzuki, Seiya",612,167,103,7,81,28
2019,c,"Takahashi, Hiroki",48,12,4,0,11,1
2019,c,"Tanaka, Kosuke",355,60,32,2,89,3
2019,c,"Tokoda, Hiroki",49,5,4,0,16,0
2019,c,"Uemoto, Takashi",22,3,0,0,5,0
2019,c,"Yabuta, Kazuki",2,0,0,0,2,0
2019,c,"Yamaguchi, Sho",5,0,0,0,5,0
2019,c,"Yasaki, Takuya",1,0,0,0,1,0
2019,d,"Abe, Toshiki",484,130,31,1,82,7
2019,d,"Achira, Takuma",6,1,0,0,4,0
2019,d,"Almonte, Zoilo",174,54,8,1,37,7
2019,d,"Donoue, Naomichi",217,41,13,0,56,12
2019,d,"Endo, Issei",120,30,5,2,28,2
2019,d,"Fujii, Atsushi",154,31,11,1,33,1
2019,d,"Fujishima, Kento",1,0,0,0,1,0
2019,d,"Fuku, Hiroto",1,0,0,0,1,0
2019,d,"Fukuda, Nobumasa",352,89,32,5,69,18
2019,d,"Fukutani, Koji",2,0,0,0,0,0
2019,d,"Hirata, Ryosuke",407,100,38,4,53,8
2019,d,"Iryo, Masataka",103,29,3,0,21,0
2019,d,"Ishibashi, Kota",18,1,0,1,8,0
2019,d,"Ishigaki, Masami",15,2,0,0,7,0
2019,d,"Ishikawa, Shun",8,1,0,0,3,0
2019,d,"Ito, Kosuke",33,6,0,0,8,0
2019,d,"Kamezawa, Kyohei",49,6,1,0,5,0
2019,d,"Kasahara, Shotaro",12,1,0,0,6,0
2019,d,"Kato, Takuma",245,51,9,0,57,0
2019,d,"Katsuno, Akiyoshi",7,0,1,0,6,0
2019,d,"Katsura, Iori",9,2,0,0,2,0
2019,d,"Kinoshita, Takuya",98,20,5,3,22,2
2019,d,"Kyoda, Yota",574,126,37,3,91,3
2019,d,"Matayoshi, Katsuki",4,1,0,0,1,0
2019,d,"Matsuba, Takahiro",1,0,0,0,1,0
2019,d,"Matsui, Masato",39,7,4,0,12,0
2019,d,"Matsui, Yusuke",37,7,3,0,13,0
2019,d,"Matsuzaka, Daisuke",2,0,0,0,1,0
2019,d,"Mitsuma, Takuya",2,0,0,0,0,0
2019,d,"Mitsumata, Taiki",33,3,4,0,6,0
2019,d,"Mizowaki, Hayato",16,3,1,0,2,0
2019,d,"Moya, Steven",22,5,0,0,7,1
2019,d,"Neo, Akira",2,0,0,0,2,0
2019,d,"Ogasawara, Shinnosuke",14,3,0,0,4,0
2019,d,"Ono, Shota",62,9,5,0,9,0
2019,d,"Ono, Yudai",56,4,2,0,24,0
2019,d,"Oshima, Yohei",623,174,50,9,78,3
2019,d,"Romero, Enny",38,1,3,0,22,0
2019,d,"Shimizu, Tatsuya",9,2,0,0,3,0
2019,d,"Sobue, Daisuke",1,0,0,0,1,0
2019,d,"Suzuki, Hiroshi",1,0,0,0,1,0
2019,d,"Takahashi, Shuhei",471,126,32,3,70,7
2019,d,"Takeda, Kengo",36,5,0,0,12,0
2019,d,"Takeyama, Shingo",51,9,3,2,13,1
2019,d,"Tomonaga, Shota",10,0,1,0,4,0
2019,d,"Umetsu, Kodai",10,1,0,0,5,0
2019,d,"Viciedo, Dayan",594,168,41,13,88,18
2019,d,"Watanabe, Masaru",29,4,1,0,11,0
2019,d,"Yamai, Daisuke",18,2,0,0,6,0
2019,d,"Yamamoto, Takumi",13,1,0,0,8,0
2019,d,"Yanagi, Yuya",60,8,5,0,19,0
2019,d,"Yoshimi, Kazuki",7,1,0,0,1,0
2019,db,"Azuma, Katsuki",13,1,1,0,8,0
2019,db,"Barrios, Edison",5,0,0,0,3,0
2019,db,"Escobar, Edwin",1,0,0,0,1,0
2019,db,"Hamaguchi, Haruhiro",27,0,0,0,16,0
2019,db,"Hirata, Shingo",1,0,0,0,1,0
2019,db,"Hosokawa, Seiya",83,16,8,2,24,1
2019,db,"Iizuka, Satoshi",2,0,0,0,1,0
2019,db,"Imanaga, Shota",56,7,2,0,9,0
2019,db,"Ino, Shoichi",21,4,1,0,5,0
2019,db,"Ishida, Kenta",15,2,0,0,4,0
2019,db,"Ishikawa, Takehiro",113,21,5,1,34,2
2019,db,"Ito, Hikaru",301,65,37,3,45,8
2019,db,"Ito, Yukiya",57,15,3,1,17,4
2019,db,"Kajitani, Takayuki",110,20,16,0,20,5
2019,db,"Kamichatani, Taiga",48,8,0,0,15,0
2019,db,"Kamizato, Kazuki",458,119,26,2,121,6
2019,db,"Kasai, Takamasa",1,0,0,0,1,0
2019,db,"Kuniyoshi, Yuki",7,0,0,0,2,0
2019,db,"Kuramoto, Toshihiko",35,4,2,0,7,0
2019,db,"Kusumoto, Taishi",81,15,7,2,19,1
2019,db,"Kuwahara, Masayuki",115,19,9,1,26,2
2019,db,"Kyoyama, Masaya",12,0,0,0,5,0
2019,db,"Lopez, Jose",597,133,39,4,107,31
2019,db,"Maeda, Yamato",490,104,34,6,75,0
2019,db,"Matsui, Hyuma",5,0,0,0,1,0
2019,db,"Minei, Hiroki",130,24,7,4,23,2
2019,db,"Miyazaki, Toshiro",473,123,32,3,35,15
2019,db,"Momose, Hiroki",1,0,0,0,1,0
2019,db,"Muto, Yuta",2,0,0,0,1,0
2019,db,"Nakagawa, Koo",1,0,0,0,1,0
2019,db,"Nakagawa, Taishi",3,0,0,0,0,0
2019,db,"Nakai, Daisuke",183,40,18,0,34,3
2019,db,"Onuki, Shinichi",19,3,0,0,6,0
2019,db,"Otosaka, Tomo",179,39,14,2,33,2
2019,db,"Patton, Spencer",1,0,0,0,1,0
2019,db,"Saito, Shunsuke",2,1,0,0,1,0
2019,db,"Sakaguchi, Kosuke",2,0,0,0,2,0
2019,db,"Sakurai, Shuto",3,1,0,0,2,0
2019,db,"Sano, Keita",215,59,13,2,39,5
2019,db,"Sekine, Taiki",27,1,1,0,6,0
2019,db,"Shibata, Tatsuhiro",196,42,20,0,38,3
2019,db,"Soto, Neftali",584,139,59,5,98,43
2019,db,"Taira, Kentaro",20,2,0,0,11,0
2019,db,"Tobashira, Yasutaka",111,20,7,1,22,1
2019,db,"Tsutsugo, Yoshitomo",557,126,88,2,141,29
2019,db,"Yamamoto, Yudai",12,4,0,0,3,0
2019,e,"Adachi, Yuichi",47,6,1,1,12,2
2019,e,"Akaminai, Ginji",590,161,52,4,58,5
2019,e,"Asamura, Hideto",635,139,93,4,162,33
2019,e,"Blash, Jabari",527,111,81,17,157,33
2019,e,"Fernando, Luciano",39,8,2,1,10,0
2019,e,"Fujita, Kazuya",136,32,7,1,16,2
2019,e,"Furukawa, Yuri",1,0,0,0,1,0
2019,e,"Hashimoto, Itaru",10,0,1,0,3,0
2019,e,"Horiuchi, Kengo",140,19,5,2,41,0
2019,e,"Imae, Toshiaki",79,21,3,0,16,1
2019,e,"Ishibashi, Ryota",3,0,0,0,2,0
2019,e,"Ishihara, Tsuyoshi",7,0,0,0,5,0
2019,e,"Karashima, Wataru",3,0,0,0,2,0
2019,e,"Kishi, Takayuki",5,0,0,0,5,0
2019,e,"Mima, Manabu",4,1,0,0,1,0
2019,e,"Miyoshi, Takumi",4,1,0,0,1,0
2019,e,"Mogi, Eigoro",648,160,66,3,121,13
2019,e,"Murabayashi, Itsuki",25,2,0,0,5,0
2019,e,"Nishimaki, Kenji",1,0,0,0,1,0
2019,e,"Ogo, Yuya",34,5,4,0,11,1
2019,e,"Okoye, Louis",122,20,6,3,29,3
2019,e,"Ota, Hikaru",112,21,7,1,23,1
2019,e,"Shima, Motohiro",131,23,13,1,20,3
2019,e,"Shimai, Hirohito",2,0,1,0,0,0
2019,e,"Shimauchi, Hiroaki",585,145,58,11,65,10
2019,e,"Shimozuru, Ko",101,22,10,1,28,2
2019,e,"Shiomi, Takahiro",2,0,0,0,1,0
2019,e,"Tanaka, Kazuki",193,30,26,0,37,1
2019,e,"Tatsumi, Ryosuke",369,72,39,4,101,4
2019,e,"Tomura, Kenji",1,0,0,0,0,0
2019,e,"Uchida, Yasuhito",5,0,2,1,0,0
2019,e,"Wada, Ren",113,27,3,1,32,2
2019,e,"Watanabe, Naoto",19,1,1,1,7,1
2019,e,"Watanabe, Yoshiaki",245,49,14,1,40,1
2019,e,"Wheeler, Zelous",472,100,43,8,96,19
2019,e,"Yamasaki, Tsuyoshi",30,9,0,0,5,1
2019,e,"Yamashita, Ayatsugu",66,11,1,2,13,3
2019,f,"Arihara, Kohei",4,0,0,0,1,0
2019,f,"Asama, Daiki",33,6,1,0,5,0
2019,f,"Hakumura, Akihiro",3,0,0,0,3,0
2019,f,"Hiranuma, Shota",184,39,10,3,26,1
2019,f,"Imai, Junnosuke",7,1,0,0,2,0
2019,f,"Ishii, Kazunari",226,44,16,0,61,4
2019,f,"Ishikawa, Ryo",86,15,2,0,29,0
2019,f,"Kaneko, Chihiro",3,0,0,0,3,0
2019,f,"Kato, Takayuki",1,0,0,0,0,0
2019,f,"Kiyomiya, Kotaro",278,51,21,3,75,7
2019,f,"Kondo, Kensuke",600,148,103,2,81,2
2019,f,"Kori, Takuya",4,1,0,0,2,0
2019,f,"Kurobane, Toshiki",3,0,1,0,1,0
2019,f,"Mannami, Chusei",4,0,0,0,2,0
2019,f,"Matsumoto, Go",3,1,0,0,0,0
2019,f,"Nakashima, Takuya",328,64,22,2,70,0
2019,f,"Nakata, Sho",514,109,55,5,83,24
2019,f,"Nishikawa, Haruki",651,158,93,2,111,5
2019,f,"Ota, Taishi",594,161,27,5,111,20
2019,f,"Sanematsu, Kazunari",1,0,0,0,0,0
2019,f,"Shimizu, Yushi",246,56,19,1,51,5
2019,f,"Sugiya, Kenshi",157,28,13,3,36,4
2019,f,"Tanaka, Kensuke",170,39,14,0,17,1
2019,f,"Taniguchi, Yuya",50,11,2,0,12,2
2019,f,"Tsuruoka, Shinya",69,11,3,0,13,1
2019,f,"Uehara, Kenta",3,0,0,0,3,0
2019,f,"Usami, Shingo",103,19,6,0,19,0
2019,f,"Uwasawa, Naoyuki",2,0,0,0,0,0
2019,f,"Wang, Po-Jung",340,78,25,6,65,3
2019,f,"Watanabe, Ryo",543,126,48,6,120,11
2019,f,"Yachi, Ryota",26,2,0,1,8,0
2019,f,"Yokoo, Toshitake",191,32,15,4,34,3
2019,f,"Yoshida, Kosei",1,0,0,0,0,0
2019,g,"Abe, Shinnosuke",192,47,28,4,23,7
2019,g,"Cook, Ryan",1,0,0,0,1,0
2019,g,"Furukawa, Yuri",1,0,0,0,1,0
2019,g,"Guerrero, Alex",333,68,40,4,59,21
2019,g,"Hatake, Seishu",4,1,1,0,1,0
2019,g,"Imamura, Nobutaka",26,4,1,0,9,0
2019,g,"Ishikawa, Shingo",76,18,6,0,14,4
2019,g,"Jungmann, Taylor",14,3,0,0,4,0
2019,g,"Kagiya, Yohei",1,0,0,0,1,0
2019,g,"Kamei, Yoshiyuki",503,128,45,0,91,13
2019,g,"Kato, Shuhei",3,0,0,0,1,0
2019,g,"Kishida, Yukinori",7,0,0,0,2,0
2019,g,"Kitamura, Takumi",7,0,1,1,2,0
2019,g,"Kobayashi, Seiji",236,52,7,4,48,2
2019,g,"Kuwahara, Takuya",1,0,0,0,1,0
2019,g,"Martinez, Jorge",8,1,0,0,5,0
2019,g,"Maru, Yoshihiro",631,156,86,3,125,27
2019,g,"Masuda, Daiki",58,10,6,0,11,0
2019,g,"Mercedes, Cristopher Crisostomo",42,3,1,0,16,0
2019,g,"Miyaguni, Ryosuke",2,0,0,0,2,0
2019,g,"Nakajima, Hiroyuki",65,8,9,1,21,1
2019,g,"Nogami, Ryoma",2,0,0,0,2,0
2019,g,"Oe, Ryusei",1,0,0,0,0,0
2019,g,"Okamoto, Kazuma",628,147,62,6,132,31
2019,g,"Oshiro, Takumi",329,78,25,4,80,6
2019,g,"Sakamoto, Hayato",639,173,77,2,123,40
2019,g,"Sakurai, Toshiki",29,2,2,0,13,0
2019,g,"Sawamura, Hirokazu",2,0,0,0,1,0
2019,g,"Shigenobu, Shinnosuke",174,42,11,0,43,2
2019,g,"Sugano, Tomoyuki",53,4,0,0,16,0
2019,g,"Sumitani, Ginjiro",138,33,7,2,28,6
2019,g,"Taguchi, Kazuto",3,0,0,0,2,0
2019,g,"Takagi, Kyosuke",4,0,0,0,1,0
2019,g,"Takahashi, Yuki",34,3,0,0,20,0
2019,g,"Takata, Hosei",1,0,0,0,1,0
2019,g,"Tanaka, Shunta",176,35,14,0,36,4
2019,g,"Tateoka, Soichiro",16,4,2,0,4,0
2019,g,"Togo, Shosei",3,0,0,0,2,0
2019,g,"Tone, Chiaki",1,0,0,0,0,0
2019,g,"Usami, Shingo",4,1,0,0,0,0
2019,g,"Villanueva, Christian",235,45,25,6,52,8
2019,g,"Wakabayashi, Akihiro",273,56,32,2,51,5
2019,g,"Yamaguchi, Shun",69,4,3,0,34,0
2019,g,"Yamamoto, Yasuhiro",212,41,22,7,51,2
2019,g,"Yamashita, Kota",13,2,1,0,2,0
2019,g,"Yoh, Daikan",231,57,22,1,66,4
2019,g,"Yoshikawa, Daiki",10,0,1,0,3,0
2019,g,"Yoshikawa, Naoki",46,16,3,0,4,0
2019,h,"Akashi, Kenji",315,70,26,1,66,5
2019,h,"Colas, Oscar",21,5,1,2,6,1
2019,h,"Despaigne, Alfredo",519,116,63,5,119,36
2019,h,"Egawa, Tomoaki",17,5,1,1,3,0
2019,h,"Fukuda, Shuhei",183,43,11,0,48,9
2019,h,"Gracial, Yurisbel",410,119,22,7,84,28
2019,h,"Hasegawa, Yuya",54,13,7,2,4,3
2019,h,"Imamiya, Kenta",426,98,32,3,67,14
2019,h,"Kai, Takuya",454,98,50,1,114,11
2019,h,"Kamamoto, Go",189,38,12,0,56,4
2019,h,"Kawase, Hikaru",37,6,1,0,5,0
2019,h,"Kawashima, Keizo",88,24,17,1,9,1
2019,h,"Kuki, Ryuhei",3,0,0,1,1,0
2019,h,"Kurihara, Ryoya",45,9,3,2,10,1
2019,h,"Makihara, Taisei",436,99,10,4,85,3
2019,h,"Masago, Yusuke",23,3,1,0,11,0
2019,h,"Masuda, Shu",4,0,0,0,1,0
2019,h,"Matsuda, Nobuhiro",576,139,33,3,115,30
2019,h,"Matsumoto, Yuki",3,1,0,0,1,0
2019,h,"Mima, Yuki",22,2,0,0,5,1
2019,h,"Mimori, Masaki",51,10,2,1,17,0
2019,h,"Nakamura, Akira",159,34,15,1,13,3
2019,h,"Nishida, Tetsuro",8,1,0,0,0,0
2019,h,"Nomura, Daiju",2,1,0,0,0,0
2019,h,"Otake, Kotaro",3,0,0,0,2,0
2019,h,"Senga, Kodai",6,2,0,0,2,0
2019,h,"Shuto, Ukyo",114,20,2,0,27,1
2019,h,"Suarez, Robert",1,0,0,0,1,0
2019,h,"Takahashi, Rei",4,1,0,0,2,0
2019,h,"Takata, Tomoki",125,18,3,1,36,0
2019,h,"Takaya, Hiroaki",42,5,5,0,15,1
2019,h,"Takeda, Shota",1,0,0,0,0,0
2019,h,"Tsukada, Masayoshi",24,4,5,1,6,1
2019,h,"Uchikawa, Seiichi",535,128,28,2,49,12
2019,h,"Uebayashi, Seiji",286,50,18,3,75,11
2019,h,"Wada, Tsuyoshi",2,0,1,0,1,0
2019,h,"Yanagita, Yuki",157,37,28,1,28,7
2019,l,"Akiyama, Shogo",678,179,78,9,108,20
2019,l,"Enokida, Daiki",1,0,0,0,0,0
2019,l,"Genda, Sosuke",609,148,40,1,67,2
2019,l,"Hirai, Katsunori",1,0,0,0,1,0
2019,l,"Honda, Keisuke",2,0,0,0,0,0
2019,l,"Imai, Tatsuya",3,0,0,0,2,0
2019,l,"Kaneko, Yuji",524,116,49,3,81,3
2019,l,"Kimura, Fumikazu",441,86,24,5,101,10
2019,l,"Komazuki, Hitoto",7,1,0,0,1,0
2019,l,"Kumashiro, Masato",17,4,1,0,5,0
2019,l,"Kuriyama, Takumi",466,103,48,3,100,7
2019,l,"Matsumoto, Wataru",4,0,0,0,1,0
2019,l,"Mejia, Ernesto",147,27,15,0,46,6
2019,l,"Mizuguchi, Daichi",11,0,1,0,4,0
2019,l,"Mori, Tomoya",573,162,72,2,89,23
2019,l,"Moriwaki, Ryosuke",1,0,0,0,1,0
2019,l,"Nagae, Kyohei",26,2,4,0,12,0
2019,l,"Nakamura, Takeya",557,142,54,4,123,30
2019,l,"Nakata, Shota",9,1,0,0,4,0
2019,l,"Neal, Zach",2,0,0,0,0,0
2019,l,"Okada, Masatoshi",78,16,9,2,12,1
2019,l,"Saito, Shogo",3,0,0,0,3,0
2019,l,"Sato, Ryusei",63,13,3,0,14,2
2019,l,"Suzuki, Shohei",28,4,1,0,6,0
2019,l,"Takagi, Wataru",1,0,0,0,0,0
2019,l,"Takahashi, Kona",5,0,0,0,4,0
2019,l,"Takeda, Aito",57,8,3,0,11,0
2019,l,"Togame, Ken",2,0,0,0,1,0
2019,l,"Togawa, Daisuke",25,4,2,0,4,1
2019,l,"Tonosaki, Shuta",621,146,63,5,132,26
2019,l,"Yamada, Haruka",13,2,1,0,4,0
2019,l,"Yamakawa, Hotaka",626,134,86,13,142,43
2019,l,"Yamanobe, Kakeru",18,1,2,2,4,0
2019,m,"Bolsinger, Mike",2,0,0,0,1,0
2019,m,"Dohi, Seiya",4,0,0,0,4,0
2019,m,"Emura, Naoya",35,3,2,0,10,1
2019,m,"Fujioka, Yudai",278,66,16,0,33,2
2019,m,"Fujiwara, Kyota",19,2,0,0,6,0
2019,m,"Fukuura, Kazuya",4,0,0,0,0,0
2019,m,"Futaki, Kota",6,0,1,0,4,0
2019,m,"Hirasawa, Taiga",108,18,12,0,28,1
2019,m,"Hosokawa, Toru",8,2,0,0,1,0
2019,m,"Hosoya, Kei",20,3,1,0,7,0
2019,m,"Inoue, Seiya",509,108,67,9,98,24
2019,m,"Ishikawa, Ayumu",1,0,0,0,1,0
2019,m,"Iwashita, Daiki",3,0,0,0,2,0
2019,m,"Kakinuma, Tomoya",73,9,4,5,20,1
2019,m,"Kakunaka, Katsuya",435,95,55,5,63,8
2019,m,"Kato, Shohei",120,22,7,2,32,4
2019,m,"Katsuki, Kazuya",33,5,0,0,9,1
2019,m,"Kiyota, Ikuhiro",377,85,35,2,77,10
2019,m,"Laird, Brandon",553,121,55,8,128,32
2019,m,"Lee, Tu-Hsuan",1,0,0,0,1,0
2019,m,"Martin, Leonys",228,45,26,7,57,14
2019,m,"Matsuda, Shin",6,1,1,0,1,0
2019,m,"Mike, Kazuma",22,6,1,0,8,1
2019,m,"Miki, Ryo",145,27,6,4,38,2
2019,m,"Nakamura, Shogo",586,119,53,12,96,17
2019,m,"Ogino, Takashi",569,160,40,8,56,10
2019,m,"Oka, Hiromi",182,35,18,6,32,6
2019,m,"Sugano, Tsuyoshi",73,13,6,1,11,3
2019,m,"Suzuki, Daichi",614,152,56,16,75,15
2019,m,"Takahama, Takuya",7,2,0,0,3,0
2019,m,"Tamura, Tatsuhiro",321,69,22,0,59,3
2019,m,"Taneichi, Atsuki",1,0,0,0,1,0
2019,m,"Vargas, Kennys",102,15,16,2,36,1
2019,m,"Wakui, Hideaki",2,0,0,0,2,0
2019,m,"Yoshida, Yuta",56,11,5,0,13,2
2019,s,"Aoki, Norichika",565,145,61,11,72,16
2019,s,"Araki, Takahiro",140,31,13,2,29,2
2019,s,"Balentien, Wladimir",468,115,54,1,117,33
2019,s,"Buchanan, David",32,2,2,0,15,0
2019,s,"Fujii, Ryota",17,1,3,0,3,0
2019,s,"Hamada, Taiki",5,0,0,0,3,0
2019,s,"Hara, Juri",26,6,2,0,8,0
2019,s,"Hatakeyama, Kazuhiro",1,1,0,0,0,0
2019,s,"Hirooka, Taishi",243,41,33,2,77,10
2019,s,"Hoshi, Tomoya",2,0,0,0,0,0
2019,s,"Huff, Dave",1,0,0,0,0,0
2019,s,"Ino, Suguru",11,2,0,0,4,0
2019,s,"Ishikawa, Masanori",41,8,1,0,8,0
2019,s,"Kawabata, Shingo",67,10,5,0,8,0
2019,s,"Kazahari, Ren",1,0,0,0,0,0
2019,s,"Koga, Yudai",17,3,1,0,2,0
2019,s,"Matsumoto, Naoki",73,14,3,1,9,1
2019,s,"McGough, Scott",1,0,0,0,1,0
2019,s,"Miyamoto, Takeshi",47,6,4,0,19,0
2019,s,"Murakami, Munetaka",593,118,74,5,184,36
2019,s,"Nakamura, Yuhei",450,100,53,10,64,5
2019,s,"Nakayama, Shota",100,28,3,0,25,5
2019,s,"Nishida, Akihisa",62,11,8,0,16,0
2019,s,"Nishiura, Naomichi",162,35,10,1,35,4
2019,s,"Obiki, Keiji",137,24,13,0,28,1
2019,s,"Ogawa, Yasuhiro",52,4,5,0,20,0
2019,s,"Okumura, Nobuyuki",195,33,16,3,47,1
2019,s,"Omura, Hajime",5,1,0,0,0,1
2019,s,"Ota, Kengo",337,76,23,2,78,3
2019,s,"Sakaguchi, Tomotaka",77,8,10,2,13,0
2019,s,"Shimizu, Noboru",3,0,0,0,3,0
2019,s,"Shiomi, Yasutaka",98,16,8,2,24,1
2019,s,"Suarez, Albert",8,1,0,0,6,0
2019,s,"Tagawa, Kengo",6,0,0,0,3,0
2019,s,"Takahashi, Keiji",32,6,0,0,10,0
2019,s,"Takai, Yuhei",493,122,37,2,71,12
2019,s,"Takanashi, Hirotoshi",19,1,0,0,8,0
2019,s,"Tashiro, Shotaro",21,5,0,1,6,0
2019,s,"Terahara, Hayato",6,0,1,0,2,0
2019,s,"Terashima, Naruki",1,0,1,0,0,0
2019,s,"Ueda, Tsuyoshi",57,12,1,1,7,0
2019,s,"Umeno, Yugo",1,0,0,0,0,0
2019,s,"Watanabe, Daiki",9,1,0,1,2,1
2019,s,"Yamada, Hiroki",24,0,1,0,17,0
2019,s,"Yamada, Tetsuto",641,141,110,6,121,35
2019,s,"Yamanaka, Hirofumi",1,1,0,0,0,0
2019,s,"Yamasaki, Kotaro",185,46,10,1,39,0
2019,s,"Yoshida, Taisei",39,6,4,2,8,0
2019,t,"Akiyama, Takumi",19,2,1,0,3,0
2019,t,"Aoyagi, Koyo",43,0,1,0,19,0
2019,t,"Araki, Fumiya",9,1,0,0,4,0
2019,t,"Chikamoto, Koji",640,159,31,6,110,9
2019,t,"Egoshi, Taiga",16,1,1,0,9,0
2019,t,"Fujikawa, Shunsuke",6,0,0,0,1,0
2019,t,"Fujinami, Shintaro",1,0,0,0,1,0
2019,t,"Fukudome, Kosuke",403,89,49,1,85,10
2019,t,"Garcia, Onelki",33,4,0,0,9,0
2019,t,"Hamachi, Masumi",1,1,0,0,0,0
2019,t,"Haraguchi, Fumihito",94,24,4,1,23,1
2019,t,"Hojo, Fumiya",211,43,23,1,40,5
2019,t,"Itohara, Kento",572,131,60,7,70,2
2019,t,"Itoi, Yoshio",444,120,52,7,63,5
2019,t,"Iwasada, Yuta",12,0,1,0,5,0
2019,t,"Iwata, Minoru",27,0,2,0,17,0
2019,t,"Iwazaki, Suguru",1,0,0,0,1,0
2019,t,"Kinami, Seiya",390,95,18,3,77,4
2019,t,"Marte, Jefry",412,99,51,7,73,12
2019,t,"Messenger, Randy",19,0,0,0,10,0
2019,t,"Mochizuki, Atsushi",8,0,0,0,2,0
2019,t,"Nagasaka, Kenya",1,1,0,0,0,1
2019,t,"Nakatani, Masahiro",131,21,12,1,37,6
2019,t,"Navarro, Efren",45,9,2,0,9,0
2019,t,"Nishi, Yuki",60,9,3,0,18,0
2019,t,"Oyama, Yusuke",587,139,39,5,98,14
2019,t,"Saiki, Hiroto",6,0,0,0,5,0
2019,t,"Sakamoto, Seishiro",44,7,1,0,8,2
2019,t,"Shimada, Kairi",5,1,1,0,1,0
2019,t,"Solarte, Yangervis",80,13,9,0,13,4
2019,t,"Takahashi, Haruto",31,3,0,0,13,0
2019,t,"Takayama, Shun",300,73,24,3,56,5
2019,t,"Toritani, Takashi",105,19,12,0,16,0
2019,t,"Ueda, Kai",37,8,1,1,8,1
2019,t,"Uemoto, Hiroki",119,20,11,0,37,1
2019,t,"Umeno, Ryutaro",492,115,34,6,83,9
2019,t,"Yamazaki, Noriharu",1,0,0,0,1,0
2019,t,"Yokawa, Naomasa",60,6,4,0,19,3
2020,b,"Adachi, Ryoichi",311,77,26,1,48,2
2020,b,"Fukuda, Shuhei",312,67,43,3,44,0
2020,b,"Fushimi, Torai",198,49,6,0,35,6
2020,b,"Gibo, Sho",18,2,0,0,7,0
2020,b,"Gotoh, Shunta",62,6,8,0,17,0
2020,b,"Hirosawa, Shinya",22,3,0,0,7,0
2020,b,"Jones, Adam",338,78,32,2,66,12
2020,b,"Katsumata, Shoki",8,0,0,0,8,0
2020,b,"Kojima, Shuhei",20,3,0,0,9,0
2020,b,"Kurebayashi, Kotaro",18,4,1,0,4,0
2020,b,"Matsui, Masato",40,8,3,1,7,1
2020,b,"Matsui, Yusuke",53,11,0,0,12,0
2020,b,"Moya, Steven",176,45,11,1,33,12
2020,b,"Mune, Yuma",203,41,10,6,32,1
2020,b,"Nakagawa, Keita",155,21,9,0,25,2
2020,b,"Nishimura, Ryo",76,10,9,0,12,1
2020,b,"Nishino, Masahiro",77,17,5,0,10,0
2020,b,"Nishiura, Hayato",97,17,5,0,21,2
2020,b,"Oda, Yuya",94,21,2,1,23,1
2020,b,"Ohshiro, Koji",285,52,20,3,51,1
2020,b,"Ohshita, Seiichiro",104,19,8,5,15,2
2020,b,"Ohta, Ryo",61,14,4,1,19,3
2020,b,"Okada, Takahiro",377,84,40,4,87,16
2020,b,"Rodriguez, Aderlin",211,42,14,3,55,6
2020,b,"Sano, Kodai",162,30,9,0,37,0
2020,b,"Sugimoto, Yutaro",141,34,10,4,34,2
2020,b,"Tongu, Yuma",35,10,3,0,11,2
2020,b,"Wakatsuki, Kenya",215,46,9,5,40,3
2020,b,"Yamaashi, Tatsuya",105,21,2,1,13,1
2020,b,"Yamazaki, Katsuki",1,0,0,0,0,0
2020,b,"Yoshida, Masataka",492,143,72,8,29,14
2020,c,"Abe, Tomohiro",44,7,4,0,17,0
2020,c,"Aizawa, Tsubasa",263,61,22,11,51,7
2020,c,"Chono, Hisayoshi",299,76,29,1,61,10
2020,c,"Dohbayashi, Shota",451,112,41,4,91,14
2020,c,"Endoh, Atsushi",36,6,1,0,12,0
2020,c,"Hatsuki, Ryutaro",40,6,2,0,7,0
2020,c,"Hayashi, Kouta",8,1,0,0,5,0
2020,c,"Horie, Atsuya",1,0,0,0,1,0
2020,c,"Ishihara, Yoshiyuki",5,0,0,0,1,0
2020,c,"Isomura, Yoshitaka",55,10,4,0,8,1
2020,c,"Johnson, Kris",15,1,0,0,7,0
2020,c,"Kemna, Makoto",3,0,1,0,2,0
2020,c,"Kikuchi, Ryosuke",429,102,35,1,68,10
2020,c,"Kokubo, Tetsuya",3,1,0,0,0,0
2020,c,"Kozono, Kaito",6,0,0,0,1,0
2020,c,"Kuri, Aren",42,2,1,0,24,0
2020,c,"Kuwahara, Tatsuki",3,0,0,0,0,0
2020,c,"Matsuyama, Ryuhei",425,112,17,1,72,9
2020,c,"Mejia, Alejandro",85,15,5,0,21,2
2020,c,"Miyoshi, Takumi",29,3,2,0,5,0
2020,c,"Morishita, Masato",46,6,0,1,16,0
2020,c,"Nakamura, Shosei",4,0,0,0,1,0
2020,c,"Nakamura, Yuta",14,1,0,0,4,0
2020,c,"Nishikawa, Ryoma",328,90,28,2,52,6
2020,c,"Noma, Takayoshi",56,12,4,0,17,0
2020,c,"Nomura, Yusuke",25,2,3,0,11,0
2020,c,"Ohmori, Minoru",148,35,11,1,50,2
2020,c,"Ohsera, Daichi",24,5,1,0,6,1
2020,c,"Pirela, Jose",337,84,19,2,53,11
2020,c,"Sakakura, Shogo",228,60,17,2,36,3
2020,c,"Scott, Tayler",1,0,0,0,0,0
2020,c,"Shirahama, Yuta",1,0,0,0,0,0
2020,c,"Shozui, Yuya",8,1,1,0,1,1
2020,c,"Sone, Kaisei",17,4,1,0,5,0
2020,c,"Suzuki, Seiya",514,129,72,9,73,25
2020,c,"Takahashi, Hiroki",16,3,1,0,5,0
2020,c,"Tanaka, Kosuke",454,95,55,5,86,8
2020,c,"Tokoda, Hiroki",30,5,0,0,6,0
2020,c,"Uemoto, Takashi",62,11,5,2,4,0
2020,c,"Ugusa, Koki",47,11,3,1,7,0
2020,c,"Yabuta, Kazuki",7,0,1,0,3,0
2020,d,"Abe, Toshiki",459,108,30,1,92,13
2020,d,"Almonte, Zoilo",247,63,30,2,42,9
2020,d,"Donoue, Naomichi",55,10,4,0,11,0
2020,d,"Endoh, Issei",87,16,6,3,12,0
2020,d,"Fukuda, Nobumasa",216,48,18,2,43,5
2020,d,"Fukutani, Koji",36,6,0,0,10,0
2020,d,"Gunji, Yuya",76,10,9,1,19,0
2020,d,"Hirata, Ryosuke",193,39,24,2,33,3
2020,d,"Iryo, Masataka",155,27,18,0,24,0
2020,d,"Ishigaki, Masami",34,4,1,0,12,1
2020,d,"Ishikawa, Shun",13,3,1,2,3,0
2020,d,"Ishikawa, Takaya",41,8,3,1,12,0
2020,d,"Katoh, Takuma",43,5,1,0,8,0
2020,d,"Katsuno, Akiyoshi",25,2,2,0,16,0
2020,d,"Katsura, Iori",9,2,0,0,3,0
2020,d,"Kinoshita, Takuya",269,67,12,1,49,6
2020,d,"Kyoda, Yota",491,109,27,6,80,5
2020,d,"Martinez, Ariel",109,28,14,0,31,2
2020,d,"Matsuba, Takahiro",25,3,0,0,10,0
2020,d,"Mitsuma, Takuya",1,0,0,0,1,0
2020,d,"Mitsumata, Taiki",6,1,0,0,2,0
2020,d,"Mizowaki, Hayato",50,10,2,0,8,0
2020,d,"Neo, Akira",25,2,2,0,7,0
2020,d,"Ogasawara, Shinnosuke",7,1,0,0,3,0
2020,d,"Ohno, Yudai",53,5,2,0,28,0
2020,d,"Ohshima, Yohei",525,146,47,4,51,1
2020,d,"Okabayashi, Yuki",7,2,0,0,2,0
2020,d,"Okano, Yuichiro",12,0,0,0,5,0
2020,d,"Rodriguez, Yariel",20,3,0,0,6,0
2020,d,"Shimizu, Tatsuya",6,0,0,0,3,0
2020,d,"Sierra, Moises",94,18,10,3,25,1
2020,d,"Takahashi, Shuhei",438,120,39,2,70,7
2020,d,"Takeda, Kengo",64,10,5,0,13,0
2020,d,"Takino, Kaname",8,2,1,0,1,0
2020,d,"Umetsu, Kodai",15,4,2,0,4,0
2020,d,"Viciedo, Dayan",462,109,34,9,48,17
2020,d,"Watanabe, Masaru",16,3,1,0,6,0
2020,d,"Yamamoto, Takumi",7,1,0,0,3,0
2020,d,"Yanagi, Yuya",32,2,1,0,13,0
2020,d,"Yoshimi, Kazuki",6,0,0,0,3,0
2020,db,"Austin, Tyler",269,68,29,1,69,20
2020,db,"Ebina, Tatsuo",24,3,2,1,8,1
2020,db,"Escobar, Edwin",1,0,0,0,1,0
2020,db,"Hamaguchi, Haruhiro",31,2,1,0,15,0
2020,db,"Hirata, Shingo",5,0,0,0,2,0
2020,db,"Hosokawa, Seiya",54,12,2,1,20,1
2020,db,"Imanaga, Shota",19,2,1,0,8,0
2020,db,"Inoh, Shoichi",31,4,0,0,13,0
2020,db,"Ise, Hiromu",3,0,1,0,2,0
2020,db,"Itoh, Hikaru",63,11,10,1,15,0
2020,db,"Itoh, Yukiya",17,4,2,0,2,0
2020,db,"Kajitani, Takayuki",482,140,45,1,85,19
2020,db,"Kamichatani, Taiga",22,3,1,0,10,0
2020,db,"Kamizato, Kazuki",190,52,15,3,42,3
2020,db,"Kuniyoshi, Yuki",4,2,0,0,1,0
2020,db,"Kuramoto, Toshihiko",216,55,16,1,42,1
2020,db,"Kusumoto, Taishi",29,4,2,1,7,1
2020,db,"Kuwahara, Masayuki",42,5,3,1,11,1
2020,db,"Kyoyama, Masaya",10,0,2,0,2,0
2020,db,"Lopez, Jose",305,72,10,0,36,12
2020,db,"Maeda, Yamato",225,56,20,0,28,4
2020,db,"Minei, Hiroki",60,18,4,1,14,0
2020,db,"Miyamoto, Shumei",5,2,0,0,3,0
2020,db,"Miyazaki, Toshiro",460,129,24,4,29,14
2020,db,"Momose, Hiroki",4,1,0,0,2,0
2020,db,"Mori, Keito",12,3,0,0,1,0
2020,db,"Mutoh, Yuta",5,0,0,0,3,0
2020,db,"Nakagawa, Koh",2,1,0,0,0,0
2020,db,"Nakai, Daisuke",105,25,3,1,23,2
2020,db,"Ohnuki, Shinichi",44,4,1,0,19,0
2020,db,"Otosaka, Tomo",115,21,12,0,28,1
2020,db,"Patton, Spencer",1,0,0,0,0,0
2020,db,"Peoples, Michael",13,1,0,0,8,0
2020,db,"Sakaguchi, Kousuke",2,0,0,0,2,0
2020,db,"Sakamoto, Yuya",17,1,0,0,4,0
2020,db,"Sakurai, Shuto",3,0,0,0,0,0
2020,db,"Sano, Keita",451,132,42,4,58,20
2020,db,"Shibata, Tatsuhiro",276,62,29,4,50,2
2020,db,"Shindoh, Takuya",1,0,0,0,1,0
2020,db,"Soto, Neftali",480,108,44,3,103,25
2020,db,"Sunada, Yoshiki",1,1,0,0,0,0
2020,db,"Taira, Kentaro",31,2,0,0,17,0
2020,db,"Takajoh, Shuto",46,8,2,1,22,3
2020,db,"Tobashira, Yasutaka",276,55,11,0,53,5
2020,db,"Yamamoto, Yuudai",3,0,0,0,1,0
2020,db,"Yamashita, Kouki",46,9,3,0,7,0
2020,e,"Adachi, Yuichi",66,10,6,0,15,1
2020,e,"Akaminai, Ginji",245,50,23,2,28,0
2020,e,"Asamura, Hideto",529,121,91,4,111,32
2020,e,"Blash, Jabari",149,28,25,2,46,2
2020,e,"Fujita, Kazuya",38,7,1,0,5,0
2020,e,"Horiuchi, Kengo",8,0,0,0,4,0
2020,e,"Ishihara, Tsuyoshi",24,4,0,0,13,0
2020,e,"Iwami, Masaki",38,8,1,0,11,1
2020,e,"Kobukata, Hiroto",437,109,42,4,59,3
2020,e,"Kurokawa, Fumiya",17,2,1,1,6,0
2020,e,"Mogi, Eigoro",321,83,39,5,52,7
2020,e,"Murabayashi, Itsuki",1,0,0,0,0,0
2020,e,"Ogoh, Yuya",129,31,19,1,34,4
2020,e,"Ohta, Hikaru",164,26,18,2,38,2
2020,e,"Okajima, Takero",85,15,8,0,26,0
2020,e,"Romero, Stefen",404,97,38,8,108,24
2020,e,"Shimauchi, Hiroaki",471,114,48,7,71,8
2020,e,"Shimotsuma, Takahiro",90,12,1,0,26,1
2020,e,"Shimozuru, Ko",35,6,2,1,11,1
2020,e,"Suzuki, Daichi",546,141,46,7,58,4
2020,e,"Tanaka, Kazuki",282,61,23,1,76,8
2020,e,"Tanaka, Takaya",18,6,1,0,7,1
2020,e,"Tatsumi, Ryosuke",282,56,20,2,57,8
2020,e,"Uchida, Yasuhito",109,16,14,1,31,5
2020,e,"Wada, Ren",17,2,1,0,4,0
2020,e,"Watanabe, Naoto",4,2,0,0,1,0
2020,e,"Watanabe, Yoshiaki",95,20,3,0,15,0
2020,e,"Yamasaki, Tsuyoshi",16,2,1,0,2,0
2020,e,"Yamashita, Ayatsugu",8,0,1,0,3,0
2020,f,"Asama, Daiki",63,11,3,0,21,0
2020,f,"Higuchi, Ryunosuke",64,7,9,1,15,1
2020,f,"Hiranuma, Shota",180,36,12,4,24,0
2020,f,"Ishii, Kazunari",104,17,3,0,13,0
2020,f,"Ishikawa, Ryo",22,3,0,0,8,0
2020,f,"Kiyomiya, Kotaro",263,43,33,3,59,7
2020,f,"Kohri, Takuya",7,0,1,0,1,0
2020,f,"Kondoh, Kensuke",467,126,89,2,72,5
2020,f,"Matsumoto, Go",162,28,8,4,21,1
2020,f,"Nakashima, Takuya",191,32,22,0,36,0
2020,f,"Nakata, Sho",506,105,55,2,109,31
2020,f,"Nishikawa, Haruki",523,129,92,2,84,5
2020,f,"Nomura, Yuki",76,19,1,1,17,3
2020,f,"Ohta, Taishi",481,125,25,1,105,14
2020,f,"Shimizu, Yushi",157,26,7,1,37,3
2020,f,"Sugiya, Kenshi",161,29,12,4,32,2
2020,f,"Takahama, Yuto",23,6,2,0,6,0
2020,f,"Tamiya, Yua",7,3,0,0,2,0
2020,f,"Taniguchi, Yuya",9,2,0,0,3,0
2020,f,"Tsuruoka, Shinya",17,5,0,0,2,0
2020,f,"Usami, Shingo",187,30,8,0,45,3
2020,f,"Villanueva, Christian",196,37,22,4,39,4
2020,f,"Wang, Po-Jung",95,18,6,1,27,2
2020,f,"Watanabe, Ryo",465,117,43,0,81,6
2020,f,"Yachi, Ryota",18,5,1,0,3,0
2020,f,"Yokoo, Toshitake",116,27,6,2,16,2
2020,g,"Hatake, Seishu",25,1,0,0,11,0
2020,g,"Imamura, Nobutaka",24,1,1,0,12,0
2020,g,"Ishikawa, Shingo",47,11,2,0,12,2
2020,g,"Kamei, Yoshiyuki",156,36,11,1,21,2
2020,g,"Katoh, Shuhei",1,0,0,0,1,0
2020,g,"Katsuki, Kazuya",9,0,0,0,2,0
2020,g,"Kishida, Yukinori",48,13,3,0,16,1
2020,g,"Kitamura, Takumi",88,17,10,1,24,2
2020,g,"Kobayashi, Seiji",21,1,0,2,4,0
2020,g,"Kuwahara, Takuya",1,0,0,0,0,0
2020,g,"Maru, Yoshihiro",491,120,63,0,101,27
2020,g,"Masuda, Daiki",48,11,11,0,12,0
2020,g,"Matsubara, Seiya",313,73,29,0,71,3
2020,g,"Mercedes, Cristopher Crisostomo",22,2,0,0,8,0
2020,g,"Mota, Israel",11,2,2,0,3,1
2020,g,"Nakajima, Hiroyuki",312,83,31,1,59,7
2020,g,"Naoe, Daisuke",4,0,0,0,1,0
2020,g,"Ohe, Ryusei",1,0,0,0,1,0
2020,g,"Ohshiro, Takumi",308,74,30,0,82,9
2020,g,"Okamoto, Kazuma",500,121,55,5,85,31
2020,g,"Parra, Gerardo",154,39,8,0,35,4
2020,g,"Sakamoto, Hayato",479,119,62,0,85,19
2020,g,"Sakurai, Toshiki",18,1,1,0,6,0
2020,g,"Sanchez, Angel",34,1,0,0,20,0
2020,g,"Sawamura, Hirokazu",1,0,0,0,1,0
2020,g,"Shigenobu, Shinnosuke",96,23,6,0,33,1
2020,g,"Sugano, Tomoyuki",53,4,1,0,16,0
2020,g,"Sumitani, Ginjiro",114,18,8,2,23,1
2020,g,"Taguchi, Kazuto",34,6,3,0,11,0
2020,g,"Takahashi, Yuki",7,1,0,0,3,0
2020,g,"Tanaka, Shunta",78,18,8,1,15,1
2020,g,"Tanaka, Toyoki",1,0,1,0,0,0
2020,g,"Tateoka, Soichiro",27,6,4,0,6,1
2020,g,"Togo, Shosei",37,0,0,0,21,0
2020,g,"Urena, Estamy",20,3,2,0,8,0
2020,g,"Wakabayashi, Akihiro",159,36,8,1,32,2
2020,g,"Wheeler, Zelous",288,65,22,2,47,12
2020,g,"Yoh, Daikan",77,15,9,3,21,1
2020,g,"Yokogawa, Kai",2,0,0,0,0,0
2020,g,"Yoshikawa, Daiki",12,1,1,0,2,0
2020,g,"Yoshikawa, Naoki",389,97,30,3,60,8
2020,g,"Yuasa, Dai",9,0,1,0,3,0
2020,h,"Akashi, Kenji",172,39,12,0,32,2
2020,h,"Balentien, Wladimir",218,32,25,0,59,9
2020,h,"Despaigne, Alfredo",97,19,12,0,11,6
2020,h,"Gracial, Yurisbel",276,71,16,3,62,10
2020,h,"Hasegawa, Yuya",87,17,10,1,18,1
2020,h,"Imamiya, Kenta",177,44,5,0,22,6
2020,h,"Kai, Takuya",360,61,43,3,80,11
2020,h,"Kamamoto, Go",29,5,3,0,10,0
2020,h,"Kawase, Hikaru",164,27,11,1,26,0
2020,h,"Kawashima, Keizo",162,36,19,4,17,4
2020,h,"Kuki, Ryuhei",5,1,1,0,2,1
2020,h,"Kurihara, Ryoya",500,107,38,5,90,17
2020,h,"Makihara, Taisei",180,41,3,1,25,1
2020,h,"Masago, Yusuke",41,11,4,2,11,1
2020,h,"Matsuda, Nobuhiro",431,90,32,1,76,13
2020,h,"Mimori, Masaki",46,7,1,1,17,0
2020,h,"Nakamura, Akira",413,98,39,3,47,6
2020,h,"Nishida, Tetsuro",11,1,0,0,4,0
2020,h,"Shuto, Ukyo",346,83,24,2,79,1
2020,h,"Takaya, Hiroaki",62,13,4,2,19,2
2020,h,"Uebayashi, Seiji",178,29,11,4,39,6
2020,h,"Umino, Takashi",4,0,0,0,2,0
2020,h,"Yanagimachi, Tatsuru",6,1,1,0,0,0
2020,h,"Yanagita, Yuki",515,146,84,1,103,29
2020,l,"Genda, Sosuke",518,123,38,1,80,1
2020,l,"Kaneko, Yuji",338,75,29,0,55,3
2020,l,"Kawagoe, Seiji",74,10,9,0,24,2
2020,l,"Kimura, Fumikazu",301,61,18,7,75,8
2020,l,"Kishi, Junichiro",3,0,1,0,1,0
2020,l,"Kumashiro, Masato",11,1,1,0,3,0
2020,l,"Kuriyama, Takumi",428,101,53,1,77,12
2020,l,"Mejia, Ernesto",260,49,20,2,82,11
2020,l,"Mizuguchi, Daichi",6,1,0,0,2,0
2020,l,"Mori, Tomoya",405,90,38,3,67,9
2020,l,"Nakamura, Takeya",297,55,34,3,75,9
2020,l,"Nishikawa, Manaya",4,1,0,0,0,0
2020,l,"Okada, Masatoshi",65,6,1,1,7,0
2020,l,"Spangenberg, Cory",445,109,32,4,150,15
2020,l,"Suzuki, Shohei",157,29,10,1,24,1
2020,l,"Takagi, Wataru",40,7,0,0,8,2
2020,l,"Takeda, Aito",14,2,0,0,5,0
2020,l,"Togawa, Daisuke",9,1,0,0,0,0
2020,l,"Tonosaki, Shuta",500,107,54,4,87,8
2020,l,"Tsuge, Sena",43,7,4,0,14,2
2020,l,"Wu, Nien-Ting",52,10,4,2,8,0
2020,l,"Yamada, Haruka",5,1,0,0,1,0
2020,l,"Yamakawa, Hotaka",401,66,64,13,100,24
2020,l,"Yamanobe, Kakeru",64,14,1,2,11,0
2020,m,"Chatani, Kenta",17,1,0,0,6,0
2020,m,"Emura, Naoya",6,0,0,0,1,0
2020,m,"Fujioka, Yudai",370,72,36,1,60,4
2020,m,"Fujiwara, Kyota",105,25,6,0,33,3
2020,m,"Fukuda, Koki",26,2,3,0,8,0
2020,m,"Fukuda, Shuhei",225,44,17,0,73,5
2020,m,"Hosokawa, Toru",1,0,0,0,1,0
2020,m,"Inoue, Seiya",447,92,59,8,93,15
2020,m,"Kakinuma, Tomoya",129,17,5,3,31,0
2020,m,"Kakunaka, Katsuya",254,53,24,5,41,2
2020,m,"Katoh, Shohei",79,21,8,1,15,0
2020,m,"Kiyota, Ikuhiro",209,50,22,2,52,7
2020,m,"Laird, Brandon",147,31,13,0,28,6
2020,m,"Martin, Leonys",448,84,70,17,100,25
2020,m,"Miki, Ryo",5,1,0,0,2,0
2020,m,"Nakamura, Shogo",499,105,52,8,97,8
2020,m,"Nishimaki, Kenji",19,4,2,0,6,0
2020,m,"Ogino, Takashi",236,59,24,2,23,1
2020,m,"Oka, Hiromi",64,8,7,0,18,0
2020,m,"Satoh, Toshiya",127,26,9,2,25,2
2020,m,"Sugano, Tsuyoshi",275,58,45,2,55,2
2020,m,"Takabe, Akito",11,1,0,0,4,0
2020,m,"Tamura, Tatsuhiro",237,44,20,3,45,4
2020,m,"Toritani, Takashi",39,5,1,2,8,0
2020,m,"Wada, Koshiro",69,12,6,1,23,0
2020,m,"Yasuda, Hisanori",460,87,62,1,106,6
2020,m,"Yoshida, Yuta",1,0,0,0,0,0
2020,s,"Aoki, Norichika",425,113,62,5,51,18
2020,s,"Araki, Takahiro",84,12,6,1,18,1
2020,s,"Escobar, Alcides",402,103,13,9,52,1
2020,s,"Fujii, Ryota",20,5,1,0,3,0
2020,s,"Hamada, Taiki",105,20,5,0,30,3
2020,s,"Hara, Juri",4,0,1,0,0,0
2020,s,"Hirooka, Taishi",142,26,16,0,43,8
2020,s,"Hoshi, Tomoya",2,1,0,0,1,0
2020,s,"Ino, Suguru",22,2,1,0,6,0
2020,s,"Ishikawa, Masanori",27,1,1,0,9,0
2020,s,"Kanakubo, Yuto",4,1,0,0,1,0
2020,s,"Kawabata, Shingo",42,5,3,0,4,0
2020,s,"Kazahari, Ren",1,0,0,0,1,0
2020,s,"Koch, Matt",3,0,0,0,1,0
2020,s,"Koga, Yudai",46,2,0,2,4,0
2020,s,"Matsumoto, Naoki",14,3,1,0,3,0
2020,s,"Matsumoto, Yu",11,2,1,0,3,0
2020,s,"Miyamoto, Takeshi",171,40,18,2,23,2
2020,s,"Murakami, Munetaka",515,130,87,3,115,28
2020,s,"Nagaoka, Hideki",13,1,0,0,3,0
2020,s,"Nakamura, Yuhei",92,14,9,0,14,0
2020,s,"Nakayama, Shota",53,11,3,1,19,4
2020,s,"Nishida, Akihisa",215,44,20,3,48,7
2020,s,"Nishiura, Naomichi",310,70,16,2,74,10
2020,s,"Ogawa, Yasuhiro",47,5,3,0,16,0
2020,s,"Ohnishi, Hiroki",1,0,0,0,1,0
2020,s,"Ohta, Kengo",4,0,0,0,1,0
2020,s,"Saiuchi, Hiroaki",12,1,0,0,2,0
2020,s,"Sakaguchi, Tomotaka",458,98,47,7,60,9
2020,s,"Shima, Motohiro",45,4,3,0,19,0
2020,s,"Shiomi, Yasutaka",179,43,17,5,44,8
2020,s,"Suarez, Albert",23,0,0,0,10,0
2020,s,"Takahashi, Keiji",17,1,2,0,8,0
2020,s,"Takai, Yuhei",113,23,6,1,23,0
2020,s,"Takanashi, Hirotoshi",32,6,1,0,14,0
2020,s,"Takeoka, Ryusei",12,3,2,0,3,0
2020,s,"Tashiro, Shotaro",53,7,5,0,16,0
2020,s,"Terashima, Naruki",1,0,0,0,0,0
2020,s,"Ueda, Tsuyoshi",61,7,2,0,15,0
2020,s,"Watanabe, Daiki",12,3,1,0,3,0
2020,s,"Yamada, Hiroki",2,1,0,0,1,0
2020,s,"Yamada, Tetsuto",384,85,48,0,83,12
2020,s,"Yamanaka, Hirofumi",11,1,1,0,5,0
2020,s,"Yamasaki, Kotaro",323,69,31,1,70,3
2020,s,"Ynoa, Gabriel",6,0,0,0,2,0
2020,s,"Yoshida, Daiki",22,3,0,0,7,0
2020,s,"Yoshida, Taisei",11,1,1,0,2,0
2020,t,"Akiyama, Takumi",46,5,2,0,23,0
2020,t,"Aoyagi, Koyo",39,1,1,0,19,0
2020,t,"Araki, Fumiya",11,1,0,0,4,0
2020,t,"Bour, Justin",379,80,45,3,88,17
2020,t,"Chikamoto, Koji",519,139,30,7,61,9
2020,t,"Egoshi, Taiga",13,0,2,0,6,0
2020,t,"Fujikawa, Shunsuke",8,1,0,0,2,0
2020,t,"Fujinami, Shintaro",19,1,0,0,11,0
2020,t,"Fukudome, Kosuke",92,12,11,0,31,1
2020,t,"Garcia, Onelki",23,2,0,0,8,0
2020,t,"Gunkel, Joe",13,3,0,1,5,0
2020,t,"Haraguchi, Fumihito",78,20,5,1,16,3
2020,t,"Hojoh, Fumiya",112,19,9,1,23,2
2020,t,"Inoue, Kouta",11,1,0,0,5,0
2020,t,"Itayama, Yutaro",14,2,2,0,3,0
2020,t,"Itohara, Kento",244,64,19,3,33,3
2020,t,"Itoi, Yoshio",311,72,38,3,50,2
2020,t,"Iwasada, Yuta",15,2,0,0,8,0
2020,t,"Iwata, Minoru",7,0,0,0,4,0
2020,t,"Iwazaki, Suguru",1,0,0,0,1,0
2020,t,"Kinami, Seiya",334,74,24,2,54,3
2020,t,"Kumagai, Takahiro",17,5,1,0,5,0
2020,t,"Marte, Jefry",119,26,14,0,14,4
2020,t,"Nagasaka, Kenya",5,2,0,0,3,1
2020,t,"Nakata, Kenichi",2,1,0,0,1,0
2020,t,"Nakatani, Masahiro",87,17,5,1,27,2
2020,t,"Nishi, Yuki",56,5,1,0,16,1
2020,t,"Nohmi, Atsushi",1,0,0,0,1,0
2020,t,"Obata, Ryuhei",134,28,5,1,37,0
2020,t,"Ohyama, Yusuke",471,122,41,5,96,28
2020,t,"Saitoh, Yukiya",1,1,0,0,0,0
2020,t,"Sakamoto, Seishiro",95,16,13,0,20,0
2020,t,"Sands, Jerry",443,97,61,3,106,19
2020,t,"Shimada, Kairi",21,3,2,1,4,0
2020,t,"Takahashi, Haruto",24,3,0,0,8,0
2020,t,"Takayama, Shun",52,7,3,1,10,0
2020,t,"Ueda, Kai",83,9,14,4,22,0
2020,t,"Uemoto, Hiroki",51,7,4,0,11,0
2020,t,"Umeno, Ryutaro",342,78,33,0,77,7
2020,t,"Yohkawa, Naomasa",182,39,15,6,42,8
2021,b,"Adachi, Ryoichi",382,83,46,0,65,0
2021,b,"Cho, Yaku",1,0,0,0,0,0
2021,b,"Fukuda, Shuhei",471,112,43,8,52,1
2021,b,"Fushimi, Torai",262,52,14,3,39,4
2021,b,"Gibo, Sho",28,4,1,1,7,0
2021,b,"Gotoh, Shunta",17,2,1,0,6,1
2021,b,"Jones, Adam",180,36,22,3,35,4
2021,b,"Katsumata, Shoki",1,0,0,0,0,0
2021,b,"Kita, Ryoto",76,15,3,1,30,2
2021,b,"Kurebayashi, Kotaro",473,102,12,3,101,10
2021,b,"Masui, Hirotoshi",3,0,0,0,2,0
2021,b,"Matsui, Masato",7,0,0,0,2,0
2021,b,"Miyagi, Hiroya",6,1,0,0,5,0
2021,b,"Moya, Steven",375,81,17,0,81,13
2021,b,"Mune, Yuma",543,131,33,13,62,9
2021,b,"Nakagawa, Keita",169,33,8,2,23,1
2021,b,"Nishimura, Ryo",45,9,3,0,6,0
2021,b,"Nishino, Masahiro",42,6,1,0,6,0
2021,b,"Oda, Yuya",18,1,1,1,4,0
2021,b,"Ohshiro, Koji",71,11,3,2,14,0
2021,b,"Ohshita, Seiichiro",27,4,1,1,7,1
2021,b,"Ohta, Ryo",159,26,4,0,44,3
2021,b,"Okada, Takahiro",407,86,35,10,86,17
2021,b,"Ravelo, Rangel",7,3,0,0,1,0
2021,b,"Romero, Stefen",80,13,2,1,31,3
2021,b,"Sano, Kodai",87,12,1,1,26,1
2021,b,"Sano, Yukikazu",9,0,0,0,5,0
2021,b,"Sugimoto, Yutaro",542,144,51,10,116,32
2021,b,"Tajima, Daiki",1,0,1,0,0,0
2021,b,"Takeyasu, Daichi",1,0,0,0,1,0
2021,b,"Tongu, Yuma",125,26,8,3,41,5
2021,b,"Wakatsuki, Kenya",140,25,11,2,27,5
2021,b,"Yamaashi, Tatsuya",39,9,4,0,5,0
2021,b,"Yamamoto, Yoshinobu",3,0,0,0,2,0
2021,b,"Yamaoka, Taisuke",4,0,0,0,4,0
2021,b,"Yamasaki, Sachiya",2,1,0,0,0,0
2021,b,"Yoshida, Masataka",455,132,58,5,26,21
2021,c,"Abe, Tomohiro",170,38,15,1,47,1
2021,c,"Aizawa, Tsubasa",204,46,16,4,33,3
2021,c,"Chono, Hisayoshi",140,27,14,1,30,2
2021,c,"Corniel, Robert",3,0,0,0,2,0
2021,c,"Cron, Kevin",137,30,6,1,47,6
2021,c,"Dohbayashi, Shota",143,26,3,1,34,0
2021,c,"Endoh, Atsushi",3,0,0,0,0,0
2021,c,"Hatsuki, Ryutaro",117,26,8,0,26,1
2021,c,"Hayashi, Kota",376,95,16,2,93,10
2021,c,"Ishihara, Tomoki",125,27,9,0,24,4
2021,c,"Isomura, Yoshitaka",39,6,2,1,9,0
2021,c,"Kikuchi, Ryosuke",542,137,42,1,86,16
2021,c,"Kobayashi, Tatsuto",2,0,0,0,0,0
2021,c,"Kozono, Kaito",481,134,13,3,57,5
2021,c,"Kuri, Aren",51,1,0,0,33,0
2021,c,"Matsuyama, Ryuhei",194,46,17,0,22,2
2021,c,"Mejia, Alejandro",40,8,2,1,11,0
2021,c,"Miyoshi, Takumi",13,0,0,0,4,0
2021,c,"Morishita, Masato",57,3,1,0,19,0
2021,c,"Nakamura, Shosei",61,15,8,0,15,2
2021,c,"Nakamura, Yuta",3,0,0,0,2,0
2021,c,"Nishikawa, Ryoma",551,144,37,2,70,12
2021,c,"Noma, Takayoshi",270,68,17,2,29,2
2021,c,"Nomura, Yusuke",10,0,1,0,3,0
2021,c,"Ohmichi, Haruki",10,1,0,0,6,0
2021,c,"Ohmori, Minoru",41,10,1,1,19,0
2021,c,"Ohsera, Daichi",51,4,4,0,18,0
2021,c,"Sakakura, Shogo",484,133,51,4,60,12
2021,c,"Shozui, Yuya",27,3,1,0,10,1
2021,c,"Sone, Kaisei",6,0,1,0,3,0
2021,c,"Suzuki, Seiya",533,138,87,6,88,38
2021,c,"Takahashi, Kouya",25,3,0,0,12,0
2021,c,"Tamamura, Shogo",31,6,1,0,16,0
2021,c,"Tanaka, Kosuke",160,28,18,2,23,2
2021,c,"Tokoda, Hiroki",28,4,0,0,9,0
2021,c,"Uemoto, Takashi",68,15,5,6,10,0
2021,c,"Ugusa, Koki",158,43,6,3,42,4
2021,c,"Yabuta, Kazuki",1,0,0,0,0,0
2021,c,"Yano, Masaya",6,0,0,0,3,0
2021,d,"Abe, Toshiki",240,45,19,0,36,5
2021,d,"Donoue, Naomichi",234,48,9,0,42,5
2021,d,"Fujii, Atsushi",1,0,0,0,1,0
2021,d,"Fukuda, Nobumasa",305,68,22,3,49,8
2021,d,"Fukudome, Kosuke",216,42,23,0,56,4
2021,d,"Fukutani, Koji",27,3,0,0,10,0
2021,d,"Gerber, Mike",46,7,1,0,18,0
2021,d,"Gunji, Yuya",15,6,2,0,3,0
2021,d,"Hirata, Ryosuke",62,9,3,1,13,0
2021,d,"Iryo, Masataka",68,14,4,0,19,1
2021,d,"Ishibashi, Kota",16,2,1,0,3,0
2021,d,"Ishigaki, Masami",11,1,0,0,3,0
2021,d,"Ishioka, Ryota",11,1,0,0,5,0
2021,d,"Itoh, Kosuke",21,1,0,0,9,0
2021,d,"Kasahara, Shotaro",5,0,0,0,3,0
2021,d,"Katoh, Shohei",128,23,11,0,19,1
2021,d,"Katsuno, Akiyoshi",24,2,0,0,14,0
2021,d,"Katsura, Iori",75,18,1,1,24,1
2021,d,"Kinoshita, Takuya",393,95,35,1,58,11
2021,d,"Kyoda, Yota",448,105,21,7,75,3
2021,d,"Martinez, Ariel",94,20,10,2,30,2
2021,d,"Matsuba, Takahiro",25,2,0,0,7,0
2021,d,"Mitsumata, Taiki",138,26,7,1,27,1
2021,d,"Mizowaki, Hayato",47,11,3,0,10,0
2021,d,"Neo, Akira",188,30,15,2,53,1
2021,d,"Ogasawara, Shinnosuke",47,5,1,0,27,0
2021,d,"Ohno, Shota",15,2,1,0,5,0
2021,d,"Ohno, Yudai",43,2,2,0,22,0
2021,d,"Ohshima, Yohei",596,160,42,3,60,1
2021,d,"Okabayashi, Yuki",62,15,1,0,13,0
2021,d,"Okano, Yuichiro",1,0,0,0,1,0
2021,d,"Rodriguez, Yariel",19,2,0,0,10,0
2021,d,"Shimizu, Tatsuya",1,0,0,0,1,0
2021,d,"Takahashi, Shuhei",520,123,40,1,79,5
2021,d,"Takamatsu, Wataru",123,28,3,1,35,0
2021,d,"Takeda, Kengo",41,5,1,0,17,1
2021,d,"Takino, Kaname",30,3,1,0,4,0
2021,d,"Tsuchida, Ryuku",7,2,2,0,2,0
2021,d,"Umetsu, Kodai",2,0,0,0,2,0
2021,d,"Viciedo, Dayan",526,132,35,8,56,17
2021,d,"Watanabe, Masaru",134,25,9,0,25,2
2021,d,"Yamashita, Ayatsugu",10,1,0,0,5,0
2021,d,"Yanagi, Yuya",58,6,1,0,22,0
2021,db,"Ariyoshi, Yuki",2,0,0,0,1,0
2021,db,"Austin, Tyler",439,113,60,5,111,28
2021,db,"Azuma, Katsuki",7,0,0,0,2,0
2021,db,"Chino, Naoto",40,6,3,1,12,1
2021,db,"Ebina, Tatsuo",21,3,3,0,7,0
2021,db,"Hamaguchi, Haruhiro",26,2,1,0,12,0
2021,db,"Hosokawa, Seiya",44,6,3,2,13,0
2021,db,"Imanaga, Shota",40,10,1,0,12,0
2021,db,"Irie, Taisei",6,0,3,0,1,0
2021,db,"Ishida, Kenta",3,0,0,0,1,0
2021,db,"Itoh, Hikaru",192,34,17,2,43,2
2021,db,"Itoh, Yukiya",2,0,0,0,1,0
2021,db,"Kamichatani, Taiga",10,1,0,0,5,0
2021,db,"Kamizato, Kazuki",118,21,6,0,49,4
2021,db,"Kuniyoshi, Yuki",3,0,0,0,2,0
2021,db,"Kuramoto, Toshihiko",74,15,2,0,17,0
2021,db,"Kusumoto, Taishi",127,29,10,2,23,2
2021,db,"Kuwahara, Masayuki",571,161,44,4,75,14
2021,db,"Kyoyama, Masaya",24,1,0,0,14,0
2021,db,"Maeda, Yamato",294,68,19,0,44,2
2021,db,"Maki, Shugo",523,153,27,6,85,22
2021,db,"Mashiko, Kyosuke",5,1,0,0,1,0
2021,db,"Minei, Hiroki",80,14,4,2,24,0
2021,db,"Miyaguni, Ryosuke",5,0,0,0,2,0
2021,db,"Miyamoto, Shumei",11,2,1,0,6,0
2021,db,"Miyazaki, Toshiro",569,156,41,4,53,16
2021,db,"Mori, Keito",113,20,7,0,30,0
2021,db,"Nakagawa, Koh",5,1,0,0,2,0
2021,db,"Nakai, Daisuke",15,2,0,0,6,0
2021,db,"Ohnuki, Shinichi",39,2,2,0,18,0
2021,db,"Otosaka, Tomo",20,4,1,0,6,0
2021,db,"Peoples, Michael",11,1,0,0,5,0
2021,db,"Romero, Fernando",30,4,3,0,12,0
2021,db,"Sakaguchi, Kousuke",9,0,0,0,6,0
2021,db,"Sakamoto, Yuya",20,1,0,0,4,0
2021,db,"Sakurai, Shuto",3,2,0,0,0,0
2021,db,"Sano, Keita",615,165,61,5,73,17
2021,db,"Sekine, Taiki",139,28,9,1,27,1
2021,db,"Shibata, Tatsuhiro",266,52,26,1,39,2
2021,db,"Soto, Neftali",451,96,35,5,116,21
2021,db,"Taira, Kentaro",3,0,0,0,0,0
2021,db,"Takajoh, Shuto",7,1,1,1,0,0
2021,db,"Tanaka, Shunta",60,7,7,0,16,0
2021,db,"Tobashira, Yasutaka",135,28,4,1,18,3
2021,db,"Yamamoto, Yuudai",111,13,4,1,27,1
2021,db,"Yamashita, Kouki",52,10,2,0,7,0
2021,e,"Adachi, Yuichi",20,1,1,0,2,0
2021,e,"Akaminai, Ginji",105,26,14,0,11,0
2021,e,"Asamura, Hideto",595,130,101,4,96,18
2021,e,"Castillo, Rusney",76,16,4,1,17,1
2021,e,"Dixon, Brandon",123,18,12,3,42,4
2021,e,"Hayakawa, Takahisa",3,0,0,0,1,0
2021,e,"Iwami, Masaki",8,1,1,0,3,0
2021,e,"Kishi, Takayuki",2,0,0,0,1,0
2021,e,"Kobukata, Hiroto",455,97,44,3,65,3
2021,e,"Kurokawa, Fumiya",80,14,3,1,17,1
2021,e,"Mogi, Eigoro",466,106,48,6,107,14
2021,e,"Murabayashi, Itsuki",47,6,2,0,8,1
2021,e,"Mutoh, Atsuki",19,2,0,0,8,0
2021,e,"Norimoto, Takahiro",4,0,0,0,2,0
2021,e,"Ogoh, Yuya",88,14,6,2,23,2
2021,e,"Ohta, Hikaru",281,45,17,7,64,4
2021,e,"Okajima, Takero",507,129,28,9,94,8
2021,e,"Okoye, Louis",110,21,8,1,21,0
2021,e,"Shimauchi, Hiroaki",599,125,97,8,87,21
2021,e,"Shimotsuma, Takahiro",27,4,4,0,5,0
2021,e,"Shimozuru, Ko",10,1,0,0,4,0
2021,e,"Shiomi, Takahiro",2,0,0,0,1,0
2021,e,"Sumitani, Ginjiro",124,23,7,1,24,3
2021,e,"Suzuki, Daichi",628,153,52,6,51,10
2021,e,"Takinaka, Ryota",5,0,0,0,4,0
2021,e,"Tanaka, Kazuki",67,8,7,1,16,0
2021,e,"Tanaka, Masahiro",2,1,0,0,1,0
2021,e,"Tanaka, Takaya",43,10,3,0,9,2
2021,e,"Tatsumi, Ryosuke",443,84,51,6,99,10
2021,e,"Uchida, Yasuhito",60,11,1,1,19,1
2021,e,"Wada, Ren",9,2,1,0,4,0
2021,e,"Wakui, Hideaki",3,0,0,0,1,0
2021,e,"Watanabe, Yoshiaki",113,27,11,1,19,1
2021,e,"Yamasaki, Tsuyoshi",194,43,15,3,41,4
2021,e,"Yokoo, Toshitake",68,11,0,6,8,0
2021,f,"Asama, Daiki",458,103,31,5,115,5
2021,f,"Higuchi, Ryunosuke",54,11,0,2,19,0
2021,f,"Hiranuma, Shota",85,14,8,1,18,0
2021,f,"Hosokawa, Ryohei",26,5,1,0,12,0
2021,f,"Ikeda, Takahide",3,0,0,0,2,0
2021,f,"Imagawa, Yuma",30,2,1,1,9,1
2021,f,"Imai, Junnosuke",3,0,1,0,0,0
2021,f,"Ishii, Kazunari",321,64,22,0,87,4
2021,f,"Ishikawa, Ryo",123,20,4,0,21,0
2021,f,"Isobata, Ryota",84,18,2,0,19,1
2021,f,"Itoh, Hiromi",5,0,0,0,3,0
2021,f,"Katoh, Takayuki",3,2,1,0,0,0
2021,f,"Kimura, Fumikazu",36,3,5,0,13,1
2021,f,"Kohri, Takuya",77,13,6,1,23,0
2021,f,"Kondoh, Kensuke",545,133,88,4,84,11
2021,f,"Mannami, Chusei",133,25,4,2,53,5
2021,f,"Matsumoto, Go",104,24,8,2,13,0
2021,f,"Miyata, Hokuto",2,0,0,0,0,0
2021,f,"Nakashima, Takuya",117,18,12,0,29,0
2021,f,"Nakata, Sho",150,26,14,1,31,4
2021,f,"Nishikawa, Haruki",547,104,89,4,99,3
2021,f,"Nomura, Yuki",394,99,16,4,90,7
2021,f,"Ohta, Taishi",206,39,14,0,50,3
2021,f,"Rodriguez, Ronny",125,24,3,0,38,6
2021,f,"Satoh, Ryusei",117,23,10,0,35,0
2021,f,"Shimizu, Yushi",256,44,28,0,60,4
2021,f,"Sugiya, Kenshi",93,9,10,4,27,2
2021,f,"Takahama, Yuto",404,96,23,1,82,8
2021,f,"Tamiya, Yua",1,0,0,0,0,0
2021,f,"Taniguchi, Yuya",12,2,0,0,5,0
2021,f,"Tateno, Kazuaki",1,0,0,0,0,0
2021,f,"Tsuruoka, Shinya",20,5,1,0,3,0
2021,f,"Ueno, Kyohei",2,0,0,0,1,0
2021,f,"Usami, Shingo",57,5,8,1,16,1
2021,f,"Uwasawa, Naoyuki",5,0,0,0,3,0
2021,f,"Wang, Po-Jung",283,61,25,5,70,9
2021,f,"Watanabe, Ryo",325,68,30,7,72,3
2021,f,"Yachi, Ryota",44,7,3,0,5,0
2021,g,"Akihiro, Yuto",1,0,0,0,0,0
2021,g,"Hatake, Seishu",14,0,0,0,12,0
2021,g,"Heinai, Ryuta",1,0,0,0,0,0
2021,g,"Heineman, Scott",28,4,1,2,6,0
2021,g,"Hirooka, Taishi",117,20,7,3,25,5
2021,g,"Imamura, Nobutaka",16,1,0,0,7,0
2021,g,"Inoh, Shoichi",1,0,0,0,0,0
2021,g,"Ishikawa, Shingo",41,7,4,0,8,0
2021,g,"Kagiya, Yohei",1,0,0,0,1,0
2021,g,"Kajitani, Takayuki",246,64,15,3,40,4
2021,g,"Kamei, Yoshiyuki",206,40,13,2,47,3
2021,g,"Katsuki, Kazuya",67,12,4,2,12,3
2021,g,"Kishida, Yukinori",24,4,2,0,8,0
2021,g,"Kitamura, Takumi",103,23,8,1,28,4
2021,g,"Kobayashi, Seiji",79,7,1,1,24,1
2021,g,"Maru, Yoshihiro",457,104,63,0,120,23
2021,g,"Masuda, Daiki",25,3,2,0,6,1
2021,g,"Matsubara, Seiya",477,118,38,2,100,12
2021,g,"Mercedes, Cristopher Crisostomo",28,2,0,0,14,0
2021,g,"Nakajima, Hiroyuki",195,49,9,3,35,6
2021,g,"Nakata, Sho",106,14,14,1,29,3
2021,g,"Naoe, Daisuke",2,0,0,0,1,0
2021,g,"Nogami, Ryoma",2,0,0,0,2,0
2021,g,"Ohe, Ryusei",1,0,0,0,0,0
2021,g,"Ohshiro, Takumi",386,80,33,2,80,11
2021,g,"Okamoto, Kazuma",592,138,57,7,108,39
2021,g,"Sakamoto, Hayato",487,115,58,1,90,19
2021,g,"Sanchez, Angel",21,0,0,0,9,0
2021,g,"Shigenobu, Shinnosuke",86,17,7,0,26,2
2021,g,"Smoak, Justin",125,31,10,1,37,7
2021,g,"Sugano, Tomoyuki",39,4,1,0,9,0
2021,g,"Sumitani, Ginjiro",54,9,4,0,17,1
2021,g,"Takagi, Kyosuke",1,0,0,0,0,0
2021,g,"Takahashi, Yuki",49,2,1,0,30,0
2021,g,"Tanaka, Toyoki",1,0,0,0,1,0
2021,g,"Tateoka, Soichiro",47,9,3,0,7,0
2021,g,"Thames, Eric",2,0,0,0,2,0
2021,g,"Togo, Shosei",53,5,2,0,20,0
2021,g,"Tone, Chiaki",1,1,0,0,0,0
2021,g,"Urena, Estamy",5,0,0,0,3,0
2021,g,"Wakabayashi, Akihiro",242,51,22,2,46,5
2021,g,"Wheeler, Zelous",427,111,34,8,78,15
2021,g,"Yamaguchi, Shun",23,0,1,0,14,0
2021,g,"Yaoita, Takumaru",12,2,0,0,4,0
2021,g,"Yoh, Daikan",7,1,0,0,2,0
2021,g,"Yokogawa, Kai",1,1,0,0,0,0
2021,g,"Yoshikawa, Naoki",329,83,17,2,48,5
2021,g,"Yuasa, Dai",13,5,0,0,1,0
2021,h,"Akashi, Kenji",95,17,9,1,18,0
2021,h,"Alvarez, Dariel",40,6,3,0,7,1
2021,h,"Balentien, Wladimir",60,10,5,0,19,4
2021,h,"Despaigne, Alfredo",308,69,44,2,64,10
2021,h,"Gracial, Yurisbel",150,42,11,1,27,5
2021,h,"Hasegawa, Yuya",120,26,17,1,18,3
2021,h,"Higashihama, Nao",4,0,0,0,4,0
2021,h,"Imamiya, Kenta",413,78,22,1,70,4
2021,h,"Ishikawa, Shuta",2,1,0,0,0,0
2021,h,"Kai, Takuya",479,92,44,2,142,12
2021,h,"Kamamoto, Go",10,5,0,0,0,1
2021,h,"Kasaya, Shunsuke",2,0,0,0,1,0
2021,h,"Kawase, Hikaru",30,5,2,0,9,0
2021,h,"Kawashima, Keizo",123,26,11,0,31,2
2021,h,"Kuki, Ryuhei",2,1,0,0,0,0
2021,h,"Kurihara, Ryoya",596,146,53,2,90,21
2021,h,"Makihara, Taisei",292,76,9,2,42,4
2021,h,"Martinez, Nick",2,0,0,0,0,0
2021,h,"Masago, Yusuke",124,29,6,1,41,1
2021,h,"Matsuda, Nobuhiro",390,83,27,2,67,14
2021,h,"Mimori, Masaki",345,82,11,0,77,0
2021,h,"Nakamura, Akira",552,113,70,3,59,8
2021,h,"Nomura, Daiju",19,3,2,0,5,0
2021,h,"Rea, Colin",2,0,0,0,2,0
2021,h,"Satoh, Naoki",11,0,2,0,5,0
2021,h,"Shuto, Ukyo",188,34,12,1,49,3
2021,h,"Sunagawa, Richard",116,19,6,2,38,7
2021,h,"Takata, Tomoki",17,2,2,0,4,0
2021,h,"Takaya, Hiroaki",17,4,0,0,1,0
2021,h,"Takeda, Shota",5,1,0,0,1,0
2021,h,"Tanigawara, Kenta",57,7,7,0,21,1
2021,h,"Uebayashi, Seiji",72,13,3,0,18,2
2021,h,"Umino, Takashi",5,1,0,0,1,0
2021,h,"Wada, Tsuyoshi",3,0,0,0,1,0
2021,h,"Yanagimachi, Tatsuru",54,11,5,0,12,1
2021,h,"Yanagita, Yuki",593,155,69,6,122,28
2021,l,"Dermody, Matt",5,0,1,0,2,0
2021,l,"Genda, Sosuke",516,126,31,2,67,2
2021,l,"Hiranuma, Shota",13,2,0,0,5,0
2021,l,"Imai, Tatsuya",2,0,0,0,2,0
2021,l,"Kaneko, Yuji",220,38,12,2,39,0
2021,l,"Kawagoe, Seiji",174,36,12,1,44,5
2021,l,"Kimura, Fumikazu",56,9,3,0,18,0
2021,l,"Kishi, Junichiro",338,67,13,5,49,9
2021,l,"Kumashiro, Masato",9,2,0,1,1,0
2021,l,"Kuriyama, Takumi",446,97,49,3,58,4
2021,l,"Matsumoto, Wataru",3,0,0,0,1,0
2021,l,"Mejia, Ernesto",22,3,1,0,12,1
2021,l,"Mori, Tomoya",520,133,79,6,65,11
2021,l,"Moriwaki, Ryosuke",1,0,0,0,1,0
2021,l,"Nakamura, Takeya",475,122,39,2,114,18
2021,l,"Nishikawa, Manaya",27,0,4,0,8,0
2021,l,"Okada, Masatoshi",55,5,4,2,5,1
2021,l,"Sasaki, Takeru",1,0,1,0,0,0
2021,l,"Satoh, Ryusei",12,2,0,0,2,0
2021,l,"Spangenberg, Cory",212,42,27,3,64,7
2021,l,"Suzuki, Shohei",42,6,2,0,8,0
2021,l,"Takagi, Wataru",17,1,2,0,7,0
2021,l,"Takahashi, Kona",1,0,0,0,0,0
2021,l,"Takeda, Aito",316,64,13,6,60,8
2021,l,"Togawa, Daisuke",18,1,0,0,5,0
2021,l,"Tonosaki, Shuta",300,56,35,2,54,5
2021,l,"Tsuge, Sena",72,14,3,0,19,1
2021,l,"Tsunashima, Ryusei",3,0,0,0,2,0
2021,l,"Tysinger, Brandon Taiga",84,20,0,1,21,3
2021,l,"Uema, Towa",1,0,0,0,1,0
2021,l,"Wakabayashi, Gakuto",161,40,10,4,41,2
2021,l,"Watanabe, Kento",17,1,1,0,7,1
2021,l,"Wu, Nien-Ting",478,101,43,3,70,10
2021,l,"Yamada, Haruka",173,29,13,0,41,0
2021,l,"Yamakawa, Hotaka",414,83,43,7,101,24
2021,l,"Yamanobe, Kakeru",39,7,0,1,11,0
2021,l,"Yoza, Kaito",2,0,1,0,1,0
2021,m,"Emura, Naoya",10,1,2,0,4,0
2021,m,"Fujioka, Yudai",493,110,40,2,95,3
2021,m,"Fujiwara, Kyota",254,47,23,5,55,5
2021,m,"Fukuda, Shuhei",13,1,1,0,4,0
2021,m,"Futaki, Kota",2,0,0,0,2,0
2021,m,"Hechavarria, Adeiny",216,42,6,0,40,4
2021,m,"Inoue, Seiya",53,10,1,1,8,1
2021,m,"Iwashita, Daiki",3,0,0,0,2,0
2021,m,"Kakinuma, Tomoya",65,7,6,0,12,1
2021,m,"Kakunaka, Katsuya",326,67,40,4,51,0
2021,m,"Katoh, Shohei",44,9,1,0,8,1
2021,m,"Katoh, Takuma",123,10,4,0,52,2
2021,m,"Kokubo, Tetsuya",19,1,0,0,5,1
2021,m,"Laird, Brandon",545,127,50,3,109,29
2021,m,"Martin, Leonys",499,97,70,10,132,27
2021,m,"Miki, Ryo",11,1,1,0,2,0
2021,m,"Mima, Manabu",2,0,0,0,1,0
2021,m,"Motomae, Fumiya",1,0,0,0,0,0
2021,m,"Munetsugu, Yuito",1,0,0,0,1,0
2021,m,"Nakamura, Shogo",615,143,76,10,90,9
2021,m,"Ogawa, Ryusei",6,0,0,0,2,0
2021,m,"Ogino, Takashi",643,169,53,12,70,10
2021,m,"Ojima, Kazuya",2,0,0,0,1,0
2021,m,"Oka, Hiromi",185,39,14,5,44,6
2021,m,"Sasaki, Roki",2,0,0,0,2,0
2021,m,"Satoh, Toshiya",155,27,14,1,30,6
2021,m,"Sugano, Tsuyoshi",75,13,5,1,20,2
2021,m,"Suzuki, Shota",1,0,0,0,0,0
2021,m,"Takabe, Akito",69,8,7,0,19,1
2021,m,"Takahama, Takuya",9,1,1,0,2,0
2021,m,"Tamura, Tatsuhiro",165,32,17,0,33,0
2021,m,"Toritani, Takashi",61,9,8,0,11,0
2021,m,"Wada, Koshiro",24,5,5,0,8,0
2021,m,"Yamaguchi, Koki",228,42,25,0,53,9
2021,m,"Yasuda, Hisanori",399,85,43,1,82,8
2021,m,"Yoshida, Yuta",10,1,1,0,3,1
2021,s,"Aoki, Norichika",501,115,43,10,44,9
2021,s,"Araki, Takahiro",67,11,4,1,9,0
2021,s,"Hara, Juri",15,2,0,1,7,0
2021,s,"Ishikawa, Masanori",25,4,1,0,5,0
2021,s,"Kanakubo, Yuto",13,0,0,0,6,0
2021,s,"Kawabata, Shingo",93,32,7,0,16,1
2021,s,"Koga, Yudai",125,26,4,1,16,0
2021,s,"Matsumoto, Yu",41,12,7,0,8,0
2021,s,"Miyamoto, Takeshi",92,20,12,2,10,1
2021,s,"Motoyama, Hiyu",235,53,17,4,42,3
2021,s,"Murakami, Munetaka",615,139,106,6,133,39
2021,s,"Nagaoka, Hideki",10,0,1,0,4,0
2021,s,"Nakamura, Yuhei",445,105,46,4,66,2
2021,s,"Nakayama, Shota",14,1,0,3,3,0
2021,s,"Namiki, Hidetaka",6,1,0,1,1,0
2021,s,"Nishida, Akihisa",19,2,1,0,4,0
2021,s,"Nishiura, Naomichi",276,54,24,3,60,5
2021,s,"Ogawa, Yasuhiro",41,5,3,0,19,0
2021,s,"Ohta, Kengo",79,16,5,0,18,0
2021,s,"Okugawa, Yasunobu",36,2,1,0,17,0
2021,s,"Okumura, Nobuyuki",21,1,1,0,5,0
2021,s,"Osuna, Jose",495,121,22,2,80,13
2021,s,"Sakaguchi, Tomotaka",57,8,4,2,12,0
2021,s,"Santana, Domingo",418,108,42,3,103,19
2021,s,"Shima, Motohiro",15,2,3,0,1,0
2021,s,"Shiomi, Yasutaka",534,132,48,10,156,14
2021,s,"Sneed, Cy",24,1,0,0,11,0
2021,s,"Suarez, Albert",22,1,0,0,10,0
2021,s,"Taguchi, Kazuto",27,4,0,0,10,0
2021,s,"Takahashi, Keiji",25,1,1,0,7,0
2021,s,"Takai, Yuhei",2,1,0,0,0,0
2021,s,"Takanashi, Hirotoshi",23,1,0,0,11,0
2021,s,"Takeoka, Ryusei",4,1,0,0,0,0
2021,s,"Uchikawa, Seiichi",56,11,2,1,12,0
2021,s,"Uchiyama, Souma",6,0,1,0,1,0
2021,s,"Vandenhurk, Rick",1,1,0,0,0,0
2021,s,"Watanabe, Daiki",42,6,1,1,9,0
2021,s,"Yamada, Tetsuto",581,134,76,5,100,34
2021,s,"Yamano, Taichi",1,0,0,0,0,0
2021,s,"Yamasaki, Kotaro",245,53,19,1,53,1
2021,s,"Yoshida, Taisei",52,9,11,0,10,1
2021,t,"Akiyama, Takumi",41,2,1,0,15,0
2021,t,"Alcantara, Raul",12,1,0,0,5,0
2021,t,"Aoyagi, Koyo",51,7,1,0,25,0
2021,t,"Baba, Kosuke",1,0,0,0,0,0
2021,t,"Chen, Wei-Yin",4,1,0,0,1,0
2021,t,"Chikamoto, Koji",612,178,33,4,58,10
2021,t,"Egoshi, Taiga",3,0,0,0,1,0
2021,t,"Fujinami, Shintaro",13,1,0,0,7,1
2021,t,"Gunkel, Joe",37,5,1,0,16,0
2021,t,"Haraguchi, Fumihito",58,10,5,4,12,0
2021,t,"Hojoh, Fumiya",57,10,4,1,11,1
2021,t,"Itayama, Yutaro",17,2,2,0,6,0
2021,t,"Itoh, Masashi",44,2,3,0,25,0
2021,t,"Itohara, Kento",488,126,41,2,61,2
2021,t,"Itoi, Yoshio",119,22,9,1,37,3
2021,t,"Iwasada, Yuta",1,0,0,0,0,0
2021,t,"Kinami, Seiya",132,27,7,1,20,1
2021,t,"Kumagai, Takahiro",6,0,0,0,1,0
2021,t,"Marte, Jefry",526,115,74,4,72,22
2021,t,"Murakami, Shoki",1,1,0,0,0,0
2021,t,"Nakano, Takumu",525,127,29,6,81,1
2021,t,"Niho, Akira",6,0,1,0,3,0
2021,t,"Nishi, Junya",1,0,0,0,0,0
2021,t,"Nishi, Yuki",42,5,1,0,12,0
2021,t,"Obata, Ryuhei",25,6,2,0,7,0
2021,t,"Ohyama, Yusuke",512,121,37,2,89,21
2021,t,"Onodera, Dan",73,12,5,1,19,1
2021,t,"Oyokawa, Masaki",1,0,0,0,1,0
2021,t,"Rojas Jr., Mel",206,41,15,2,58,8
2021,t,"Sakamoto, Seishiro",73,12,5,0,21,1
2021,t,"Sands, Jerry",461,101,49,1,89,20
2021,t,"Sato, Teruaki",455,101,25,3,173,24
2021,t,"Shimada, Kairi",78,17,5,0,13,0
2021,t,"Takahashi, Haruto",16,2,0,0,5,0
2021,t,"Ueda, Kai",7,2,1,0,2,0
2021,t,"Umeno, Ryutaro",458,91,41,5,107,3
2021,t,"Yamamoto, Yasuhiro",51,8,6,1,10,0
2021,t,"Yohkawa, Naomasa",52,8,3,2,19,2
2022,b,"Adachi, Ryoichi",243,54,26,2,46,1
2022,b,"Fukuda, Shuhei",502,120,32,8,50,0
2022,b,"Fukunaga, Sho",8,1,0,0,2,0
2022,b,"Fushimi, Torai",235,47,8,5,42,3
2022,b,"Gen, Kendai",9,2,0,0,3,0
2022,b,"Gibo, Sho",34,5,1,0,3,0
2022,b,"Gotoh, Shunta",52,9,2,1,15,0
2022,b,"Ikeda, Ryoma",20,3,0,0,8,0
2022,b,"Ishioka, Ryota",35,5,1,0,10,0
2022,b,"Kita, Ryoto",27,3,3,0,8,0
2022,b,"Kurebayashi, Kotaro",495,101,26,6,71,6
2022,b,"Matsui, Masato",1,0,0,0,0,0
2022,b,"McCarthy, Joe",212,40,26,7,58,4
2022,b,"Miyagi, Hiroya",2,0,0,0,0,0
2022,b,"Mune, Yuma",537,127,45,8,81,5
2022,b,"Nakagawa, Keita",468,120,26,4,79,8
2022,b,"Nishimura, Ryo",47,6,1,0,12,0
2022,b,"Nishino, Masahiro",130,33,8,1,13,0
2022,b,"Noguchi, Tomoya",167,35,9,2,56,1
2022,b,"Oda, Yuya",26,5,1,1,7,1
2022,b,"Ohshiro, Koji",110,22,12,0,25,2
2022,b,"Ohshita, Seiichiro",10,2,1,1,2,0
2022,b,"Ohta, Ryo",101,18,6,0,22,1
2022,b,"Okada, Takahiro",95,13,7,0,28,1
2022,b,"Ravelo, Rangel",71,8,11,2,20,1
2022,b,"Sano, Kodai",118,24,4,0,29,2
2022,b,"Sano, Yukikazu",2,0,0,0,0,0
2022,b,"Sugimoto, Yutaro",433,89,40,11,135,15
2022,b,"Tajima, Daiki",2,0,0,0,1,0
2022,b,"Tongu, Yuma",271,53,23,8,51,11
2022,b,"Valera, Breyvic",127,23,13,1,11,1
2022,b,"Waguespack, Jacob",5,0,0,0,2,0
2022,b,"Wakatsuki, Kenya",193,48,9,3,34,4
2022,b,"Watanabe, Haruto",19,1,1,0,7,0
2022,b,"Yamaashi, Tatsuya",51,8,3,0,11,1
2022,b,"Yamamoto, Yoshinobu",2,0,0,0,1,0
2022,b,"Yamaoka, Taisuke",4,0,0,0,3,0
2022,b,"Yamasaki, Sachiya",7,1,0,0,0,0
2022,b,"Yoshida, Masataka",508,138,80,9,41,21
2022,c,"Aizawa, Tsubasa",325,60,23,6,49,3
2022,c,"Akiyama, Shogo",174,41,11,6,34,5
2022,c,"Anderson, Drew",17,1,0,0,8,0
2022,c,"Chono, Hisayoshi",134,26,10,0,34,3
2022,c,"Dohbayashi, Shota",274,62,11,2,82,8
2022,c,"Endoh, Atsushi",32,2,0,0,13,0
2022,c,"Hatsuki, Ryutaro",99,23,4,0,17,0
2022,c,"Ishihara, Tomoki",16,2,1,0,3,0
2022,c,"Isomura, Yoshitaka",126,27,7,2,20,3
2022,c,"Kikuchi, Ryosuke",522,121,24,2,70,6
2022,c,"Kozono, Kaito",511,126,24,1,76,7
2022,c,"Kuri, Aren",44,1,1,0,14,0
2022,c,"Matsuyama, Ryuhei",166,33,11,0,22,2
2022,c,"McBroom, Ryan",508,122,52,5,105,17
2022,c,"Miyoshi, Takumi",2,0,0,0,1,0
2022,c,"Mochimaru, Taiki",6,0,0,0,3,0
2022,c,"Mori, Shohei",2,0,0,0,1,0
2022,c,"Morishita, Masato",65,11,1,0,14,0
2022,c,"Nakamura, Kento",137,29,8,0,31,3
2022,c,"Nakamura, Shosei",58,11,1,0,8,0
2022,c,"Nirasawa, Yuya",12,1,1,0,1,0
2022,c,"Nishikawa, Ryoma",424,123,30,2,74,10
2022,c,"Noma, Takayoshi",338,99,16,1,53,0
2022,c,"Nomura, Yusuke",12,1,0,0,4,0
2022,c,"Ohmichi, Haruki",3,0,1,0,0,0
2022,c,"Ohmori, Minoru",76,14,6,1,17,1
2022,c,"Ohsera, Daichi",48,6,2,0,18,0
2022,c,"Sakakura, Shogo",599,155,46,10,81,16
2022,c,"Shirahama, Yuta",6,0,0,0,1,0
2022,c,"Sone, Kaisei",7,0,0,0,3,0
2022,c,"Suekane, Shota",80,23,1,0,20,2
2022,c,"Tamamura, Shogo",12,3,0,0,7,0
2022,c,"Tanaka, Kosuke",45,8,3,1,14,0
2022,c,"Tokoda, Hiroki",38,6,0,0,7,0
2022,c,"Uemoto, Takashi",300,80,21,8,31,2
2022,c,"Ugusa, Koki",98,18,4,5,23,1
2022,c,"Yano, Masaya",78,13,7,1,21,2
2022,d,"Abe, Toshiki",548,131,49,4,105,9
2022,d,"Donoue, Naomichi",18,5,0,0,4,0
2022,d,"Fukuda, Nobumasa",29,6,1,0,7,1
2022,d,"Fukudome, Kosuke",30,1,4,0,11,0
2022,d,"Fukumoto, Yuma",4,1,0,0,0,0
2022,d,"Fukutani, Koji",10,2,1,0,2,0
2022,d,"Garcia, Guillermo",9,1,0,0,5,0
2022,d,"Gotoh, Shunta",58,8,4,2,10,0
2022,d,"Gunji, Yuya",48,8,5,1,12,0
2022,d,"Hashimoto, Yuki",2,0,0,0,1,0
2022,d,"Hirata, Ryosuke",83,15,7,1,20,1
2022,d,"Ishibashi, Kota",75,12,2,0,11,0
2022,d,"Ishigaki, Masami",74,11,2,0,28,3
2022,d,"Ishikawa, Takaya",141,29,7,1,29,5
2022,d,"Ishioka, Ryota",29,9,1,1,6,0
2022,d,"Itoh, Kosuke",27,6,1,0,5,0
2022,d,"Kasahara, Shotaro",5,0,0,0,3,0
2022,d,"Katoh, Shohei",31,6,2,0,5,1
2022,d,"Katsuno, Akiyoshi",16,3,0,0,6,1
2022,d,"Katsura, Iori",9,2,0,0,2,0
2022,d,"Kinoshita, Takuya",466,103,27,1,38,6
2022,d,"Kyoda, Yota",143,22,10,3,21,3
2022,d,"Martinez, Ariel",286,70,23,7,55,8
2022,d,"Matsuba, Takahiro",32,2,0,0,11,0
2022,d,"Mitsumata, Taiki",154,26,16,1,39,0
2022,d,"Miyoshi, Hironori",61,12,2,0,16,1
2022,d,"Mizowaki, Hayato",157,35,8,0,26,0
2022,d,"Neo, Akira",46,8,5,0,9,0
2022,d,"Ogasawara, Shinnosuke",46,4,2,0,22,0
2022,d,"Ohno, Shota",21,5,3,0,4,0
2022,d,"Ohno, Yudai",48,2,1,0,21,0
2022,d,"Ohshima, Yohei",482,137,34,9,52,1
2022,d,"Okabayashi, Yuki",608,161,29,3,67,0
2022,d,"Okada, Toshiya",2,0,0,0,1,0
2022,d,"Okano, Yuichiro",4,2,0,0,2,0
2022,d,"Revilla, Pedro",66,13,2,0,30,1
2022,d,"Shimizu, Tatsuya",1,0,0,0,1,0
2022,d,"Suzuki, Hiroshi",2,0,0,0,1,0
2022,d,"Takahashi, Hiroto",44,4,0,0,12,0
2022,d,"Takahashi, Shuhei",290,66,16,7,43,2
2022,d,"Takamatsu, Wataru",14,1,0,0,5,0
2022,d,"Takino, Kaname",10,3,0,0,3,0
2022,d,"Tsuchida, Ryuku",229,52,7,4,43,0
2022,d,"Ueda, Kotaro",12,0,0,0,8,0
2022,d,"Ukai, Kosuke",195,37,9,5,64,4
2022,d,"Viciedo, Dayan",532,142,40,7,59,14
2022,d,"Wakamatsu, Luke",4,0,1,0,0,0
2022,d,"Watanabe, Masaru",9,2,0,0,3,0
2022,d,"Yamashita, Ayatsugu",24,3,1,0,8,1
2022,d,"Yanagi, Yuya",50,4,1,0,20,0
2022,db,"Ariyoshi, Yuki",1,0,0,0,0,0
2022,db,"Austin, Tyler",38,5,6,0,14,1
2022,db,"Azuma, Katsuki",15,1,0,0,5,0
2022,db,"Chino, Naoto",14,2,1,0,5,0
2022,db,"Ebina, Tatsuo",181,39,10,6,43,3
2022,db,"Fujita, Kazuya",40,9,4,0,5,0
2022,db,"Gsellman, Robert",6,0,0,0,3,0
2022,db,"Hamaguchi, Haruhiro",34,3,0,0,13,0
2022,db,"Hosokawa, Seiya",20,1,1,0,9,1
2022,db,"Imanaga, Shota",47,7,1,0,9,0
2022,db,"Ishida, Kenta",29,4,1,0,7,0
2022,db,"Ishikawa, Tatsuya",1,0,0,0,1,0
2022,db,"Itoh, Hikaru",103,26,8,1,23,0
2022,db,"Itoh, Yukiya",13,1,0,0,6,0
2022,db,"Kajiwara, Kouki",15,4,0,0,9,1
2022,db,"Kamichatani, Taiga",20,3,2,0,6,0
2022,db,"Kamizato, Kazuki",107,18,8,3,26,1
2022,db,"Kuramoto, Toshihiko",54,9,1,0,12,1
2022,db,"Kusumoto, Taishi",327,71,23,7,55,6
2022,db,"Kuwahara, Masayuki",529,122,42,4,89,4
2022,db,"Kyoyama, Masaya",12,1,1,0,5,1
2022,db,"Maeda, Yamato",277,64,10,1,47,1
2022,db,"Maki, Shugo",568,148,43,10,82,24
2022,db,"Mashiko, Kyosuke",2,0,1,0,1,0
2022,db,"Mikami, Tomoya",1,0,0,0,1,0
2022,db,"Minei, Hiroki",262,50,6,5,54,5
2022,db,"Miura, Ginji",1,0,0,0,0,0
2022,db,"Miyaguni, Ryosuke",1,0,0,0,0,0
2022,db,"Miyamoto, Shumei",39,5,2,0,8,1
2022,db,"Miyazaki, Toshiro",482,130,44,2,35,16
2022,db,"Mori, Keito",168,36,13,0,42,2
2022,db,"Ohnuki, Shinichi",44,1,0,0,13,0
2022,db,"Ohta, Taishi",153,40,6,1,33,5
2022,db,"Romero, Fernando",30,1,2,0,8,0
2022,db,"Sakaguchi, Kousuke",1,0,0,0,1,0
2022,db,"Sakamoto, Yuya",12,1,0,0,5,0
2022,db,"Sano, Keita",574,161,43,4,57,22
2022,db,"Sekine, Taiki",225,51,9,3,31,1
2022,db,"Shibata, Tatsuhiro",198,33,20,1,29,0
2022,db,"Soto, Neftali",412,98,38,5,103,17
2022,db,"Tanabe, Hayato",5,0,0,0,1,0
2022,db,"Tanaka, Shunta",19,3,0,0,3,0
2022,db,"Tobashira, Yasutaka",151,38,3,1,26,4
2022,db,"Yamamoto, Yuudai",32,3,2,0,4,0
2022,db,"Yamashita, Kouki",12,1,0,0,3,0
2022,e,"Akaminai, Ginji",271,62,28,0,31,0
2022,e,"Asamura, Hideto",633,134,92,5,137,27
2022,e,"Gittens, Chris",74,15,11,1,25,0
2022,e,"Hayakawa, Takahisa",2,0,1,0,1,0
2022,e,"Horiuchi, Kengo",1,0,0,0,0,0
2022,e,"Ishihara, Tsuyoshi",1,0,0,0,0,0
2022,e,"Itoh, Yukiya",8,0,0,0,4,0
2022,e,"Iwami, Masaki",7,2,0,0,3,0
2022,e,"Karashima, Wataru",4,0,0,0,2,0
2022,e,"Kawashima, Keizo",25,3,1,0,9,1
2022,e,"Kishi, Takayuki",3,0,0,0,1,0
2022,e,"Kobukata, Hiroto",479,113,37,3,65,2
2022,e,"Kurokawa, Fumiya",71,14,7,0,9,0
2022,e,"Marmolejos, Jose",223,42,20,0,68,7
2022,e,"Mogi, Eigoro",268,53,27,0,74,9
2022,e,"Murabayashi, Itsuki",17,3,1,0,5,0
2022,e,"Mutoh, Atsuki",99,22,8,2,28,1
2022,e,"Nishikawa, Haruki",451,81,68,3,103,7
2022,e,"Norimoto, Takahiro",2,0,0,0,2,0
2022,e,"Ogoh, Yuya",23,3,2,0,4,1
2022,e,"Ohta, Hikaru",182,31,21,3,46,3
2022,e,"Okajima, Takero",199,39,10,3,27,3
2022,e,"Okoye, Louis",25,5,0,0,8,0
2022,e,"Shimauchi, Hiroaki",613,161,63,4,82,14
2022,e,"Sumitani, Ginjiro",288,60,18,2,52,4
2022,e,"Suzuki, Daichi",477,105,38,18,52,5
2022,e,"Takinaka, Ryota",1,0,0,0,1,0
2022,e,"Tanaka, Kazuki",70,9,6,1,25,1
2022,e,"Tanaka, Masahiro",4,0,0,0,1,0
2022,e,"Tanaka, Takaya",19,2,1,1,7,0
2022,e,"Tatsumi, Ryosuke",476,111,42,11,103,11
2022,e,"Uchida, Yasuhito",14,1,2,0,4,0
2022,e,"Wada, Ren",30,2,0,0,10,0
2022,e,"Watanabe, Yoshiaki",168,37,12,0,24,1
2022,e,"Yamasaki, Tsuyoshi",218,38,17,3,46,3
2022,e,"Yasuda, Yuma",12,2,2,0,4,1
2022,f,"Alcantara, Arismendy",285,55,21,0,87,14
2022,f,"Arizono, Naoki",7,0,0,0,4,0
2022,f,"Asama, Daiki",240,52,11,0,55,4
2022,f,"Furukawa, Yudai",108,22,8,0,23,0
2022,f,"Hosokawa, Ryohei",48,7,4,0,14,0
2022,f,"Imagawa, Yuma",309,62,19,7,70,10
2022,f,"Ishii, Kazunari",328,70,20,1,64,6
2022,f,"Ishikawa, Ryo",52,7,2,0,7,0
2022,f,"Isobata, Ryota",16,4,2,0,6,0
2022,f,"Itoh, Hiromi",4,0,0,0,3,0
2022,f,"Kamikawabata, Daigo",301,76,21,7,45,2
2022,f,"Kataoka, Shoto",24,3,0,0,11,0
2022,f,"Katoh, Takayuki",5,1,0,0,4,0
2022,f,"Kimura, Fumikazu",101,17,4,1,39,2
2022,f,"Kiyomiya, Kotaro",461,89,45,6,113,18
2022,f,"Kohri, Takuya",63,7,4,1,16,2
2022,f,"Kondoh, Kensuke",396,98,66,1,45,8
2022,f,"Mannami, Chusei",314,60,12,2,112,14
2022,f,"Matsumoto, Go",445,137,32,4,42,3
2022,f,"Miyata, Hokuto",7,1,0,0,1,0
2022,f,"Mizuno, Tatsuki",44,5,2,0,16,0
2022,f,"Nakashima, Takuya",150,29,11,0,31,0
2022,f,"Nomura, Yuki",368,97,16,2,71,6
2022,f,"Nunez, Renato",180,29,9,3,61,4
2022,f,"Sakaguchi, Uta",6,1,0,0,4,0
2022,f,"Satoh, Ryusei",106,11,7,0,23,1
2022,f,"Shimizu, Yushi",67,12,1,1,15,0
2022,f,"Sugiura, Toshihiro",2,0,0,0,2,0
2022,f,"Sugiya, Kenshi",109,16,8,0,21,0
2022,f,"Takahama, Yuto",18,1,0,0,12,0
2022,f,"Tamiya, Yua",21,2,1,0,4,0
2022,f,"Uehara, Kenta",5,1,0,0,3,0
2022,f,"Ueno, Kyohei",31,2,2,0,9,0
2022,f,"Umebayashi, Yuki",51,5,1,0,19,0
2022,f,"Usami, Shingo",237,55,12,1,42,5
2022,f,"Uwasawa, Naoyuki",3,0,0,0,0,0
2022,f,"Wang, Po-Jung",32,2,0,0,12,0
2022,f,"Watanabe, Ryo",64,14,3,1,17,0
2022,f,"Yachi, Ryota",167,41,8,1,24,1
2022,f,"Yoshida, Kosei",2,0,0,0,1,0
2022,g,"Akahoshi, Yuji",19,1,0,0,11,0
2022,g,"Andriese, Matt",3,0,0,0,3,0
2022,g,"De La Rosa, Rubby",1,0,0,0,0,0
2022,g,"Hirooka, Taishi",60,9,7,1,16,0
2022,g,"Hotta, Kenshin",11,2,2,0,3,0
2022,g,"Imamura, Nobutaka",1,0,0,0,1,0
2022,g,"Inoue, Haruto",7,2,0,0,2,0
2022,g,"Ishikawa, Shingo",32,8,3,0,9,0
2022,g,"Kagiya, Yohei",1,0,0,0,1,0
2022,g,"Katsuki, Kazuya",37,7,2,0,8,0
2022,g,"Kishida, Yukinori",38,9,2,1,6,0
2022,g,"Kita, Ryusuke",9,1,0,0,1,0
2022,g,"Kitamura, Takumi",55,9,1,1,16,0
2022,g,"Kobayashi, Seiji",91,13,1,0,20,0
2022,g,"Kuwahara, Takuya",2,0,0,0,1,0
2022,g,"Maru, Yoshihiro",607,143,80,1,88,27
2022,g,"Masuda, Daiki",22,3,1,0,5,0
2022,g,"Masuda, Riku",156,35,13,1,42,5
2022,g,"Matsubara, Seiya",76,8,4,0,21,0
2022,g,"Mercedes, Cristopher Crisostomo",34,7,0,0,7,0
2022,g,"Nakajima, Hiroyuki",111,24,10,1,24,1
2022,g,"Nakata, Sho",375,91,27,4,72,24
2022,g,"Nakayama, Raito",142,26,6,0,27,0
2022,g,"Naoe, Daisuke",5,0,0,0,3,0
2022,g,"Ohshiro, Takumi",393,92,36,2,77,13
2022,g,"Okada, Yuki",22,2,1,0,7,0
2022,g,"Okamoto, Kazuma",589,131,58,9,94,30
2022,g,"Polanco, Gregory",484,105,42,1,109,24
2022,g,"Sakamoto, Hayato",352,87,45,1,65,5
2022,g,"Shigenobu, Shinnosuke",128,24,8,1,28,0
2022,g,"Shoemaker, Matt",28,2,0,0,14,0
2022,g,"Sugano, Tomoyuki",51,2,1,0,18,0
2022,g,"Takahashi, Yuki",6,1,0,0,5,0
2022,g,"Takanashi, Yuhei",1,0,0,0,1,0
2022,g,"Tateoka, Soichiro",57,11,3,0,10,1
2022,g,"Togo, Shosei",56,5,1,0,26,0
2022,g,"Tone, Chiaki",1,0,0,0,1,0
2022,g,"Wakabayashi, Akihiro",91,16,7,0,24,0
2022,g,"Walker, Adam",428,110,18,3,98,23
2022,g,"Wheeler, Zelous",64,11,8,0,7,2
2022,g,"Yamasaki, Iori",33,6,2,1,9,0
2022,g,"Yamase, Shinnosuke",11,2,0,0,2,0
2022,g,"Yaoita, Takumaru",48,10,4,0,17,0
2022,g,"Yoshikawa, Naoki",567,143,32,8,53,7
2022,g,"Yuasa, Dai",36,3,4,0,10,1
2022,h,"Akashi, Kenji",35,5,3,0,5,0
2022,h,"Despaigne, Alfredo",331,80,28,4,80,14
2022,h,"Galvis, Freddy",130,19,15,3,29,2
2022,h,"Gracial, Yurisbel",386,94,33,4,75,7
2022,h,"Higashihama, Nao",4,0,0,0,3,0
2022,h,"Imamiya, Kenta",510,133,37,3,71,7
2022,h,"Ishikawa, Shuta",4,0,0,0,3,0
2022,h,"Kai, Takuya",405,58,38,5,85,1
2022,h,"Kawarada, Jumpei",1,0,0,0,1,0
2022,h,"Kawase, Hikaru",106,25,8,0,21,0
2022,h,"Kurihara, Ryoya",20,6,3,0,1,2
2022,h,"Kurose, Kenta",15,2,2,0,8,0
2022,h,"Makihara, Taisei",441,123,16,4,71,6
2022,h,"Masago, Yusuke",29,2,0,0,10,0
2022,h,"Masaki, Tomoya",80,17,10,2,24,3
2022,h,"Masuda, Shu",45,10,3,0,6,1
2022,h,"Matsuda, Nobuhiro",106,20,6,1,20,0
2022,h,"Matsumoto, Yuki",2,0,0,0,1,0
2022,h,"Mimori, Masaki",437,101,28,3,81,9
2022,h,"Nakamura, Akira",435,96,45,2,48,7
2022,h,"Nakatani, Masahiro",30,6,0,1,11,1
2022,h,"Nomura, Daiju",75,16,3,1,18,0
2022,h,"Nomura, Isami",203,43,17,2,64,10
2022,h,"Ohzeki, Tomohisa",2,0,0,0,2,0
2022,h,"Rea, Colin",1,0,0,0,0,0
2022,h,"Satoh, Naoki",35,4,3,0,17,1
2022,h,"Senga, Koudai",3,0,0,0,1,0
2022,h,"Shuto, Ukyo",318,77,22,3,56,5
2022,h,"Sugiyama, Kazuki",4,0,0,0,3,0
2022,h,"Sunagawa, Richard",70,10,6,1,29,3
2022,h,"Takata, Tomoki",13,3,0,0,4,0
2022,h,"Tanigawara, Kenta",75,15,7,2,18,0
2022,h,"Uebayashi, Seiji",100,28,3,2,19,1
2022,h,"Umino, Takashi",42,7,0,0,11,1
2022,h,"Watanabe, Riku",36,9,3,0,15,3
2022,h,"Yanagimachi, Tatsuru",364,89,38,2,79,0
2022,h,"Yanagita, Yuki",491,120,43,6,106,24
2022,l,"Enns, Dietrich",2,0,0,0,1,0
2022,l,"Genda, Sosuke",456,110,30,1,72,2
2022,l,"Hasegawa, Shinya",68,12,3,0,21,0
2022,l,"Hirai, Katsunori",2,0,1,0,1,0
2022,l,"Hiranuma, Shota",88,19,11,1,14,1
2022,l,"Kaneko, Yuji",128,33,8,0,25,1
2022,l,"Kawagoe, Seiji",159,36,18,1,41,2
2022,l,"Kawano, Ryota",8,1,0,0,2,0
2022,l,"Kishi, Junichiro",83,15,5,3,9,2
2022,l,"Koga, Yuto",71,9,9,0,16,1
2022,l,"Kumashiro, Masato",14,2,0,0,4,0
2022,l,"Kuriyama, Takumi",267,63,23,1,57,3
2022,l,"Makino, Shoya",32,4,2,0,7,0
2022,l,"Mori, Tomoya",412,92,41,1,66,8
2022,l,"Nakaguma, Daichi",1,0,0,0,0,0
2022,l,"Nakamura, Takeya",294,54,14,3,76,12
2022,l,"Nakayama, Seigo",3,0,0,0,1,0
2022,l,"Nishikawa, Manaya",30,0,0,0,5,0
2022,l,"O&apos;Grady, Brian",465,86,54,5,129,15
2022,l,"Sato, Shunsuke",3,0,0,0,2,0
2022,l,"Sumida, Chihiro",2,0,0,0,2,0
2022,l,"Suzuki, Shohei",227,53,9,0,24,1
2022,l,"Takagi, Wataru",44,4,4,0,14,0
2022,l,"Takahashi, Kona",2,0,0,0,1,0
2022,l,"Takeda, Aito",393,89,10,2,70,9
2022,l,"Takizawa, Natsuo",91,19,4,0,21,0
2022,l,"Togawa, Daisuke",7,0,0,1,3,0
2022,l,"Tonosaki, Shuta",547,103,52,3,113,12
2022,l,"Tsuge, Sena",118,18,4,0,33,1
2022,l,"Wakabayashi, Gakuto",95,18,4,2,34,0
2022,l,"Witte, Jantzen",128,23,6,0,36,2
2022,l,"Wu, Nien-Ting",301,59,37,1,54,5
2022,l,"Yamada, Haruka",93,16,8,0,21,0
2022,l,"Yamakawa, Hotaka",528,119,68,11,114,41
2022,l,"Yamanobe, Kakeru",35,5,1,1,4,0
2022,l,"Yoza, Kaito",4,0,0,0,2,0
2022,m,"Chatani, Kenta",156,34,12,3,33,1
2022,m,"Fujioka, Yudai",81,12,7,0,17,0
2022,m,"Fujiwara, Kyota",126,24,9,1,23,1
2022,m,"Fukuda, Koki",23,3,4,0,3,0
2022,m,"Fukuda, Shuhei",48,7,7,0,13,0
2022,m,"Hechavarria, Adeiny",257,54,10,0,48,2
2022,m,"Hirasawa, Taiga",32,4,4,0,4,0
2022,m,"Ikeda, Raito",22,2,0,0,6,0
2022,m,"Inoue, Seiya",232,49,29,2,54,7
2022,m,"Ishikawa, Ayumu",4,0,0,0,4,0
2022,m,"Kakinuma, Tomoya",23,3,0,0,4,0
2022,m,"Kakunaka, Katsuya",138,33,9,0,35,1
2022,m,"Katoh, Takuma",10,1,0,0,3,0
2022,m,"Kawamura, Tokito",2,1,0,0,1,0
2022,m,"Laird, Brandon",396,69,19,6,92,15
2022,m,"Martin, Leonys",266,36,31,11,76,9
2022,m,"Matsukawa, Kou",212,32,18,0,60,0
2022,m,"Miki, Ryo",34,4,1,1,8,0
2022,m,"Mima, Manabu",2,0,0,0,1,0
2022,m,"Motomae, Fumiya",2,0,0,0,2,0
2022,m,"Nakamura, Shogo",596,128,70,10,86,12
2022,m,"Nishimaki, Kenji",1,0,1,0,0,0
2022,m,"Ogawa, Ryusei",77,6,12,1,18,1
2022,m,"Ogino, Takashi",373,101,30,7,30,5
2022,m,"Ojima, Kazuya",3,0,1,0,1,0
2022,m,"Oka, Hiromi",248,45,24,9,56,6
2022,m,"Sasaki, Roki",2,0,0,0,1,0
2022,m,"Sato, Shoma",2,0,0,0,2,0
2022,m,"Satoh, Toshiya",402,77,21,3,63,8
2022,m,"Sugano, Tsuyoshi",93,18,7,0,20,1
2022,m,"Takabe, Akito",608,148,36,6,103,3
2022,m,"Tamura, Tatsuhiro",5,1,0,0,1,0
2022,m,"Wada, Koshiro",33,5,3,1,12,0
2022,m,"Yamaguchi, Koki",349,76,23,4,84,16
2022,m,"Yamamoto, Daito",2,0,0,0,2,0
2022,m,"Yasuda, Hisanori",440,102,45,4,86,9
2022,s,"Akahane, Yoshihiro",12,1,0,1,5,0
2022,s,"Aoki, Norichika",256,55,28,3,28,5
2022,s,"Araki, Takahiro",28,3,6,0,7,0
2022,s,"Hamada, Taiki",148,29,6,0,34,6
2022,s,"Hara, Juri",40,2,2,1,11,0
2022,s,"Hoshi, Tomoya",1,0,0,0,0,0
2022,s,"Ichikawa, Yuta",1,0,0,0,1,0
2022,s,"Ishikawa, Masanori",26,2,2,0,3,0
2022,s,"Kanakubo, Yuto",3,0,0,0,0,0
2022,s,"Kawabata, Shingo",64,10,4,1,7,0
2022,s,"Kivlehan, Patrick",87,20,2,1,21,6
2022,s,"Koga, Yudai",77,13,2,0,11,0
2022,s,"Kozawa, Reiji",14,2,0,0,4,0
2022,s,"Maruyama, Kazuya",97,21,1,2,25,1
2022,s,"Matsumoto, Naoki",20,4,0,0,1,2
2022,s,"Matsumoto, Yu",19,6,2,0,5,0
2022,s,"Miyamoto, Takeshi",134,29,8,5,15,1
2022,s,"Motoyama, Hiyu",28,4,0,0,5,1
2022,s,"Murakami, Munetaka",612,155,118,7,128,56
2022,s,"Nagaoka, Hideki",548,123,20,4,72,9
2022,s,"Nakamura, Yuhei",307,70,26,4,36,5
2022,s,"Namiki, Hidetaka",23,4,0,0,3,0
2022,s,"Nishida, Akihisa",13,4,0,0,4,0
2022,s,"Nishiura, Naomichi",15,1,0,0,8,0
2022,s,"Ogawa, Yasuhiro",51,6,0,0,14,1
2022,s,"Ohta, Kengo",131,32,8,1,24,1
2022,s,"Okugawa, Yasunobu",1,0,0,0,1,0
2022,s,"Okumura, Nobuyuki",44,6,2,0,16,0
2022,s,"Osuna, Jose",529,135,29,1,93,20
2022,s,"Sakaguchi, Tomotaka",47,12,3,1,13,0
2022,s,"Sakamoto, Koshiro",1,0,0,0,1,0
2022,s,"Santana, Domingo",215,52,23,1,73,15
2022,s,"Shima, Motohiro",2,0,0,0,1,0
2022,s,"Shiomi, Yasutaka",567,140,43,12,122,16
2022,s,"Sneed, Cy",45,4,2,0,25,0
2022,s,"Suarez, Andrew",4,1,0,0,1,0
2022,s,"Takahashi, Keiji",29,5,2,0,12,0
2022,s,"Takanashi, Hirotoshi",32,1,1,0,19,0
2022,s,"Takeoka, Ryusei",18,7,0,1,3,0
2022,s,"Uchikawa, Seiichi",17,4,1,0,2,0
2022,s,"Uchiyama, Souma",197,41,16,1,52,4
2022,s,"Watanabe, Daiki",17,2,0,0,5,0
2022,s,"Yamada, Tetsuto",540,114,60,6,140,23
2022,s,"Yamamoto, Daiki",1,0,0,0,0,0
2022,s,"Yamasaki, Kotaro",378,88,24,2,65,2
2022,s,"Yamashita, Hikaru",4,1,1,0,2,0
2022,s,"Yoshida, Daiki",3,0,0,0,0,0
2022,t,"Akiyama, Takumi",9,0,0,0,2,0
2022,t,"Aoyagi, Koyo",54,7,1,0,26,0
2022,t,"Chikamoto, Koji",580,154,41,7,63,3
2022,t,"Egoshi, Taiga",5,0,1,0,3,0
2022,t,"Fujinami, Shintaro",22,0,0,0,13,0
2022,t,"Gunkel, Joe",27,7,1,0,10,0
2022,t,"Hamachi, Masumi",1,0,0,0,0,0
2022,t,"Haraguchi, Fumihito",83,23,9,0,5,2
2022,t,"Hojoh, Fumiya",48,8,2,0,6,1
2022,t,"Inoue, Kouta",5,0,0,0,2,0
2022,t,"Ishii, Daichi",1,0,0,0,0,0
2022,t,"Itayama, Yutaro",9,1,1,0,4,0
2022,t,"Itoh, Masashi",46,4,2,0,19,0
2022,t,"Itohara, Kento",495,110,35,5,48,3
2022,t,"Itoi, Yoshio",182,37,16,2,29,3
2022,t,"Katayama, Yuya",2,0,0,0,2,0
2022,t,"Kinami, Seiya",101,19,5,1,19,1
2022,t,"Kirishiki, Takuma",3,0,0,0,2,0
2022,t,"Kumagai, Takahiro",52,7,0,0,10,0
2022,t,"Marte, Jefry",102,23,8,2,19,1
2022,t,"Moriki, Daichi",3,0,0,0,1,0
2022,t,"Nagasaka, Kenya",46,7,0,0,16,0
2022,t,"Nakano, Takumu",610,157,18,3,89,6
2022,t,"Nishi, Junya",26,6,0,0,8,1
2022,t,"Nishi, Yuki",49,2,1,0,17,0
2022,t,"Obata, Ryuhei",73,13,2,0,21,1
2022,t,"Ogawa, Ippei",6,0,0,0,3,0
2022,t,"Ohyama, Yusuke",510,117,59,6,103,23
2022,t,"Onodera, Dan",45,6,1,0,12,1
2022,t,"Rodriguez, Aderlin",70,10,2,2,17,2
2022,t,"Rojas Jr., Mel",211,41,22,5,53,9
2022,t,"Saiki, Hiroto",19,1,1,0,11,0
2022,t,"Saitoh, Yukiya",1,1,0,0,0,0
2022,t,"Sakaeda, Yuki",1,1,0,0,0,0
2022,t,"Sakamoto, Seishiro",151,24,13,4,26,0
2022,t,"Sato, Teruaki",603,143,51,4,137,20
2022,t,"Shimada, Kairi",339,82,15,3,56,0
2022,t,"Takatera, Nozomu",27,3,2,0,5,0
2022,t,"Takayama, Shun",56,10,2,0,12,0
2022,t,"Toyoda, Hiroshi",9,0,1,0,4,0
2022,t,"Ueda, Kai",14,3,2,0,1,0
2022,t,"Umeno, Ryutaro",331,67,30,0,77,4
2022,t,"Wilkerson, Aaron",18,1,0,0,7,0
2022,t,"Yamamoto, Yasuhiro",203,45,10,1,42,2
2022,t,"Yohkawa, Naomasa",75,20,4,2,20,1
2023,b,"Adachi, Ryoichi",68,11,5,0,18,0
2023,b,"Cedeno, Leandro",187,43,8,1,47,9
2023,b,"Chano, Tokumasa",344,74,16,8,76,1
2023,b,"Fukuda, Shuhei",114,18,15,1,15,0
2023,b,"Fukunaga, Sho",2,0,0,0,1,0
2023,b,"Gibo, Sho",162,41,6,1,25,0
2023,b,"Gonzalez, Marwin",321,65,15,5,85,12
2023,b,"Hirano, Yamato",5,1,0,0,2,0
2023,b,"Hirooka, Taishi",103,18,12,0,26,1
2023,b,"Ikeda, Ryoma",39,7,4,1,9,0
2023,b,"Ishikawa, Ryo",11,1,0,0,3,0
2023,b,"Kita, Ryoto",11,0,1,0,6,0
2023,b,"Kurebayashi, Kotaro",482,122,28,1,63,8
2023,b,"Miyagi, Hiroya",6,2,0,0,3,0
2023,b,"Mori, Tomoya",453,113,54,7,61,18
2023,b,"Mune, Yuma",478,105,36,4,55,2
2023,b,"Nakagawa, Keita",563,136,43,7,90,12
2023,b,"Nishino, Masahiro",138,24,11,0,9,0
2023,b,"Noguchi, Tomoya",257,51,21,5,70,2
2023,b,"Oda, Yuya",68,18,2,2,15,1
2023,b,"Ohsato, Kosei",2,0,0,0,1,0
2023,b,"Ohshiro, Koji",51,9,4,1,8,1
2023,b,"Ohta, Ryo",70,15,3,3,8,2
2023,b,"Okada, Takahiro",42,7,2,0,9,0
2023,b,"Sano, Kodai",38,6,0,0,7,1
2023,b,"Schwindel, Frank",70,13,0,0,17,1
2023,b,"Sotani, Ryuhei",1,0,0,0,1,0
2023,b,"Sugimoto, Yutaro",370,82,19,9,101,16
2023,b,"Sugisawa, Ryu",5,1,0,0,2,0
2023,b,"Tongu, Yuma",451,123,41,6,69,16
2023,b,"Wakatsuki, Kenya",318,73,15,1,66,6
2023,b,"Watanabe, Daiki",2,0,0,0,1,0
2023,b,"Watanabe, Haruto",52,7,8,0,7,0
2023,b,"Yamaashi, Tatsuya",27,5,2,0,5,0
2023,b,"Yamamoto, Yoshinobu",3,0,0,0,2,0
2023,b,"Yamaoka, Taisuke",3,0,0,0,2,0
2023,b,"Yamasaki, Sachiya",5,2,0,0,0,0
2023,b,"Yamashita, Shunpeita",2,1,0,0,1,0
2023,c,"Aizawa, Tsubasa",133,20,10,4,26,1
2023,c,"Akiyama, Shogo",483,119,35,4,81,4
2023,c,"Anderson, Drew",11,1,0,0,7,0
2023,c,"Corniel, Robert",10,0,1,0,6,0
2023,c,"Davidson, Matt",381,73,22,9,120,19
2023,c,"Dohbayashi, Shota",284,71,19,0,72,12
2023,c,"Endoh, Atsushi",13,0,0,0,7,0
2023,c,"Hatsuki, Ryutaro",53,7,4,0,12,0
2023,c,"Hayashi, Kota",62,12,3,1,20,1
2023,c,"Isomura, Yoshitaka",32,6,1,1,10,1
2023,c,"Kawano, Kei",2,0,0,0,1,0
2023,c,"Kikuchi, Ryosuke",485,114,32,2,68,5
2023,c,"Kozono, Kaito",306,83,10,2,38,6
2023,c,"Kuri, Aren",54,2,0,0,25,0
2023,c,"Kurohara, Takumi",3,0,0,0,3,0
2023,c,"Matsuyama, Ryuhei",156,36,10,1,27,0
2023,c,"McBroom, Ryan",259,50,28,1,56,6
2023,c,"Mori, Shohei",15,2,2,0,2,0
2023,c,"Morishita, Masato",41,6,1,0,12,1
2023,c,"Nakamura, Shosei",20,3,0,0,7,0
2023,c,"Nakamura, Takahiro",37,6,1,1,10,0
2023,c,"Nirasawa, Yuya",55,7,5,0,13,0
2023,c,"Nishikawa, Ryoma",443,127,21,1,52,9
2023,c,"Noma, Takayoshi",418,106,33,5,51,0
2023,c,"Nomura, Yusuke",10,1,1,0,3,0
2023,c,"Ohmori, Minoru",71,10,2,2,22,1
2023,c,"Ohsera, Daichi",33,0,1,0,15,0
2023,c,"Sakakura, Shogo",448,105,47,3,67,12
2023,c,"Sone, Kaisei",15,2,1,0,3,0
2023,c,"Suekane, Shota",146,38,6,1,40,11
2023,c,"Tamamura, Shogo",15,2,0,0,9,0
2023,c,"Tamura, Shunsuke",22,8,0,0,6,0
2023,c,"Tanaka, Kosuke",253,51,25,1,48,6
2023,c,"Tokoda, Hiroki",50,11,2,0,12,0
2023,c,"Uemoto, Takashi",276,64,12,9,46,1
2023,c,"Yano, Masaya",146,22,14,0,35,0
2023,d,"Almonte, Zoilo",54,10,1,0,18,1
2023,d,"Aquino, Aristides",68,10,2,0,32,1
2023,d,"Bright, Kenta",68,14,6,1,20,0
2023,d,"Calixte, Orlando",172,38,7,0,36,5
2023,d,"Donoue, Naomichi",10,2,1,0,1,0
2023,d,"Fukuda, Nobumasa",26,3,5,1,4,1
2023,d,"Fukunaga, Hiroki",325,70,20,2,62,2
2023,d,"Fukutani, Koji",15,2,0,1,2,0
2023,d,"Gotoh, Shunta",51,8,5,0,18,0
2023,d,"Gunji, Yuya",1,0,0,0,0,0
2023,d,"Higuchi, Seishu",3,0,0,0,1,0
2023,d,"Hosokawa, Seiya",576,131,49,8,161,24
2023,d,"Ishibashi, Kota",77,18,1,0,7,2
2023,d,"Ishigaki, Masami",26,2,2,0,6,0
2023,d,"Ishikawa, Takaya",464,105,22,4,69,13
2023,d,"Itoh, Kosuke",22,3,0,0,3,0
2023,d,"Katoh, Shohei",45,9,2,1,8,0
2023,d,"Katoh, Takuma",8,0,0,0,3,0
2023,d,"Katsuno, Akiyoshi",1,0,0,0,0,0
2023,d,"Kawagoe, Seiji",36,7,3,0,8,0
2023,d,"Kinoshita, Takuya",315,66,30,1,55,5
2023,d,"Matsuba, Takahiro",15,0,0,0,9,0
2023,d,"Matsuyama, Shinya",1,0,0,0,0,0
2023,d,"Mejia, Humberto",17,1,0,0,6,0
2023,d,"Miya, Taisei",7,2,0,0,1,0
2023,d,"Miyoshi, Hironori",17,2,1,2,4,0
2023,d,"Mizowaki, Hayato",45,7,2,1,12,0
2023,d,"Muramatsu, Kaito",304,57,15,2,49,1
2023,d,"Nakachi, Reia",15,0,0,0,9,0
2023,d,"Neo, Akira",5,1,0,0,2,0
2023,d,"Ogasawara, Shinnosuke",52,5,1,1,28,0
2023,d,"Ohno, Shota",1,0,0,0,0,0
2023,d,"Ohno, Yudai",2,0,0,0,1,0
2023,d,"Ohshima, Yohei",494,136,15,5,43,0
2023,d,"Okabayashi, Yuki",633,163,39,0,89,3
2023,d,"Okano, Yuichiro",1,0,0,0,0,0
2023,d,"Suzuki, Hiroshi",4,0,0,0,2,0
2023,d,"Takahashi, Hiroto",46,6,2,0,16,0
2023,d,"Takahashi, Shuhei",172,34,11,1,41,0
2023,d,"Takamatsu, Wataru",1,0,0,0,0,0
2023,d,"Tsuchida, Ryuku",304,51,15,2,59,1
2023,d,"Ueda, Kotaro",1,0,0,0,1,0
2023,d,"Ukai, Kosuke",94,13,2,1,31,3
2023,d,"Umetsu, Kodai",5,1,0,0,1,0
2023,d,"Usami, Shingo",226,58,17,1,47,3
2023,d,"Viciedo, Dayan",347,77,27,4,41,6
2023,d,"Wakui, Hideaki",31,2,1,0,15,0
2023,d,"Yamaasa, Ryunosuke",2,0,0,0,0,0
2023,d,"Yanagi, Yuya",46,9,2,0,8,0
2023,db,"Amburgey, Trey",8,1,0,0,3,0
2023,db,"Austin, Tyler",54,13,6,0,13,0
2023,db,"Azuma, Katsuki",56,6,2,0,17,0
2023,db,"Bauer, Trevor",45,1,1,0,18,0
2023,db,"Chino, Naoto",39,5,7,1,9,2
2023,db,"Ebina, Tatsuo",51,6,1,4,12,0
2023,db,"Fujita, Kazuya",24,6,2,0,5,0
2023,db,"Gsellman, Robert",19,2,4,0,3,0
2023,db,"Hamaguchi, Haruhiro",21,5,0,0,3,0
2023,db,"Hayashi, Takuma",154,29,6,0,29,0
2023,db,"Imanaga, Shota",45,10,0,0,10,0
2023,db,"Ishida, Kenta",34,2,1,1,8,0
2023,db,"Ishikawa, Tatsuya",1,0,0,0,1,0
2023,db,"Itoh, Hikaru",176,36,9,2,41,1
2023,db,"Kajiwara, Kouki",54,12,1,0,18,0
2023,db,"Kamichatani, Taiga",6,0,0,0,3,0
2023,db,"Kamizato, Kazuki",53,8,3,1,16,0
2023,db,"Kasahara, Shotaro",2,0,0,0,1,0
2023,db,"Kusumoto, Taishi",176,30,11,3,35,2
2023,db,"Kuwahara, Masayuki",479,108,23,10,54,7
2023,db,"Kyoda, Yota",287,57,25,2,33,1
2023,db,"Maeda, Yamato",230,50,14,0,23,0
2023,db,"Maki, Shugo",605,164,33,7,85,29
2023,db,"Miyagi, Daita",1,0,0,0,1,0
2023,db,"Miyaguni, Ryosuke",1,0,0,0,1,0
2023,db,"Miyazaki, Toshiro",461,133,41,8,43,20
2023,db,"Mori, Keito",14,2,1,0,1,0
2023,db,"Nishimaki, Kenji",4,0,0,0,2,0
2023,db,"Nishiura, Naomichi",9,1,0,0,4,0
2023,db,"Ohnuki, Shinichi",25,3,1,0,8,0
2023,db,"Ohta, Taishi",186,38,9,2,49,4
2023,db,"Sakamoto, Yuya",2,0,0,0,0,0
2023,db,"Sano, Keita",613,148,46,4,77,13
2023,db,"Sekine, Taiki",532,126,29,4,53,4
2023,db,"Shibata, Tatsuhiro",66,7,9,2,9,0
2023,db,"Soto, Neftali",399,83,39,4,99,14
2023,db,"Taira, Kentaro",18,2,0,0,3,0
2023,db,"Tobashira, Yasutaka",181,40,13,0,30,5
2023,db,"Yamamoto, Yuudai",200,48,18,1,26,3
2023,e,"Abe, Toshiki",253,55,27,2,47,4
2023,e,"Akaminai, Ginji",10,1,0,0,1,0
2023,e,"Asamura, Hideto",601,143,75,3,108,26
2023,e,"Franco, Maikel",334,69,21,1,52,12
2023,e,"Hayakawa, Takahisa",3,1,0,0,0,0
2023,e,"Horiuchi, Kengo",3,1,1,0,0,0
2023,e,"Itoh, Yukiya",216,46,15,1,48,5
2023,e,"Karashima, Wataru",1,0,0,0,1,0
2023,e,"Kishi, Takayuki",1,0,0,0,1,0
2023,e,"Kobukata, Hiroto",549,123,48,3,83,5
2023,e,"Kurokawa, Fumiya",24,2,0,0,5,1
2023,e,"Mogi, Eigoro",15,1,3,0,3,0
2023,e,"Murabayashi, Itsuki",340,77,21,4,55,2
2023,e,"Nishikawa, Haruki",87,13,11,0,24,1
2023,e,"Norimoto, Takahiro",3,0,0,0,3,0
2023,e,"Ogoh, Yuya",441,102,36,1,85,10
2023,e,"Ohta, Hikaru",233,42,27,4,47,3
2023,e,"Okajima, Takero",410,96,33,3,67,6
2023,e,"Shimauchi, Hiroaki",369,76,41,3,41,7
2023,e,"Shoji, Kosei",2,0,0,0,0,0
2023,e,"Shozui, Yuya",2,0,1,0,0,0
2023,e,"Sumitani, Ginjiro",145,29,5,2,23,1
2023,e,"Suzuki, Daichi",292,61,24,9,36,5
2023,e,"Tanaka, Kazuki",41,3,5,0,13,2
2023,e,"Tanaka, Masahiro",2,0,0,0,2,0
2023,e,"Tatsumi, Ryosuke",495,114,40,12,99,9
2023,e,"Wada, Ren",6,1,0,0,3,0
2023,e,"Watanabe, Yoshiaki",57,7,5,0,7,0
2023,e,"Yamasaki, Tsuyoshi",307,53,35,3,58,2
2023,e,"Yasuda, Yuma",127,24,16,1,25,3
2023,f,"Alcantara, Arismendy",125,23,9,0,41,4
2023,f,"Arizono, Naoki",5,0,0,0,4,0
2023,f,"Asama, Daiki",38,8,1,0,10,0
2023,f,"Egoshi, Taiga",176,27,11,2,77,5
2023,f,"Fukuda, Koki",63,10,4,1,19,2
2023,f,"Furukawa, Yudai",47,8,1,0,15,0
2023,f,"Fushimi, Torai",251,46,8,4,42,3
2023,f,"Gunji, Yuya",187,43,16,0,30,3
2023,f,"Hanson, Alen",96,13,5,0,12,4
2023,f,"Hosokawa, Ryohei",112,21,7,0,26,1
2023,f,"Imagawa, Yuma",69,12,6,2,17,0
2023,f,"Ishii, Kazunari",100,14,14,0,27,0
2023,f,"Isobata, Ryota",205,44,4,2,50,0
2023,f,"Itoh, Hiromi",5,1,0,0,2,0
2023,f,"Kamikawabata, Daigo",346,62,34,6,51,0
2023,f,"Katoh, Gosuke",222,42,18,3,35,6
2023,f,"Katoh, Takayuki",2,0,0,0,2,0
2023,f,"Kimura, Fumikazu",2,1,0,0,0,0
2023,f,"Kitayama, Koki",7,2,0,0,3,0
2023,f,"Kiyomiya, Kotaro",416,87,53,3,69,10
2023,f,"Kohri, Takuya",15,4,0,0,1,0
2023,f,"Mannami, Chusei",582,141,41,4,138,25
2023,f,"Martinez, Ariel",444,95,44,11,99,15
2023,f,"Matsumoto, Go",561,140,37,7,57,3
2023,f,"Mizuno, Tatsuki",62,9,4,0,21,0
2023,f,"Nakashima, Takuya",32,6,2,0,5,0
2023,f,"Narama, Taiki",196,44,8,3,50,2
2023,f,"Nomura, Yuki",473,100,42,4,112,13
2023,f,"Shimizu, Yushi",60,13,4,0,13,0
2023,f,"Suzuki, Kenya",3,0,0,0,1,0
2023,f,"Tamiya, Yua",31,8,0,0,7,2
2023,f,"Uehara, Kenta",4,1,0,0,2,0
2023,f,"Umebayashi, Yuki",6,3,0,0,1,0
2023,f,"Usami, Shingo",16,0,1,0,4,0
2023,f,"Uwasawa, Naoyuki",3,1,0,0,2,0
2023,f,"Wang, Po-Jung",45,10,3,0,16,1
2023,f,"Yachi, Ryota",88,15,8,0,9,0
2023,f,"Yamada, Haruka",46,11,4,1,6,0
2023,f,"Yazawa, Kota",107,17,8,1,35,1
2023,g,"Akahoshi, Yuji",22,2,2,0,10,0
2023,g,"Akihiro, Yuto",439,111,26,2,79,10
2023,g,"Asano, Shogo",41,10,1,0,14,1
2023,g,"Beede, Tyler",8,1,0,0,5,0
2023,g,"Brinson, Lewis",294,70,9,1,71,11
2023,g,"Chono, Hisayoshi",176,41,17,0,40,6
2023,g,"Griffin, Foster",41,4,0,0,25,0
2023,g,"Hagio, Masaya",16,1,0,0,10,0
2023,g,"Heinai, Ryuta",1,0,0,0,0,0
2023,g,"Hirooka, Taishi",30,6,0,1,8,1
2023,g,"Inoue, Haruto",5,1,0,0,3,0
2023,g,"Kadowaki, Makoto",348,83,18,0,58,3
2023,g,"Kajitani, Takayuki",291,73,17,3,45,2
2023,g,"Kikuta, Hirokazu",6,0,1,0,0,0
2023,g,"Kishida, Yukinori",72,17,2,1,12,2
2023,g,"Kitamura, Takumi",38,7,2,1,7,0
2023,g,"Kobayashi, Seiji",9,1,0,0,0,0
2023,g,"Maru, Yoshihiro",431,94,42,0,62,18
2023,g,"Masuda, Daiki",13,3,1,0,3,0
2023,g,"Matsubara, Seiya",13,0,1,0,4,0
2023,g,"Matsuda, Nobuhiro",17,1,0,0,5,0
2023,g,"Matsui, Hayate",3,1,0,0,0,0
2023,g,"Mendez, Yohander",30,2,0,1,12,0
2023,g,"Nakajima, Hiroyuki",19,5,1,0,5,0
2023,g,"Nakata, Sho",288,67,19,2,63,15
2023,g,"Nakayama, Raito",147,33,7,0,30,0
2023,g,"Ohshiro, Takumi",490,119,36,5,109,16
2023,g,"Okada, Yuki",52,8,3,0,14,1
2023,g,"Okamoto, Kazuma",589,140,72,8,111,41
2023,g,"Okoye, Louis",127,28,5,2,35,2
2023,g,"Sakamoto, Hayato",455,116,45,2,84,22
2023,g,"Shigenobu, Shinnosuke",57,8,5,0,16,0
2023,g,"Shiroki, Yamato",2,1,0,0,1,0
2023,g,"Sugano, Tomoyuki",25,5,1,0,5,0
2023,g,"Takanashi, Yuhei",1,0,0,0,1,0
2023,g,"Tanaka, Chiharu",2,0,0,0,1,0
2023,g,"Togo, Shosei",55,5,2,0,24,0
2023,g,"Wakabayashi, Akihiro",18,2,2,0,5,0
2023,g,"Walker, Adam",120,31,2,0,39,6
2023,g,"Yamasaki, Iori",47,6,0,0,15,0
2023,g,"Yamase, Shinnosuke",7,1,0,0,3,0
2023,g,"Yokogawa, Kai",29,4,0,0,11,0
2023,g,"Yoshikawa, Naoki",478,110,26,8,66,7
2023,h,"Arihara, Kohei",2,1,0,0,1,0
2023,h,"Astudillo, Willians",50,6,2,3,2,1
2023,h,"Bandoh, Yugo",2,0,0,0,2,0
2023,h,"Despaigne, Alfredo",49,3,7,0,13,0
2023,h,"Fujii, Kouya",2,0,0,0,1,0
2023,h,"Galvis, Freddy",34,5,0,1,11,0
2023,h,"Hawkins, Courtney",10,0,0,0,4,0
2023,h,"Higashihama, Nao",2,0,0,0,2,0
2023,h,"Imamiya, Kenta",484,109,27,2,58,9
2023,h,"Inoue, Tomoya",41,10,3,0,10,1
2023,h,"Ishikawa, Shuta",3,0,0,0,2,0
2023,h,"Kai, Ikumi",21,4,1,0,5,0
2023,h,"Kai, Takuya",420,74,31,3,117,10
2023,h,"Kawarada, Jumpei",1,0,0,0,0,0
2023,h,"Kawase, Hikaru",208,42,9,2,23,0
2023,h,"Kondoh, Kensuke",613,149,109,6,117,26
2023,h,"Kurihara, Ryoya",387,84,28,4,81,13
2023,h,"Makihara, Taisei",387,93,11,5,66,2
2023,h,"Masaki, Tomoya",30,1,3,1,10,0
2023,h,"Masuda, Shu",75,12,5,3,17,1
2023,h,"Mimori, Masaki",316,77,12,0,48,5
2023,h,"Minei, Hiroki",39,7,0,1,10,2
2023,h,"Nakamura, Akira",585,140,60,3,53,5
2023,h,"Nomura, Daiju",83,16,4,0,22,1
2023,h,"Nomura, Isami",95,13,8,4,33,3
2023,h,"Satoh, Naoki",31,5,0,0,16,1
2023,h,"Shuto, Ukyo",268,57,20,3,56,2
2023,h,"Stewart, Jr., Carter",2,0,0,0,2,0
2023,h,"Sunagawa, Richard",64,7,2,1,25,0
2023,h,"Tanigawara, Kenta",46,10,3,0,12,0
2023,h,"Uebayashi, Seiji",99,17,3,1,30,0
2023,h,"Umino, Takashi",2,0,0,0,0,0
2023,h,"Wada, Tsuyoshi",2,0,0,0,2,0
2023,h,"Yanagimachi, Tatsuru",375,80,58,1,104,0
2023,h,"Yanagita, Yuki",625,163,64,9,97,22
2023,h,"Yoshida, Kengo",1,0,0,0,1,0
2023,l,"Enns, Dietrich",1,1,0,0,0,0
2023,l,"Furuichi, Takeru",56,8,2,1,13,0
2023,l,"Genda, Sosuke",435,102,26,3,82,0
2023,l,"Hasegawa, Shinya",198,40,11,3,34,4
2023,l,"Hiranuma, Shota",110,25,5,1,18,2
2023,l,"Hiruma, Takuya",223,46,14,0,37,2
2023,l,"Kaneko, Yuji",91,15,4,1,24,0
2023,l,"Kawagoe, Seiji",38,4,6,1,13,1
2023,l,"Kishi, Junichiro",197,37,11,4,33,3
2023,l,"Kodama, Ryosuke",132,27,4,0,30,0
2023,l,"Koga, Yuto",282,52,23,3,54,2
2023,l,"Kuriyama, Takumi",191,34,31,1,32,7
2023,l,"Mackinnon, David",514,120,48,0,91,15
2023,l,"Matsumoto, Wataru",5,0,0,0,3,0
2023,l,"Nakamura, Takeya",322,73,31,5,76,17
2023,l,"Nishikawa, Manaya",109,22,5,1,16,1
2023,l,"Payton, Mark",225,44,14,1,46,5
2023,l,"Satoh, Ryusei",257,55,42,2,41,3
2023,l,"Sumida, Chihiro",2,0,0,0,1,0
2023,l,"Suzuki, Shohei",267,58,15,1,34,0
2023,l,"Taira, Kaima",6,0,0,0,4,0
2023,l,"Takagi, Wataru",19,3,0,0,8,0
2023,l,"Takahashi, Kona",3,0,0,0,3,0
2023,l,"Takamatsu, Wataru",1,0,0,0,0,0
2023,l,"Takeda, Aito",267,55,3,2,55,4
2023,l,"Takizawa, Natsuo",17,3,0,0,4,1
2023,l,"Tonosaki, Shuta",571,131,56,5,114,12
2023,l,"Tsuge, Sena",137,23,3,2,23,0
2023,l,"Wakabayashi, Gakuto",94,22,2,0,30,1
2023,l,"Watanabe, Kento",209,41,11,5,63,6
2023,l,"Wu, Nien-Ting",92,16,13,0,25,1
2023,l,"Yamakawa, Hotaka",62,15,3,0,17,0
2023,l,"Yamamura, Takayoshi",15,4,1,0,5,2
2023,l,"Yamanobe, Kakeru",43,8,1,1,3,0
2023,l,"Yohkawa, Naomasa",28,4,2,2,11,1
2023,l,"Yoza, Kaito",3,0,0,0,2,0
2023,m,"Brosseau, Michael",147,26,2,4,30,1
2023,m,"Castillo, Luis",1,0,0,0,1,0
2023,m,"Chatani, Kenta",187,48,11,2,26,0
2023,m,"Emura, Naoya",10,0,0,0,2,0
2023,m,"Fujioka, Yudai",380,86,54,4,66,1
2023,m,"Fujiwara, Kyota",361,78,18,4,78,3
2023,m,"Fukuda, Shuhei",9,2,1,0,3,0
2023,m,"Hirasawa, Taiga",170,23,25,3,43,3
2023,m,"Ikeda, Raito",118,28,6,3,17,2
2023,m,"Inoue, Seiya",106,17,9,1,24,1
2023,m,"Ishikawa, Shingo",118,39,6,0,20,2
2023,m,"Kakinuma, Tomoya",38,3,3,1,6,0
2023,m,"Kakunaka, Katsuya",244,64,21,1,43,9
2023,m,"Matsukawa, Kou",18,3,1,0,4,0
2023,m,"Mercedes, Cristopher Crisostomo",3,0,0,0,3,0
2023,m,"Mima, Manabu",2,1,0,0,0,0
2023,m,"Nakamura, Shogo",584,112,52,7,89,11
2023,m,"Ogawa, Ryusei",24,3,1,0,7,0
2023,m,"Ogino, Takashi",203,44,11,6,16,1
2023,m,"Ohshita, Seiichiro",28,5,2,3,7,1
2023,m,"Ojima, Kazuya",4,0,0,0,3,0
2023,m,"Oka, Hiromi",372,90,37,8,56,7
2023,m,"Onuma, Kenta",1,0,0,0,0,0
2023,m,"Polanco, Gregory",497,108,47,0,92,26
2023,m,"Sasaki, Roki",4,0,0,0,4,0
2023,m,"Satoh, Toshiya",278,52,22,3,45,4
2023,m,"Sugano, Tsuyoshi",11,1,1,0,2,0
2023,m,"Tamura, Tatsuhiro",214,30,13,2,38,2
2023,m,"Taneichi, Atsuki",4,0,0,0,0,0
2023,m,"Tomosugi, Atsuki",209,47,9,0,31,0
2023,m,"Ueda, Shota",3,0,0,0,2,0
2023,m,"Wada, Koshiro",113,26,9,3,32,3
2023,m,"Yamaguchi, Koki",474,99,43,5,122,14
2023,m,"Yamamoto, Daito",7,1,0,0,4,0
2023,m,"Yasuda, Hisanori",472,99,49,2,95,9
2023,s,"Akahane, Yoshihiro",27,4,1,1,12,1
2023,s,"Aoki, Norichika",264,55,39,4,28,3
2023,s,"Araki, Takahiro",2,0,0,0,1,0
2023,s,"Hamada, Taiki",276,59,19,1,60,5
2023,s,"Ichikawa, Yuta",2,0,0,0,0,0
2023,s,"Ishikawa, Masanori",16,3,0,0,3,0
2023,s,"Kanakubo, Yuto",2,1,0,0,1,0
2023,s,"Kawabata, Shingo",105,30,9,1,10,2
2023,s,"Kitamura, Keigo",23,4,0,0,5,1
2023,s,"Kizawa, Naofumi",1,0,0,0,1,0
2023,s,"Koga, Yudai",80,20,8,1,6,1
2023,s,"Kozawa, Reiji",25,3,1,0,10,0
2023,s,"Maruyama, Kazuya",106,20,6,0,27,0
2023,s,"Maruyama, Shota",1,0,0,0,0,0
2023,s,"Matsumoto, Naoki",6,0,0,0,0,0
2023,s,"Mitsumata, Taiki",21,2,2,0,8,0
2023,s,"Miyamoto, Takeshi",123,20,17,5,18,0
2023,s,"Motoyama, Hiyu",42,7,0,0,13,0
2023,s,"Murakami, Munetaka",597,127,90,7,168,31
2023,s,"Nagaoka, Hideki",488,101,29,5,57,3
2023,s,"Nakamura, Yuhei",376,70,33,8,59,4
2023,s,"Namiki, Hidetaka",174,39,8,1,33,1
2023,s,"Nishida, Akihisa",8,1,0,0,3,0
2023,s,"Nishimura, Ruito",1,0,0,0,1,0
2023,s,"Nishiura, Naomichi",12,2,0,0,5,0
2023,s,"Ogawa, Yasuhiro",49,4,1,0,23,0
2023,s,"Ohnishi, Hiroki",1,0,0,0,0,0
2023,s,"Ohta, Kengo",42,8,1,0,11,0
2023,s,"Okumura, Nobuyuki",5,2,0,0,2,0
2023,s,"Onaka, Yuya",1,0,0,0,0,0
2023,s,"Osuna, Jose",543,127,39,1,79,23
2023,s,"Peters, Dillon",34,0,3,0,21,0
2023,s,"Rodriguez, Elvin",9,0,0,0,6,0
2023,s,"Santana, Domingo",516,140,44,2,114,18
2023,s,"Sawai, Ren",37,5,0,5,11,0
2023,s,"Shiomi, Yasutaka",209,56,19,3,40,8
2023,s,"Sneed, Cy",41,4,2,0,14,1
2023,s,"Takahashi, Keiji",29,1,0,0,8,0
2023,s,"Takanashi, Hirotoshi",12,1,0,0,8,0
2023,s,"Takeoka, Ryusei",178,35,8,0,47,1
2023,s,"Uchiyama, Souma",269,55,19,2,37,6
2023,s,"Yamada, Tetsuto",422,87,39,3,102,14
2023,s,"Yamamoto, Daiki",1,0,0,0,0,0
2023,s,"Yamano, Taichi",10,1,0,0,3,0
2023,s,"Yamasaki, Kotaro",153,33,10,0,33,0
2023,s,"Yoshimura, Kojiro",19,1,0,0,8,0
2023,t,"Akiyama, Takumi",4,0,0,0,2,0
2023,t,"Aoyagi, Koyo",37,4,0,0,12,0
2023,t,"Baba, Kosuke",3,0,0,0,2,0
2023,t,"Beasley, Jeremy",11,0,0,0,7,0
2023,t,"Chikamoto, Koji",585,143,67,12,71,8
2023,t,"Haraguchi, Fumihito",56,10,3,1,18,2
2023,t,"Inoue, Kouta",37,8,2,0,18,0
2023,t,"Itayama, Yutaro",17,1,0,0,7,0
2023,t,"Itoh, Masashi",52,5,2,0,26,0
2023,t,"Itohara, Kento",83,17,9,2,16,0
2023,t,"Kinami, Seiya",470,109,31,4,103,1
2023,t,"Kirishiki, Takuma",6,1,0,0,3,0
2023,t,"Kumagai, Takahiro",9,2,2,0,2,0
2023,t,"Maegawa, Ukyo",107,24,9,4,25,0
2023,t,"Mieses, Johan",143,28,14,1,45,5
2023,t,"Mombetsu, Keito",2,0,0,0,2,0
2023,t,"Morishita, Shota",377,79,29,11,70,10
2023,t,"Murakami, Shoki",49,6,2,0,23,0
2023,t,"Nagasaka, Kenya",12,2,0,0,3,0
2023,t,"Nakano, Takumu",660,164,57,2,107,2
2023,t,"Neuse, Sheldon",516,114,36,2,85,9
2023,t,"Nishi, Junya",25,5,1,0,9,0
2023,t,"Nishi, Yuki",33,1,0,0,12,0
2023,t,"Obata, Ryuhei",91,22,8,0,23,0
2023,t,"Ohtake, Koutaro",48,4,2,0,27,0
2023,t,"Ohyama, Yusuke",625,148,99,5,120,19
2023,t,"Onodera, Dan",83,26,7,0,12,0
2023,t,"Oyokawa, Masaki",1,0,0,0,0,0
2023,t,"Saiki, Hiroto",35,1,0,0,21,0
2023,t,"Sakaeda, Yuki",4,1,0,0,1,0
2023,t,"Sakamoto, Seishiro",289,55,19,4,62,0
2023,t,"Sato, Teruaki",548,128,54,4,139,24
2023,t,"Shimada, Kairi",121,16,7,3,26,1
2023,t,"Tomida, Ren",1,0,0,0,0,0
2023,t,"Ueda, Kai",3,0,1,0,0,0
2023,t,"Umeno, Ryutaro",251,42,28,2,56,1
2023,t,"Watanabe, Ryo",85,14,5,0,18,2
2024,b,"Adachi, Ryoichi",44,8,3,1,8,0
2024,b,"Azuma, Kohei",3,0,0,0,3,0
2024,b,"Cedeno, Leandro",334,79,23,5,97,15
2024,b,"Chano, Tokumasa",57,14,3,0,13,0
2024,b,"Espinoza, Anderson",4,0,0,0,3,0
2024,b,"Fukuda, Shuhei",261,53,25,2,26,1
2024,b,"Fukunaga, Sho",23,4,1,0,6,0
2024,b,"Gen, Kendai",8,1,0,0,3,0
2024,b,"Gibo, Sho",14,3,2,0,3,0
2024,b,"Gonzalez, Marwin",65,8,4,0,13,1
2024,b,"Hirooka, Taishi",119,21,10,0,31,0
2024,b,"Ikeda, Ryoma",23,4,0,0,4,0
2024,b,"Ishikawa, Ryo",8,1,1,0,2,0
2024,b,"Kita, Ryoto",189,36,10,2,49,2
2024,b,"Kurebayashi, Kotaro",523,115,37,5,74,2
2024,b,"Mori, Tomoya",457,111,50,7,61,9
2024,b,"Mune, Yuma",322,68,14,6,31,1
2024,b,"Naito, Ho",21,2,0,1,9,0
2024,b,"Nakagawa, Keita",233,50,13,0,24,2
2024,b,"Nishikawa, Ryoma",553,134,27,1,97,7
2024,b,"Nishino, Masahiro",312,84,22,1,26,1
2024,b,"Noguchi, Tomoya",30,3,1,2,10,1
2024,b,"Oda, Yuya",15,3,1,0,5,0
2024,b,"Ohsato, Kosei",176,36,14,1,26,2
2024,b,"Ohshiro, Koji",18,4,0,2,1,0
2024,b,"Ohta, Ryo",369,96,27,1,66,6
2024,b,"Okada, Takahiro",9,1,1,0,3,0
2024,b,"Saito, Kyosuke",4,0,0,0,4,0
2024,b,"Sano, Kodai",2,0,0,0,0,0
2024,b,"Satoh, Kazuma",2,0,0,0,1,0
2024,b,"Sugimoto, Yutaro",239,51,15,4,56,11
2024,b,"Sugisawa, Ryu",21,1,0,0,6,0
2024,b,"Tajima, Daiki",3,0,0,0,1,0
2024,b,"Takashima, Taito",1,0,0,0,1,0
2024,b,"Thomas, Cody",18,0,0,0,7,0
2024,b,"Tongu, Yuma",290,49,32,7,57,7
2024,b,"Wakatsuki, Kenya",299,53,10,3,59,3
2024,b,"Watanabe, Haruto",81,12,6,1,10,0
2024,b,"Yamaashi, Tatsuya",18,2,3,0,3,0
2024,b,"Yokoyama, Seiya",40,6,0,0,16,0
2024,c,"Aduwa, Makoto",32,1,0,0,14,0
2024,c,"Aizawa, Tsubasa",159,28,7,2,43,0
2024,c,"Akiyama, Shogo",587,158,29,5,96,4
2024,c,"Dohbayashi, Shota",273,56,16,1,67,1
2024,c,"Futamata, Shoichi",122,21,8,1,26,1
2024,c,"Hatch, Thomas",7,1,0,0,4,0
2024,c,"Hatsuki, Ryutaro",25,5,1,0,8,0
2024,c,"Hayashi, Kota",64,11,4,0,20,0
2024,c,"Ishihara, Tomoki",139,28,5,5,22,3
2024,c,"Isomura, Yoshitaka",10,0,1,0,4,0
2024,c,"Kawano, Kei",1,0,0,0,1,0
2024,c,"Kikuchi, Ryosuke",497,109,25,1,69,9
2024,c,"Kozono, Kaito",588,151,30,6,53,2
2024,c,"Kubo, Shu",18,1,0,1,8,0
2024,c,"Kuri, Aren",39,0,0,0,18,0
2024,c,"Kurohara, Takumi",2,1,0,0,0,0
2024,c,"Matsuyama, Ryuhei",78,13,4,0,12,1
2024,c,"Mori, Shohei",8,1,0,0,2,0
2024,c,"Morishita, Masato",52,11,1,1,12,0
2024,c,"Nakada, Yuto",4,1,0,0,1,0
2024,c,"Nakamura, Kento",24,2,0,0,8,1
2024,c,"Nakamura, Shosei",70,10,1,0,13,0
2024,c,"Nakamura, Takahiro",25,5,0,0,5,0
2024,c,"Nirasawa, Yuya",15,2,0,0,2,0
2024,c,"Noma, Takayoshi",443,106,43,5,52,1
2024,c,"Nomura, Yusuke",2,0,0,0,2,0
2024,c,"Ohmori, Minoru",35,7,2,0,10,0
2024,c,"Ohsera, Daichi",45,2,0,0,21,0
2024,c,"Reynolds, Matt",6,0,1,0,2,0
2024,c,"Sakakura, Shogo",462,119,31,1,80,12
2024,c,"Sato, Keisuke",17,2,2,0,3,0
2024,c,"Scheiner, Jake",31,4,1,0,9,1
2024,c,"Suekane, Shota",304,68,12,6,85,9
2024,c,"Takita, Kazuki",1,0,0,0,1,0
2024,c,"Tamamura, Shogo",19,3,0,0,9,0
2024,c,"Tamura, Shunsuke",106,20,3,1,27,0
2024,c,"Tanaka, Kosuke",108,15,9,1,26,2
2024,c,"Tokoda, Hiroki",52,8,0,0,7,0
2024,c,"Tsunehiro, Hayato",4,0,0,0,4,0
2024,c,"Uchida, Shodai",3,1,0,0,0,0
2024,c,"Uemoto, Takashi",146,27,4,4,24,0
2024,c,"Ugusa, Koki",75,16,4,2,22,3
2024,c,"Yano, Masaya",495,112,38,3,109,2
2024,d,"Bright, Kenta",51,11,5,0,16,2
2024,d,"Calixte, Orlando",393,97,15,0,67,7
2024,d,"Dickerson, Alex",102,18,12,2,19,3
2024,d,"Fujishima, Kento",1,1,0,0,0,0
2024,d,"Fuku, Hiroto",1,0,0,0,1,0
2024,d,"Fukunaga, Hiroki",402,111,27,6,82,6
2024,d,"Fukutani, Koji",10,2,0,0,1,0
2024,d,"Gotoh, Shunta",35,4,2,0,9,0
2024,d,"Habu, Shohta",3,0,0,0,1,0
2024,d,"Hashimoto, Yuki",3,0,0,0,3,0
2024,d,"Higuchi, Seishu",1,0,0,0,1,0
2024,d,"Hosokawa, Seiya",600,156,60,5,159,23
2024,d,"Ishibashi, Kota",29,5,1,0,7,0
2024,d,"Ishigaki, Masami",10,2,0,0,0,0
2024,d,"Ishikawa, Takaya",275,69,17,2,37,4
2024,d,"Itayama, Yutaro",194,42,14,0,36,3
2024,d,"Katoh, Takuma",133,21,2,0,41,0
2024,d,"Kawagoe, Seiji",75,19,4,0,17,2
2024,d,"Kinoshita, Takuya",203,41,9,0,26,3
2024,d,"Matsuba, Takahiro",30,5,0,0,8,0
2024,d,"Matsukihira, Yuta",14,0,0,0,6,0
2024,d,"Mejia, Humberto",17,0,1,0,5,0
2024,d,"Miya, Taisei",1,0,0,0,0,0
2024,d,"Miyoshi, Hironori",90,18,5,1,22,0
2024,d,"Muramatsu, Kaito",418,102,26,4,81,1
2024,d,"Nakajima, Hiroyuki",15,0,0,2,7,0
2024,d,"Nakata, Sho",225,46,9,1,34,4
2024,d,"Neo, Akira",2,1,0,0,1,0
2024,d,"Oda, Gouki",12,0,0,0,4,0
2024,d,"Ogasawara, Shinnosuke",44,3,1,0,17,0
2024,d,"Ohno, Yudai",15,1,1,0,7,0
2024,d,"Ohshima, Yohei",125,23,9,0,11,0
2024,d,"Okabayashi, Yuki",460,109,29,0,62,0
2024,d,"Rodriguez, Christian",59,7,2,0,16,0
2024,d,"Takahashi, Hiroto",46,3,1,0,13,0
2024,d,"Takahashi, Shuhei",190,45,13,1,40,2
2024,d,"Tanaka, Mikiya",343,70,20,0,46,2
2024,d,"Tsuchida, Ryuku",45,7,1,0,11,0
2024,d,"Tsujimoto, Rintaro",20,3,1,0,0,0
2024,d,"Uebayashi, Seiji",102,18,7,0,22,1
2024,d,"Ukai, Kosuke",27,5,0,0,10,0
2024,d,"Umetsu, Kodai",19,2,0,0,9,0
2024,d,"Usami, Shingo",164,46,9,0,38,3
2024,d,"Viciedo, Dayan",46,9,2,1,3,1
2024,d,"Wakui, Hideaki",24,1,1,0,9,0
2024,d,"Yamamoto, Yasuhiro",179,39,15,0,33,1
2024,d,"Yanagi, Yuya",24,4,1,0,8,0
2024,db,"Austin, Tyler",445,125,45,0,88,25
2024,db,"Azuma, Junpei",2,1,0,0,0,0
2024,db,"Azuma, Katsuki",63,5,4,0,16,0
2024,db,"Chino, Naoto",22,2,4,0,4,0
2024,db,"Ebina, Tatsuo",253,57,17,6,51,3
2024,db,"Ford, Mike",22,4,2,0,2,1
2024,db,"Hamaguchi, Haruhiro",15,3,1,0,7,0
2024,db,"Hayashi, Takuma",114,17,8,1,24,0
2024,db,"Inoue, Kento",48,8,2,2,8,0
2024,db,"Ishida, Kenta",13,1,0,0,7,0
2024,db,"Ishida, Yutaro",18,0,0,0,9,0
2024,db,"Ishikami, Taiki",79,13,6,0,17,0
2024,db,"Itoh, Hikaru",94,18,4,2,24,1
2024,db,"Jackson, Andre",51,4,2,0,28,0
2024,db,"Kajiwara, Kouki",351,99,7,4,98,4
2024,db,"Kamichatani, Taiga",3,0,0,0,1,0
2024,db,"Kamizato, Kazuki",25,3,1,1,12,0
2024,db,"Kay, Anthony",46,0,3,0,22,0
2024,db,"Kusumoto, Taishi",31,5,1,1,5,0
2024,db,"Kuwahara, Masayuki",321,77,19,4,42,5
2024,db,"Kyoda, Yota",236,53,13,0,43,1
2024,db,"Kyoyama, Masaya",2,0,0,0,1,0
2024,db,"Maeda, Yamato",94,20,5,1,12,0
2024,db,"Maki, Shugo",561,152,37,5,59,23
2024,db,"Matsumoto, Ryunosuke",3,0,0,0,0,0
2024,db,"Matsuo, Shion",40,8,1,1,8,0
2024,db,"Miyazaki, Toshiro",469,116,52,6,29,14
2024,db,"Mori, Keito",200,47,12,0,43,0
2024,db,"Mori, Yuito",5,1,0,0,3,0
2024,db,"Nakagawa, Hayate",14,3,0,0,3,1
2024,db,"Nishiura, Naomichi",17,4,2,0,5,0
2024,db,"Ohnuki, Shinichi",30,2,1,0,9,0
2024,db,"Sano, Keita",566,143,35,4,53,8
2024,db,"Sekine, Taiki",142,29,11,2,19,0
2024,db,"Shibata, Tatsuhiro",34,6,3,1,7,0
2024,db,"Taira, Kentaro",10,2,0,0,7,0
2024,db,"Tobashira, Yasutaka",97,22,5,1,15,0
2024,db,"Tsutsugoh, Yoshitomo",168,28,16,2,51,7
2024,db,"Watarai, Ryuki",272,64,12,7,43,3
2024,db,"Wick, Rowan",1,0,0,0,1,0
2024,db,"Yamamoto, Yuudai",403,104,27,3,41,5
2024,db,"Yoshino, Teruki",13,0,2,0,5,0
2024,e,"Abe, Toshiki",254,52,20,1,54,9
2024,e,"Asamura, Hideto",552,119,68,4,101,14
2024,e,"Franco, Maikel",243,50,9,2,49,8
2024,e,"Fujii, Masaru",4,1,0,0,1,0
2024,e,"Hayakawa, Takahisa",3,1,0,0,2,0
2024,e,"Horiuchi, Kengo",6,0,0,0,1,0
2024,e,"Irie, Daiki",14,5,1,0,3,0
2024,e,"Ishihara, Tsuyoshi",172,25,13,0,50,4
2024,e,"Itoh, Yukiya",125,30,5,1,34,2
2024,e,"Kishi, Takayuki",2,0,1,0,0,0
2024,e,"Kobukata, Hiroto",522,103,42,2,84,3
2024,e,"Koja, Tatsuki",3,0,0,0,1,0
2024,e,"Kurokawa, Fumiya",60,13,4,0,12,1
2024,e,"Mogi, Eigoro",75,18,5,0,13,1
2024,e,"Murabayashi, Itsuki",571,125,21,2,91,6
2024,e,"Mutoh, Atsuki",5,1,0,0,2,0
2024,e,"Nakashima, Daisuke",128,28,2,3,21,1
2024,e,"Ogoh, Yuya",642,145,68,3,120,7
2024,e,"Ohta, Hikaru",269,45,13,2,58,2
2024,e,"Okajima, Takero",93,16,11,1,15,1
2024,e,"Ponce, Cody",4,0,0,0,2,0
2024,e,"Shimauchi, Hiroaki",154,28,16,3,16,0
2024,e,"Suzuki, Daichi",460,108,23,13,43,4
2024,e,"Taira, Ryuya",24,3,2,0,3,0
2024,e,"Tanaka, Kazuki",34,4,0,0,9,0
2024,e,"Tanaka, Takaya",12,1,2,0,4,0
2024,e,"Tatsumi, Konosuke",3,0,0,0,2,0
2024,e,"Tatsumi, Ryosuke",597,158,44,8,108,7
2024,e,"Uchi, Seiryu",4,0,0,0,3,0
2024,e,"Watanabe, Yoshiaki",154,34,11,0,26,0
2024,e,"Yamada, Haruka",27,4,2,0,10,0
2024,e,"Yamasaki, Tsuyoshi",6,0,0,0,1,0
2024,e,"Yasuda, Yuma",128,32,6,0,38,2
2024,f,"Asama, Daiki",126,30,9,2,35,1
2024,f,"Egoshi, Taiga",10,0,0,0,7,0
2024,f,"Fukuda, Koki",14,5,0,0,4,0
2024,f,"Furukawa, Yudai",3,0,1,0,2,0
2024,f,"Fushimi, Torai",184,40,4,2,26,0
2024,f,"Gunji, Yuya",495,113,40,4,71,12
2024,f,"Hosokawa, Ryohei",64,12,4,0,11,0
2024,f,"Hosono, Haruki",2,0,0,0,2,0
2024,f,"Imagawa, Yuma",19,4,0,0,5,0
2024,f,"Ishii, Kazunari",219,46,12,1,42,4
2024,f,"Isobata, Ryota",127,18,6,1,34,0
2024,f,"Itoh, Hiromi",4,1,0,0,1,0
2024,f,"Kamikawabata, Daigo",305,64,22,6,40,1
2024,f,"Kanemura, Shoma",2,0,0,0,0,0
2024,f,"Katoh, Gosuke",63,10,5,0,11,0
2024,f,"Katoh, Takayuki",3,0,0,0,1,0
2024,f,"Kitayama, Koki",2,0,0,0,1,0
2024,f,"Kiyomiya, Kotaro",329,87,31,5,62,15
2024,f,"Mannami, Chusei",556,128,39,5,120,18
2024,f,"Martinez, Ariel",459,92,51,11,101,13
2024,f,"Matsumoto, Go",486,103,24,4,52,1
2024,f,"Miyazaki, Kazuki",6,1,1,0,2,0
2024,f,"Mizuno, Tatsuki",359,73,13,1,81,7
2024,f,"Mizutani, Shun",353,94,21,3,79,9
2024,f,"Murphy, Patrick",1,0,0,0,1,0
2024,f,"Nakashima, Takuya",41,8,2,0,9,0
2024,f,"Narama, Taiki",150,25,2,0,39,0
2024,f,"Nomura, Yuki",152,30,7,1,28,2
2024,f,"Reyes, Franmil",368,97,31,0,90,25
2024,f,"Shimizu, Yushi",15,2,0,0,5,0
2024,f,"Shinto, Yuya",3,0,0,0,2,0
2024,f,"Stevenson, Andrew",63,10,1,0,24,0
2024,f,"Suzuki, Kenya",1,0,0,0,1,0
2024,f,"Tamiya, Yua",349,85,21,7,71,3
2024,f,"Umebayashi, Yuki",5,0,0,0,3,0
2024,f,"Yamasaki, Sachiya",7,1,1,0,0,0
2024,f,"Yazawa, Kota",19,2,0,0,5,0
2024,g,"Akahoshi, Yuji",16,0,0,0,3,0
2024,g,"Akihiro, Yuto",48,12,2,0,12,0
2024,g,"Asano, Shogo",158,35,7,2,27,3
2024,g,"Chono, Hisayoshi",98,23,9,0,25,0
2024,g,"Funabasama, Hiromasa",1,0,0,0,0,0
2024,g,"Griffin, Foster",35,3,0,0,11,0
2024,g,"Hagio, Masaya",163,32,11,1,41,2
2024,g,"Hernandez, Elier",240,65,15,3,58,8
2024,g,"Hotta, Kenshin",11,1,0,0,5,0
2024,g,"Inoue, Haruto",34,4,1,0,9,0
2024,g,"Izuguchi, Yuta",185,33,18,0,24,1
2024,g,"Kadowaki, Makoto",405,85,37,2,63,0
2024,g,"Kajitani, Takayuki",17,3,1,0,4,1
2024,g,"Kishida, Yukinori",298,65,14,4,43,4
2024,g,"Kita, Ryusuke",1,0,0,0,0,0
2024,g,"Kobayashi, Seiji",123,16,9,2,18,1
2024,g,"Kohri, Takuya",4,0,0,0,1,0
2024,g,"Maru, Yoshihiro",595,146,65,3,93,14
2024,g,"Masuda, Daiki",38,6,1,0,6,0
2024,g,"Masuda, Riku",6,0,0,1,1,0
2024,g,"Mataki, Teppei",1,0,0,0,1,0
2024,g,"Matsubara, Seiya",16,2,3,0,5,0
2024,g,"Mendez, Yohander",1,0,0,0,1,0
2024,g,"Montes, Coco",159,41,7,1,21,1
2024,g,"Nakayama, Raito",48,14,4,0,12,0
2024,g,"Nishidate, Yuhi",2,0,0,0,0,0
2024,g,"Ohshiro, Takumi",321,72,31,3,62,3
2024,g,"Okada, Yuki",9,1,2,0,2,0
2024,g,"Okamoto, Kazuma",611,150,66,5,97,27
2024,g,"Okoye, Louis",157,36,9,1,35,3
2024,g,"Sakamoto, Hayato",426,94,27,1,72,7
2024,g,"Sasaki, Shunsuke",156,33,9,0,44,0
2024,g,"Shigenobu, Shinnosuke",18,1,3,0,6,0
2024,g,"Sugano, Tomoyuki",53,4,2,0,26,0
2024,g,"Takahashi, Rei",13,2,0,0,5,0
2024,g,"Tateoka, Soichiro",99,18,11,0,19,0
2024,g,"Togo, Shosei",56,2,1,0,21,0
2024,g,"Urena, Estamy",8,0,1,0,4,0
2024,g,"Wakabayashi, Gakuto",44,9,1,1,11,1
2024,g,"Yamasaki, Iori",53,6,1,0,19,0
2024,g,"Yamase, Shinnosuke",6,2,0,0,1,0
2024,g,"Yokogawa, Kai",8,1,0,0,1,0
2024,g,"Yoshikawa, Naoki",602,154,41,6,61,5
2024,g,"Yuasa, Dai",7,1,0,0,2,0
2024,h,"Arihara, Kohei",4,0,0,0,2,0
2024,h,"Downs, Jeter",26,6,2,2,1,1
2024,h,"Higashihama, Nao",3,0,1,0,1,0
2024,h,"Hirose, Ryuta",111,24,5,2,17,2
2024,h,"Imamiya, Kenta",538,121,46,3,87,6
2024,h,"Inoue, Tomoya",10,0,0,0,5,0
2024,h,"Ishikawa, Shuta",1,0,0,0,0,0
2024,h,"Ishizuka, Soichiro",40,6,3,4,10,1
2024,h,"Kai, Takuya",392,88,31,1,89,5
2024,h,"Kawamura, Yuto",140,33,10,3,43,1
2024,h,"Kawase, Hikaru",156,36,7,0,24,0
2024,h,"Kondoh, Kensuke",535,137,92,6,76,19
2024,h,"Kurihara, Ryoya",598,144,49,5,99,20
2024,h,"Makihara, Taisei",259,68,8,1,41,2
2024,h,"Masaki, Tomoya",282,71,11,5,65,7
2024,h,"Mimori, Masaki",71,19,4,0,10,1
2024,h,"Minei, Hiroki",6,3,0,0,1,1
2024,h,"Moinelo, Livan",4,1,0,0,3,0
2024,h,"Nakamura, Akira",203,40,19,1,24,0
2024,h,"Nakata, Keisuke",16,3,1,0,3,0
2024,h,"Nomura, Daiju",2,0,0,0,0,0
2024,h,"Nomura, Isami",50,5,6,0,18,0
2024,h,"Ogata, Riku",62,9,7,0,10,0
2024,h,"Ohzeki, Tomohisa",4,1,0,0,2,0
2024,h,"Sasagawa, Yoshiyasu",21,6,0,0,6,1
2024,h,"Satoh, Naoki",93,16,4,3,30,0
2024,h,"Shuto, Ukyo",477,115,26,10,90,2
2024,h,"Stewart, Jr., Carter",2,0,0,0,2,0
2024,h,"Sunagawa, Richard",33,7,1,1,12,0
2024,h,"Tanigawara, Kenta",10,4,0,1,2,0
2024,h,"Umino, Takashi",120,18,6,1,30,2
2024,h,"Wada, Tsuyoshi",1,0,0,0,0,0
2024,h,"Walker, Adam",66,11,0,1,19,1
2024,h,"Yamakawa, Hotaka",611,136,48,10,158,34
2024,h,"Yanagimachi, Tatsuru",237,58,14,1,65,4
2024,h,"Yanagita, Yuki",225,53,35,3,36,4
2024,h,"Yoshida, Kengo",27,5,0,0,4,0
2024,l,"Aguilar, Jesus",124,23,9,2,31,2
2024,l,"Cordero, Franchy",73,9,2,0,24,1
2024,l,"Furuichi, Takeru",6,0,0,0,0,0
2024,l,"Garcia, Anthony",69,8,7,1,26,1
2024,l,"Genda, Sosuke",577,138,32,1,75,3
2024,l,"Hasegawa, Shinya",239,38,19,7,41,2
2024,l,"Hirai, Katsunori",1,0,0,0,1,0
2024,l,"Hiranuma, Shota",144,35,8,2,23,0
2024,l,"Hiruma, Takuya",232,47,9,5,43,1
2024,l,"Imai, Tatsuya",4,0,1,0,1,0
2024,l,"Kaneko, Yuji",141,27,12,0,23,2
2024,l,"Kishi, Junichiro",311,62,14,3,50,6
2024,l,"Kodama, Ryosuke",58,9,5,1,9,0
2024,l,"Koga, Yuto",279,56,20,0,58,3
2024,l,"Kuriyama, Takumi",154,28,26,2,23,1
2024,l,"Makino, Shoya",20,1,0,0,10,0
2024,l,"Matsubara, Seiya",72,8,5,0,23,0
2024,l,"Motoyama, Hiyu",81,11,2,1,21,1
2024,l,"Murata, Reon",13,3,0,0,4,0
2024,l,"Nakamura, Takeya",205,36,14,2,55,7
2024,l,"Nishikawa, Manaya",335,71,15,1,57,6
2024,l,"Nomura, Daiju",204,40,19,3,44,5
2024,l,"Okada, Masatoshi",1,1,0,0,0,0
2024,l,"Okumura, Koichi",84,14,2,2,12,0
2024,l,"Satoh, Ryusei",345,72,37,4,70,7
2024,l,"Sugai, Shinya",1,0,0,0,1,0
2024,l,"Sumida, Chihiro",5,0,0,0,3,0
2024,l,"Sumitani, Ginjiro",103,16,6,1,20,0
2024,l,"Suzuki, Shohei",76,13,3,1,10,0
2024,l,"Takagi, Wataru",8,0,0,1,0,0
2024,l,"Takahashi, Kona",1,0,0,0,1,0
2024,l,"Takamatsu, Wataru",6,0,0,0,4,0
2024,l,"Takeuchi, Natsuki",2,0,0,0,1,0
2024,l,"Takizawa, Natsuo",137,22,8,1,30,0
2024,l,"Tonosaki, Shuta",500,99,45,10,88,7
2024,l,"Tsuge, Sena",45,7,1,1,10,0
2024,l,"Tysinger, Brandon Taiga",18,3,2,0,7,0
2024,l,"Wakabayashi, Gakuto",66,8,1,1,12,3
2024,l,"Watanabe, Kento",38,1,5,0,18,0
2024,l,"Watanabe, Yutaro",2,0,0,0,2,0
2024,l,"Yamamura, Takayoshi",223,44,13,2,38,2
2024,l,"Yamanobe, Kakeru",90,17,5,0,17,0
2024,l,"Yohkawa, Naomasa",33,4,2,1,7,0
2024,l,"Yoza, Kaito",1,0,0,0,1,0
2024,m,"Chatani, Kenta",76,12,1,0,18,0
2024,m,"Fujioka, Yudai",369,80,46,2,58,5
2024,m,"Fujiwara, Kyota",264,67,25,3,39,2
2024,m,"Ikeda, Raito",46,5,1,0,7,0
2024,m,"Ishikawa, Shingo",93,19,3,0,19,1
2024,m,"Kakinuma, Tomoya",3,0,0,0,2,0
2024,m,"Kakunaka, Katsuya",217,53,24,1,37,3
2024,m,"Matsukawa, Kou",4,1,0,0,3,0
2024,m,"Mercedes, Cristopher Crisostomo",2,0,0,0,1,0
2024,m,"Mima, Manabu",1,0,0,0,0,0
2024,m,"Nakamura, Shogo",433,88,41,5,75,4
2024,m,"Nishino, Yuji",3,0,0,0,3,0
2024,m,"Ogawa, Ryusei",313,63,30,0,52,0
2024,m,"Ogino, Takashi",213,55,10,2,15,1
2024,m,"Ohshita, Seiichiro",22,3,1,0,4,0
2024,m,"Ojima, Kazuya",4,0,0,0,2,0
2024,m,"Oka, Hiromi",420,104,44,7,64,7
2024,m,"Polanco, Gregory",468,101,46,2,86,23
2024,m,"Sasaki, Roki",3,0,0,0,2,0
2024,m,"Satoh, Toshiya",452,114,29,3,51,5
2024,m,"Sawada, Keisuke",1,0,0,0,1,0
2024,m,"Soto, Neftali",542,132,42,5,136,21
2024,m,"Takabe, Akito",287,78,19,1,43,1
2024,m,"Takeda, Aito",76,13,4,1,14,0
2024,m,"Tamura, Tatsuhiro",160,28,14,0,27,0
2024,m,"Taneichi, Atsuki",5,0,0,0,4,0
2024,m,"Terachi, Ryusei",7,1,0,0,4,0
2024,m,"Tomosugi, Atsuki",393,73,17,0,52,0
2024,m,"Ueda, Kyuto",64,15,2,2,9,0
2024,m,"Wada, Koshiro",71,9,6,1,13,0
2024,m,"Yamaguchi, Koki",181,34,10,1,30,2
2024,m,"Yamamoto, Daito",19,2,1,0,4,0
2024,m,"Yasuda, Hisanori",174,36,13,0,48,0
2024,s,"Akahane, Yoshihiro",65,14,1,1,16,2
2024,s,"Aoki, Norichika",129,27,10,0,17,0
2024,s,"Hamada, Taiki",28,2,1,0,8,0
2024,s,"Hasegawa, Hiroki",1,0,0,0,1,0
2024,s,"Hashimoto, Seiya",1,0,0,0,1,0
2024,s,"Ishikawa, Masanori",12,1,0,0,4,0
2024,s,"Itoh, Ryui",1,0,0,0,1,0
2024,s,"Iwata, Yukihiro",140,28,6,2,22,1
2024,s,"Kanakubo, Yuto",1,0,0,0,1,0
2024,s,"Kawabata, Shingo",61,13,2,1,9,0
2024,s,"Kitamura, Takumi",49,5,5,1,8,1
2024,s,"Komori, Kohtaro",5,0,0,0,0,0
2024,s,"Kozawa, Reiji",15,2,0,0,4,0
2024,s,"Maruyama, Kazuya",296,61,24,2,49,0
2024,s,"Masuda, Shu",102,19,5,1,22,2
2024,s,"Matsumoto, Kengo",4,0,0,0,3,0
2024,s,"Matsumoto, Naoki",142,36,4,0,18,1
2024,s,"Miyamoto, Takeshi",164,38,11,1,25,0
2024,s,"Murakami, Munetaka",610,122,105,4,180,33
2024,s,"Nagaoka, Hideki",611,163,29,3,70,6
2024,s,"Nakamura, Yuhei",353,69,30,4,54,0
2024,s,"Namiki, Hidetaka",49,10,1,0,7,1
2024,s,"Nishida, Akihisa",24,3,1,0,2,0
2024,s,"Nishikawa, Haruki",363,80,40,6,51,1
2024,s,"Ogawa, Yasuhiro",25,3,1,0,5,0
2024,s,"Ohnishi, Hiroki",1,0,0,0,1,0
2024,s,"Ohta, Kengo",50,10,1,0,14,0
2024,s,"Okugawa, Yasunobu",10,0,0,0,5,0
2024,s,"Osuna, Jose",585,144,40,3,91,17
2024,s,"Rodriguez, Elvin",2,0,0,0,1,0
2024,s,"Sakaguchi, Kousuke",3,0,0,0,2,0
2024,s,"Santana, Domingo",484,132,57,4,101,17
2024,s,"Sawai, Ren",27,4,0,1,12,1
2024,s,"Shiomi, Yasutaka",113,27,9,2,16,3
2024,s,"Sneed, Cy",36,3,0,0,12,0
2024,s,"Suzuki, Kyo",4,2,0,0,1,0
2024,s,"Takahashi, Keiji",40,6,1,0,16,0
2024,s,"Takanashi, Hirotoshi",10,0,0,0,5,0
2024,s,"Takeoka, Ryusei",147,23,10,0,33,3
2024,s,"Uchiyama, Souma",54,10,1,1,13,0
2024,s,"Yajure, Miguel",40,1,0,0,18,0
2024,s,"Yamada, Tetsuto",385,77,36,5,86,14
2024,s,"Yamano, Taichi",14,0,0,0,5,0
2024,s,"Yamasaki, Kotaro",39,4,3,0,13,0
2024,s,"Yoshimura, Kojiro",48,2,2,0,19,0
2024,t,"Aoyagi, Koyo",18,0,1,0,5,0
2024,t,"Beasley, Jeremy",23,0,1,0,11,0
2024,t,"Chikamoto, Koji",639,160,68,5,93,6
2024,t,"Haraguchi, Fumihito",65,14,5,2,14,2
2024,t,"Inoue, Kouta",55,11,3,0,20,3
2024,t,"Itoh, Masashi",22,1,0,0,11,0
2024,t,"Itohara, Kento",128,24,15,1,20,0
2024,t,"Kinami, Seiya",409,77,32,4,64,1
2024,t,"Kumagai, Takahiro",9,1,0,0,2,0
2024,t,"Maegawa, Ukyo",362,87,27,10,50,4
2024,t,"Mieses, Johan",19,2,1,0,5,0
2024,t,"Mombetsu, Keito",2,0,0,0,1,0
2024,t,"Morishita, Shota",526,126,53,12,78,16
2024,t,"Murakami, Shoki",48,5,1,0,24,0
2024,t,"Nagasaka, Kenya",4,0,0,0,2,0
2024,t,"Nakano, Takumu",634,127,46,5,97,1
2024,t,"Neuse, Sheldon",149,31,14,0,16,1
2024,t,"Nishi, Yuki",39,7,0,0,13,0
2024,t,"Noguchi, Kyosuke",61,10,5,2,12,0
2024,t,"Obata, Ryuhei",135,28,12,0,27,1
2024,t,"Ohtake, Koutaro",51,8,0,0,22,0
2024,t,"Ohyama, Yusuke",545,125,52,7,88,14
2024,t,"Onodera, Dan",29,4,0,1,10,0
2024,t,"Oyokawa, Masaki",6,3,0,0,0,0
2024,t,"Saiki, Hiroto",52,3,5,0,25,0
2024,t,"Sakamoto, Seishiro",218,43,12,2,38,0
2024,t,"Sato, Teruaki",496,121,36,5,133,16
2024,t,"Shimada, Kairi",94,22,10,1,16,0
2024,t,"Takahashi, Haruto",12,2,1,0,5,0
2024,t,"Toyoda, Hiroshi",19,4,0,0,5,0
2024,t,"Ueda, Kai",11,3,0,0,3,0
2024,t,"Umeno, Ryutaro",318,56,30,1,84,0
2024,t,"Watanabe, Ryo",137,32,11,1,34,2
2025,b,"Azuma, Kohei",5,0,0,0,3,0
2025,b,"Chano, Tokumasa",12,2,0,0,0,0
2025,b,"Diaz, Jordan",138,29,11,0,31,2
2025,b,"Espinoza, Anderson",1,0,0,0,1,0
2025,b,"Fukuda, Shuhei",64,9,4,0,9,0
2025,b,"Fukunaga, Sho",74,10,4,2,23,1
2025,b,"Gen, Kendai",10,1,2,0,3,0
2025,b,"Hirooka, Taishi",453,102,39,0,90,7
2025,b,"Hori, Shuna",3,1,0,0,1,0
2025,b,"Ishikawa, Ryo",1,0,0,0,1,0
2025,b,"Kita, Ryoto",135,29,7,1,38,2
2025,b,"Kurebayashi, Kotaro",447,104,35,3,57,9
2025,b,"Kuri, Allen",1,0,0,0,0,0
2025,b,"Miyagi, Hiroya",4,0,1,0,0,0
2025,b,"Mori, Tomoya",191,33,26,3,31,1
2025,b,"Mugitani, Yusuke",153,31,16,1,39,1
2025,b,"Mune, Yuma",388,82,26,9,48,6
2025,b,"Nakagawa, Keita",463,123,20,1,49,12
2025,b,"Nishikawa, Ryoma",412,120,18,2,60,5
2025,b,"Nishino, Masahiro",252,66,15,1,17,7
2025,b,"Noguchi, Tomoya",64,8,6,3,16,1
2025,b,"Ohsato, Kosei",101,19,11,0,15,0
2025,b,"Ohshiro, Koji",79,17,6,1,20,0
2025,b,"Ohta, Ryo",496,127,33,5,102,10
2025,b,"Olivares, Edward",35,6,2,0,8,0
2025,b,"Sotani, Ryuhei",4,0,0,0,2,0
2025,b,"Sugimoto, Yutaro",455,104,38,9,123,16
2025,b,"Sugisawa, Ryu",16,3,0,0,4,0
2025,b,"Tajima, Daiki",3,0,0,0,2,0
2025,b,"Tongu, Yuma",525,118,43,5,81,13
2025,b,"Wakatsuki, Kenya",400,100,16,7,61,6
2025,b,"Watanabe, Haruto",14,2,2,1,4,0
2025,b,"Yamanaka, Ryoma",52,6,3,0,9,1
2025,b,"Yokoyama, Seiya",2,0,0,0,1,0
2025,c,"Aduwa, Makoto",3,0,0,0,2,0
2025,c,"Aizawa, Tsubasa",55,5,7,2,16,0
2025,c,"Akiyama, Shogo",157,38,9,2,27,1
2025,c,"Dohbayashi, Shota",77,13,6,0,23,1
2025,c,"Dominguez, Johan",9,0,0,0,7,0
2025,c,"Endoh, Atsushi",3,0,0,0,1,0
2025,c,"Fabian, Sandro",572,149,22,9,84,17
2025,c,"Futamata, Shoichi",130,22,8,1,31,3
2025,c,"Hatsuki, Ryutaro",119,31,13,0,29,0
2025,c,"Hayashi, Kota",49,9,1,0,18,2
2025,c,"Ishihara, Tomoki",116,20,4,3,29,0
2025,c,"Isomura, Yoshitaka",7,0,0,0,2,0
2025,c,"Kikuchi, Ryosuke",389,89,14,1,70,4
2025,c,"Kozono, Kaito",573,161,42,5,47,3
2025,c,"Kubo, Shu",14,2,1,0,6,0
2025,c,"Maekawa, Seita",56,10,2,0,10,0
2025,c,"Matsuyama, Ryuhei",1,0,0,0,0,0
2025,c,"Montero, Elehuris",396,94,23,2,89,9
2025,c,"Mori, Shohei",42,7,0,0,20,0
2025,c,"Morishita, Masato",50,4,2,0,19,0
2025,c,"Nakamura, Kento",10,0,3,1,1,0
2025,c,"Nakamura, Shosei",368,97,17,3,48,9
2025,c,"Noma, Takayoshi",166,38,10,1,30,0
2025,c,"Ohmori, Minoru",173,43,9,0,42,3
2025,c,"Ohsera, Daichi",41,4,1,0,14,0
2025,c,"Saitoh, Yuta",1,0,0,0,1,0
2025,c,"Sakakura, Shogo",399,82,43,4,72,5
2025,c,"Sasaki, Tai",187,49,5,1,23,0
2025,c,"Sato, Keisuke",16,1,1,0,5,0
2025,c,"Sato, Ryunosuke",5,1,0,0,2,0
2025,c,"Shimizu, Kanato",14,2,1,0,4,0
2025,c,"Suekane, Shota",477,106,33,2,97,11
2025,c,"Taka, Taichi",16,1,0,0,7,0
2025,c,"Takahashi, Kouya",2,1,0,0,1,0
2025,c,"Tamamura, Shogo",25,2,1,0,14,0
2025,c,"Tamura, Shunsuke",69,16,6,0,14,1
2025,c,"Tanaka, Kosuke",44,5,9,1,7,0
2025,c,"Tokoda, Hiroki",57,14,0,0,12,1
2025,c,"Tsunehiro, Hayato",10,0,0,0,5,0
2025,c,"Uchida, Shodai",10,2,1,0,4,0
2025,c,"Uemoto, Takashi",31,5,2,0,8,0
2025,c,"Watanabe, Yuto",8,1,0,0,0,0
2025,c,"Yamaashi, Tatsuya",14,1,2,0,0,0
2025,c,"Yano, Masaya",335,59,27,6,69,1
2025,d,"Bright, Kenta",157,36,13,3,40,3
2025,d,"Calixte, Orlando",192,40,12,0,37,1
2025,d,"Chavis, Michael",120,18,11,3,32,5
2025,d,"Fukunaga, Hiroki",57,9,4,1,16,1
2025,d,"Gotoh, Shunta",18,4,0,0,7,0
2025,d,"Hama, Shonosuke",4,1,0,0,1,0
2025,d,"Higuchi, Seishu",25,2,1,0,8,0
2025,d,"Hosokawa, Seiya",428,92,61,4,109,20
2025,d,"Ishibashi, Kota",12,1,3,0,3,0
2025,d,"Ishii, Yuta",270,52,14,3,63,3
2025,d,"Ishikawa, Takaya",75,10,2,1,27,1
2025,d,"Itayama, Yutaro",193,37,10,1,50,2
2025,d,"Kanemaru, Yumeto",27,0,0,0,17,0
2025,d,"Katoh, Takuma",75,15,2,0,17,1
2025,d,"Kawagoe, Seiji",43,7,4,2,12,0
2025,d,"Kinoshita, Takuya",122,27,8,0,20,2
2025,d,"Kusaka, Sho",1,0,0,0,1,0
2025,d,"Matsuba, Takahiro",44,5,2,1,8,0
2025,d,"Matsukihira, Yuta",1,0,0,0,0,0
2025,d,"Mejia, Humberto",7,2,0,0,3,0
2025,d,"Miura, Mizuki",9,1,1,0,2,0
2025,d,"Miya, Taisei",8,1,0,0,3,0
2025,d,"Mori, Shunta",22,4,1,1,8,0
2025,d,"Muller, Kyle",33,2,1,1,13,0
2025,d,"Muramatsu, Kaito",186,28,13,3,39,2
2025,d,"Nakachi, Reia",1,0,0,0,1,0
2025,d,"Nakata, Sho",69,10,6,0,13,2
2025,d,"Neo, Akira",1,0,0,0,1,0
2025,d,"Oda, Gouki",5,0,0,0,2,0
2025,d,"Ohno, Yudai",41,1,1,0,19,0
2025,d,"Ohshima, Yohei",98,23,3,0,14,0
2025,d,"Okabayashi, Yuki",637,168,51,1,57,5
2025,d,"Okada, Toshiya",1,0,0,0,1,0
2025,d,"Rodriguez, Christian",34,6,4,0,11,0
2025,d,"Satoh, Ryusei",77,13,8,0,20,0
2025,d,"Takahashi, Hiroto",54,5,1,0,17,0
2025,d,"Takahashi, Shuhei",101,22,7,0,21,0
2025,d,"Tanaka, Mikiya",365,85,24,2,35,1
2025,d,"Tsuchida, Ryuku",53,7,2,0,16,0
2025,d,"Tsuda, Keishi",3,0,0,0,3,0
2025,d,"Tsujimoto, Rintaro",56,7,0,0,10,0
2025,d,"Uebayashi, Seiji",517,131,20,4,102,17
2025,d,"Ukai, Kosuke",53,10,0,0,13,0
2025,d,"Usami, Shingo",41,4,6,0,13,0
2025,d,"Vosler, Jason",493,118,30,6,101,13
2025,d,"Wakui, Hideaki",16,2,1,0,10,0
2025,d,"Yamamoto, Yasuhiro",372,84,10,1,62,4
2025,d,"Yanagi, Yuya",26,2,1,0,11,0
2025,d,"Yoshida, Seiya",2,0,0,0,0,0
2025,db,"Austin, Tyler",246,59,26,1,45,11
2025,db,"Azuma, Junpei",6,1,0,0,4,0
2025,db,"Azuma, Katsuki",53,7,4,0,13,0
2025,db,"Bauer, Trevor",39,2,1,0,20,0
2025,db,"Chino, Naoto",20,3,3,0,2,1
2025,db,"Ebina, Tatsuo",401,99,31,11,68,8
2025,db,"Ford, Mike",51,9,5,0,13,0
2025,db,"Fujinami, Shintaro",6,0,0,0,4,0
2025,db,"Hayashi, Takuma",290,63,19,2,54,2
2025,db,"Inoue, Kento",31,5,1,0,6,2
2025,db,"Ishida, Yutaro",26,2,1,0,8,0
2025,db,"Ishikami, Taiki",158,34,14,1,42,2
2025,db,"Itoh, Hikaru",9,0,0,0,4,0
2025,db,"Jackson, Andre",51,2,3,0,27,1
2025,db,"Kajiwara, Kouki",170,40,4,2,51,2
2025,db,"Kamizato, Kazuki",27,8,1,0,8,0
2025,db,"Kato, Hibiki",18,3,1,0,6,0
2025,db,"Katsumata, Atsushi",9,3,0,0,1,0
2025,db,"Kay, Anthony",49,4,1,0,19,0
2025,db,"Kozono, Kenta",1,0,0,0,1,0
2025,db,"Kuki, Ryuhei",12,3,0,0,3,0
2025,db,"Kuwahara, Masayuki",447,113,30,9,59,6
2025,db,"Kyoda, Yota",210,42,9,4,60,1
2025,db,"Maki, Shugo",391,101,16,10,76,16
2025,db,"Matsuo, Shion",191,44,9,3,17,4
2025,db,"Mimori, Masaki",179,34,17,0,32,0
2025,db,"Miyazaki, Toshiro",352,89,28,1,42,6
2025,db,"Mori, Keito",75,11,2,0,16,0
2025,db,"Mori, Yuito",2,0,0,0,2,0
2025,db,"Nakagawa, Hayate",1,1,0,0,0,0
2025,db,"Ohnuki, Shinichi",18,2,0,0,8,0
2025,db,"Sano, Keita",569,144,34,5,61,15
2025,db,"Sasaki, Chihaya",1,0,0,0,0,0
2025,db,"Sekine, Taiki",23,4,0,0,2,0
2025,db,"Shibata, Tatsuhiro",32,2,4,0,6,0
2025,db,"Shinogi, Kentaro",1,0,0,0,1,0
2025,db,"Taira, Kentaro",18,0,0,0,8,0
2025,db,"Takeda, Yu",15,0,1,0,8,0
2025,db,"Tanai, Manato",2,1,0,0,0,0
2025,db,"Tobashira, Yasutaka",100,23,2,0,15,2
2025,db,"Tsutsugoh, Yoshitomo",257,51,33,0,59,20
2025,db,"Viciedo, Dayan",90,21,6,2,8,2
2025,db,"Watarai, Ryuki",301,65,24,1,36,6
2025,db,"Yamamoto, Yuudai",344,82,16,4,40,3
2025,db,"Yoshino, Teruki",3,0,0,0,2,0
2025,e,"Abe, Toshiki",129,23,22,0,31,3
2025,e,"Asamura, Hideto",389,79,51,6,81,9
2025,e,"Franco, Maikel",347,75,24,1,65,7
2025,e,"Fujii, Masaru",4,0,0,0,1,0
2025,e,"Gonzalez, Oscar",208,46,4,2,37,4
2025,e,"Hayakawa, Takahisa",3,0,0,0,2,0
2025,e,"Horiuchi, Kengo",194,43,17,0,39,3
2025,e,"Howard, Spencer",3,0,0,0,2,0
2025,e,"Irie, Daiki",10,1,0,0,3,0
2025,e,"Ishihara, Tsuyoshi",38,3,3,0,12,0
2025,e,"Itoh, Yukiya",130,25,9,1,34,1
2025,e,"Kishi, Takayuki",3,0,0,0,1,0
2025,e,"Kobukata, Hiroto",357,65,40,1,65,1
2025,e,"Komori, Kohtaro",80,15,2,1,21,1
2025,e,"Kurokawa, Fumiya",343,90,35,2,56,4
2025,e,"Matsui, Tomotaka",1,0,0,0,1,0
2025,e,"Muneyama, Rui",460,112,20,1,82,3
2025,e,"Murabayashi, Itsuki",557,144,28,3,102,3
2025,e,"Mutoh, Atsuki",130,22,14,2,31,0
2025,e,"Nakashima, Daisuke",491,123,17,2,75,6
2025,e,"Ogoh, Yuya",193,30,16,1,54,2
2025,e,"Ohta, Hikaru",231,33,23,5,47,1
2025,e,"Ohuchi, Seiya",1,0,0,0,1,0
2025,e,"Okajima, Takero",1,1,0,0,0,0
2025,e,"Shimauchi, Hiroaki",11,0,1,0,3,0
2025,e,"Suzuki, Daichi",198,41,13,11,29,2
2025,e,"Takinaka, Ryota",3,0,3,0,0,0
2025,e,"Tanaka, Kazuki",18,1,0,0,8,0
2025,e,"Tanaka, Takaya",5,1,1,0,2,0
2025,e,"Tatsumi, Ryosuke",422,88,40,9,91,7
2025,e,"Uchi, Seiryu",1,0,0,0,1,0
2025,e,"Voit, Luke",276,73,27,6,59,13
2025,e,"Watanabe, Yoshiaki",166,41,12,0,17,0
2025,e,"Yajure, Miguel",2,0,0,0,2,0
2025,e,"Yang, Po-Hsiang",2,1,0,0,1,0
2025,e,"Yoshino, Soshi",13,3,0,0,2,0
2025,e,"Yoshinoh, Tsubasa",3,0,0,0,2,0
2025,f,"Arizono, Naoki",35,7,2,1,12,0
2025,f,"Asama, Daiki",108,17,14,0,19,2
2025,f,"Fushimi, Torai",175,38,10,2,34,2
2025,f,"Gunji, Yuya",422,108,45,6,71,10
2025,f,"Hosokawa, Ryohei",19,2,1,0,2,0
2025,f,"Imagawa, Yuma",57,13,4,0,14,2
2025,f,"Ishii, Kazunari",364,86,23,0,86,6
2025,f,"Isobata, Ryota",307,66,18,2,73,1
2025,f,"Itoh, Hiromi",6,0,0,0,4,0
2025,f,"Kamikawabata, Daigo",81,12,7,2,9,0
2025,f,"Kanemura, Shoma",3,0,0,0,2,0
2025,f,"Katoh, Takayuki",3,0,0,0,2,0
2025,f,"Kitayama, Koki",4,0,0,0,4,0
2025,f,"Kiyomiya, Kotaro",577,143,46,1,85,12
2025,f,"Mannami, Chusei",465,96,43,1,125,20
2025,f,"Martinez, Ariel",73,12,2,1,25,1
2025,f,"Matsumoto, Go",185,30,17,4,24,0
2025,f,"Miyazaki, Kazuki",6,1,0,0,4,0
2025,f,"Mizuno, Tatsuki",332,73,21,10,69,7
2025,f,"Mizutani, Shun",321,82,18,3,77,12
2025,f,"Nakashima, Takuya",30,7,7,0,7,0
2025,f,"Narama, Taiki",103,20,7,2,34,1
2025,f,"Nomura, Yuki",369,91,26,3,70,8
2025,f,"Reyes, Franmil",531,132,52,0,129,32
2025,f,"Sakaguchi, Uta",1,0,0,0,1,0
2025,f,"Shintoh, Yuya",31,2,2,0,8,0
2025,f,"Tamiya, Yua",274,62,18,1,44,5
2025,f,"Tatsu, Kota",3,0,0,0,3,0
2025,f,"Umebayashi, Yuki",5,0,0,0,3,0
2025,f,"Wakabayashi, Akihiro",7,1,0,0,1,0
2025,f,"Yamagata, Shu",198,43,1,2,34,3
2025,f,"Yamasaki, Sachiya",7,1,0,0,1,0
2025,f,"Yazawa, Kota",182,41,10,4,46,1
2025,f,"Yoshida, Kengo",112,23,5,1,20,4
2025,g,"Akahoshi, Yuji",38,7,3,0,12,0
2025,g,"Akihiro, Yuto",8,1,1,0,0,0
2025,g,"Aramaki, Yu",61,16,7,0,13,1
2025,g,"Asano, Shogo",83,14,4,2,17,2
2025,g,"Cabbage, Trey",476,115,37,5,144,17
2025,g,"Chlup, Marek",5,0,0,0,3,0
2025,g,"Chono, Hisayoshi",24,3,2,0,8,0
2025,g,"Griffin, Foster",23,3,1,0,6,0
2025,g,"Hagio, Masaya",25,4,1,0,5,0
2025,g,"Heinai, Ryuta",2,0,0,0,1,0
2025,g,"Hernandez, Elier",171,32,18,1,34,2
2025,g,"Hotta, Kenshin",5,2,0,0,2,0
2025,g,"Inoue, Haruto",30,2,0,0,17,0
2025,g,"Ishikawa, Tatsuya",7,2,0,0,2,0
2025,g,"Ishizuka, Yusei",9,1,0,0,5,0
2025,g,"Izuguchi, Yuta",573,154,47,4,60,6
2025,g,"Kadowaki, Makoto",176,35,10,1,32,0
2025,g,"Kai, Takuya",250,58,23,0,58,4
2025,g,"Kishida, Yukinori",299,78,25,1,44,8
2025,g,"Kobayashi, Seiji",26,3,3,0,8,0
2025,g,"Kohri, Takuya",2,0,0,0,0,0
2025,g,"Maru, Yoshihiro",369,87,40,0,57,6
2025,g,"Masuda, Daiki",25,3,0,0,7,0
2025,g,"Masuda, Riku",286,61,13,3,62,5
2025,g,"Mataki, Teppei",2,0,0,0,1,0
2025,g,"Mitsuka, Rui",12,0,0,0,8,0
2025,g,"Morita, Shunya",12,1,1,0,5,0
2025,g,"Nakayama, Raito",312,76,20,3,42,7
2025,g,"Nishidate, Yuhi",10,0,0,0,4,0
2025,g,"Ohshiro, Takumi",99,17,6,1,27,3
2025,g,"Okada, Yuki",19,3,1,0,10,0
2025,g,"Okamoto, Kazuma",293,82,33,7,33,15
2025,g,"Okoye, Louis",140,31,7,1,29,0
2025,g,"Otosaka, Tomo",5,1,0,0,1,0
2025,g,"Sakamoto, Hayato",173,32,14,1,40,3
2025,g,"Sasahara, Misaki",22,2,2,0,7,0
2025,g,"Sasaki, Shunsuke",161,35,10,0,34,0
2025,g,"Shigenobu, Shinnosuke",3,1,0,0,2,0
2025,g,"Sunagawa, Richard",253,49,13,6,90,11
2025,g,"Tanaka, Masahiro",14,2,0,0,9,0
2025,g,"Togo, Shosei",35,3,0,0,14,0
2025,g,"Urata, Shunsuke",60,11,3,1,7,0
2025,g,"Wakabayashi, Gakuto",241,52,15,5,40,3
2025,g,"Yamasaki, Iori",49,6,1,0,18,0
2025,g,"Yamase, Shinnosuke",4,1,0,0,1,0
2025,g,"Yokogawa, Kai",14,0,0,0,4,0
2025,g,"Yoshikawa, Naoki",455,112,41,5,63,3
2025,g,"Yuasa, Dai",3,0,0,0,1,0
2025,h,"Akihiro, Yuto",59,11,5,1,16,1
2025,h,"Arihara, Kohei",2,0,0,0,1,0
2025,h,"Downs, Jeter",168,33,19,1,36,4
2025,h,"Hirose, Ryuta",94,19,7,0,28,1
2025,h,"Imamiya, Kenta",182,41,12,2,23,2
2025,h,"Inoue, Tomoya",24,3,0,0,5,0
2025,h,"Ishizuka, Soichiro",60,13,1,4,17,0
2025,h,"Kawamura, Yuto",9,1,0,0,3,0
2025,h,"Kawase, Hikaru",224,50,20,1,37,2
2025,h,"Kondoh, Kensuke",307,77,47,2,43,10
2025,h,"Kurihara, Ryoya",332,76,40,2,67,8
2025,h,"Maeda, Jun",2,1,0,0,1,0
2025,h,"Makihara, Taisei",443,127,7,3,63,5
2025,h,"Masaki, Tomoya",65,15,5,0,12,2
2025,h,"Matsumoto, Haru",4,0,0,0,3,0
2025,h,"Minei, Hiroki",161,32,4,4,31,4
2025,h,"Moinelo, Livan",5,1,0,0,3,0
2025,h,"Nakamura, Akira",431,89,50,2,48,3
2025,h,"Nomura, Isami",413,102,25,5,122,12
2025,h,"Ogata, Riku",79,16,3,0,12,0
2025,h,"Ohzeki, Tomohisa",3,0,0,0,2,0
2025,h,"Sasagawa, Yoshiyasu",63,13,0,1,16,1
2025,h,"Satoh, Naoki",212,45,13,1,72,5
2025,h,"Shoji, Yudai",18,4,1,0,5,0
2025,h,"Shuto, Ukyo",430,110,37,5,73,3
2025,h,"Sunagawa, Richard",22,2,0,0,12,0
2025,h,"Tanigawara, Kenta",79,19,6,1,20,3
2025,h,"Umino, Takashi",281,54,10,1,76,0
2025,h,"Uwasawa, Naoyuki",5,0,0,0,1,0
2025,h,"Watanabe, Riku",51,10,5,1,17,0
2025,h,"Yamakawa, Hotaka",496,100,45,4,126,23
2025,h,"Yamamoto, Keita",80,15,7,3,17,2
2025,h,"Yanagimachi, Tatsuru",517,129,62,6,109,6
2025,h,"Yanagita, Yuki",78,21,5,0,13,4
2025,l,"Cedeno, Leandro",243,51,15,2,50,7
2025,l,"Davis, Jonathan",131,23,17,1,24,3
2025,l,"Furuichi, Takeru",19,8,1,0,1,0
2025,l,"Furukawa, Yuudai",16,1,4,0,4,0
2025,l,"Genda, Sosuke",361,67,25,2,60,0
2025,l,"Hasegawa, Shinya",450,90,33,3,56,6
2025,l,"Higuma, Montell",11,1,0,0,5,0
2025,l,"Hiranuma, Shota",164,34,4,2,32,0
2025,l,"Hirasawa, Taiga",17,1,0,0,4,0
2025,l,"Hiruma, Takuya",37,6,1,0,8,0
2025,l,"Imai, Tatsuya",6,0,0,0,4,0
2025,l,"Kishi, Junichiro",31,5,1,0,3,0
2025,l,"Kodama, Ryosuke",53,8,4,1,9,0
2025,l,"Koga, Yuto",328,66,32,0,62,7
2025,l,"Kuriyama, Takumi",23,2,0,0,7,0
2025,l,"Makino, Shoya",67,13,2,0,22,0
2025,l,"Matsubara, Seiya",24,6,0,0,6,0
2025,l,"Motoyama, Hiyu",93,13,1,0,15,0
2025,l,"Murata, Reon",85,16,2,1,32,2
2025,l,"Nakamigawa, Yuta",10,2,0,0,6,0
2025,l,"Nakamura, Takeya",110,23,13,1,28,3
2025,l,"Nakata, Keisuke",96,20,4,2,13,0
2025,l,"Nevin, Tyler",570,141,45,11,78,21
2025,l,"Nishikawa, Manaya",553,134,32,9,80,10
2025,l,"Nomura, Daiju",36,6,0,0,9,0
2025,l,"Saito, Hiroto",12,1,1,0,3,0
2025,l,"Sato, Taiyo",34,5,2,1,7,0
2025,l,"Sumida, Chihiro",2,0,0,0,0,0
2025,l,"Sumitani, Ginjiro",88,19,3,1,18,0
2025,l,"Takahashi, Kona",5,1,0,0,2,0
2025,l,"Takamatsu, Wataru",19,1,0,0,8,0
2025,l,"Takeuchi, Natsuki",5,0,1,0,2,0
2025,l,"Takizawa, Natsuo",438,90,28,2,67,0
2025,l,"Tonosaki, Shuta",415,84,39,4,72,5
2025,l,"Tsuge, Sena",17,2,1,0,4,0
2025,l,"Watanabe, Seiya",452,110,21,4,85,12
2025,l,"Watanabe, Yutaro",2,0,0,0,0,0
2025,l,"Yamamura, Takayoshi",231,52,14,2,36,4
2025,l,"Yamanobe, Kakeru",3,0,0,0,1,0
2025,l,"Yoza, Kaito",2,0,0,0,2,0
2025,m,"Acevedo, Stiven",12,2,1,0,3,1
2025,m,"Chatani, Kenta",41,8,3,0,9,0
2025,m,"Fujioka, Yudai",373,82,42,1,67,4
2025,m,"Fujiwara, Kyota",452,111,33,6,80,4
2025,m,"Ikeda, Raito",249,54,11,4,45,5
2025,m,"Ishigaki, Masami",20,2,4,0,5,0
2025,m,"Ishikawa, Shingo",36,3,1,0,11,0
2025,m,"Ishikawa, Shuta",2,0,0,0,1,0
2025,m,"Kakunaka, Katsuya",53,7,8,0,9,1
2025,m,"Kimura, Yuto",1,0,0,0,1,0
2025,m,"Matsukawa, Kou",9,0,1,0,3,0
2025,m,"Miyazaki, Ryusei",110,19,3,4,31,0
2025,m,"Nakamura, Shogo",64,11,4,1,9,1
2025,m,"Nishikawa, Misho",444,117,16,8,85,3
2025,m,"Ogawa, Ryusei",202,47,12,3,33,0
2025,m,"Ojima, Kazuya",2,0,0,0,0,0
2025,m,"Oka, Hiromi",181,43,16,6,36,2
2025,m,"Polanco, Gregory",154,28,14,0,35,5
2025,m,"Satoh, Toshiya",224,41,18,4,42,4
2025,m,"Soto, Neftali",367,76,32,3,98,13
2025,m,"Takabe, Akito",384,102,14,3,49,2
2025,m,"Takano, Shuta",1,0,0,0,0,0
2025,m,"Takeda, Aito",20,2,0,1,5,0
2025,m,"Tamura, Tatsuhiro",43,6,0,0,10,1
2025,m,"Tanaka, Haruya",5,1,0,0,1,0
2025,m,"Taneichi, Atsuki",2,0,0,0,1,0
2025,m,"Tatematsu, Yu",6,0,0,0,3,0
2025,m,"Terachi, Ryusei",445,106,19,7,67,5
2025,m,"Tomosugi, Atsuki",319,64,15,3,45,1
2025,m,"Ueda, Kyuto",184,35,15,1,36,3
2025,m,"Ueda, Shota",5,1,0,0,0,0
2025,m,"Voth, Austin",5,1,0,0,2,0
2025,m,"Wada, Koshiro",10,1,1,0,2,0
2025,m,"Yamaguchi, Koki",112,27,5,0,37,7
2025,m,"Yamamoto, Daito",417,79,24,6,112,11
2025,m,"Yasuda, Hisanori",350,77,25,4,65,0
2025,s,"Akahane, Yoshihiro",290,54,18,0,66,2
2025,s,"Aoyagi, Koyo",4,0,0,0,3,0
2025,s,"Avila, Pedro",25,2,0,0,8,0
2025,s,"Hamada, Taiki",104,21,5,4,26,4
2025,s,"Hashimoto, Seiya",17,2,1,0,4,0
2025,s,"Ishikawa, Masanori",11,1,0,0,4,0
2025,s,"Itoh, Ryui",204,38,12,0,56,3
2025,s,"Iwata, Yukihiro",401,95,24,6,46,0
2025,s,"Kanakubo, Yuto",1,0,0,0,1,0
2025,s,"Kawabata, Shingo",2,1,0,0,0,0
2025,s,"Kitamura, Keigo",141,32,15,4,20,5
2025,s,"Kitamura, Takumi",132,22,6,4,29,3
2025,s,"Koga, Yudai",291,74,12,4,23,2
2025,s,"Lambert, Peter",31,3,0,0,13,0
2025,s,"Maruyama, Kazuya",36,4,2,0,12,0
2025,s,"Masuda, Shu",132,27,10,4,19,1
2025,s,"Matsumoto, Kengo",1,0,0,0,1,0
2025,s,"Matsumoto, Naoki",36,6,2,0,7,0
2025,s,"Miyamoto, Takeshi",106,23,14,1,20,0
2025,s,"Mogi, Eigoro",172,36,19,2,48,5
2025,s,"Murakami, Munetaka",224,51,32,2,64,22
2025,s,"Nagaoka, Hideki",261,60,8,1,21,0
2025,s,"Nakamura, Yuhei",221,43,22,3,30,1
2025,s,"Nakamura, Yuto",5,1,1,0,3,0
2025,s,"Namiki, Hidetaka",128,29,6,2,15,3
2025,s,"Nishikawa, Haruki",134,20,16,1,32,0
2025,s,"Nishimura, Ruito",11,1,0,0,4,0
2025,s,"Ogawa, Yasuhiro",28,1,0,0,10,0
2025,s,"Ohta, Kengo",131,27,6,4,28,0
2025,s,"Okugawa, Yasunobu",32,5,0,0,13,0
2025,s,"Osuna, Jose",574,135,40,1,76,14
2025,s,"Santana, Domingo",240,58,25,3,65,3
2025,s,"Sawai, Ren",77,14,1,1,27,1
2025,s,"Shimokawa, Shunsuke",8,1,0,0,2,0
2025,s,"Suzuki, Kyo",6,2,0,0,1,0
2025,s,"Takahashi, Keiji",11,0,0,0,6,0
2025,s,"Takanashi, Hirotoshi",27,1,0,0,15,0
2025,s,"Takeoka, Ryusei",119,19,7,0,23,1
2025,s,"Tanaka, Haruto",13,4,0,0,3,0
2025,s,"Uchiyama, Souma",470,111,41,1,66,8
2025,s,"Yamada, Tetsuto",377,78,33,2,63,12
2025,s,"Yamano, Taichi",27,3,1,0,8,0
2025,s,"Yamanobe, Kakeru",24,4,2,1,2,0
2025,s,"Yoshimura, Kojiro",46,1,2,0,15,0
2025,t,"Beasley, Jeremy",12,1,0,0,5,0
2025,t,"Chikamoto, Koji",638,160,60,2,88,3
2025,t,"Duplantier, Jon",28,1,0,0,16,0
2025,t,"Haraguchi, Fumihito",17,1,1,0,5,0
2025,t,"Hayakawa, Daiki",4,0,0,0,0,0
2025,t,"Hernandez, Ramon",101,22,4,0,26,1
2025,t,"Ihara, Takato",27,4,0,0,5,0
2025,t,"Inoue, Kouta",3,0,0,0,2,0
2025,t,"Ishii, Daichi",1,0,0,0,0,0
2025,t,"Itoh, Masashi",31,2,0,0,14,0
2025,t,"Itohara, Kento",75,14,5,0,16,0
2025,t,"Itsubo, Hinase",18,3,0,0,4,0
2025,t,"Kinami, Seiya",203,35,12,3,48,0
2025,t,"Kumagai, Takahiro",170,35,5,1,33,1
2025,t,"Kusumoto, Taishi",16,2,1,0,6,0
2025,t,"Maegawa, Ukyo",209,48,8,6,30,1
2025,t,"Mombetsu, Keito",13,0,0,0,4,0
2025,t,"Morishita, Shota",620,151,54,12,86,23
2025,t,"Murakami, Shoki",61,4,1,0,31,0
2025,t,"Nagasaka, Kenya",1,0,0,0,0,0
2025,t,"Nakagawa, Hayato",59,15,2,0,16,2
2025,t,"Nakano, Takumu",625,150,44,3,77,0
2025,t,"Nelson, Nick",5,0,1,0,3,0
2025,t,"Nishi, Yuki",1,0,0,0,1,0
2025,t,"Obata, Ryuhei",297,59,18,1,64,5
2025,t,"Ohtake, Koutaro",35,5,1,0,14,0
2025,t,"Ohyama, Yusuke",587,133,74,6,96,13
2025,t,"Onodera, Dan",30,7,1,0,9,0
2025,t,"Saiki, Hiroto",54,2,2,0,25,0
2025,t,"Sakaeda, Yuki",9,2,0,0,3,0
2025,t,"Sakamoto, Seishiro",414,84,53,5,91,2
2025,t,"Sato, Teruaki",597,149,57,0,163,40
2025,t,"Shimada, Kairi",35,4,1,0,1,0
2025,t,"Takahashi, Haruto",15,1,0,0,6,0
2025,t,"Takatera, Nozomu",160,31,18,1,37,2
2025,t,"Tomida, Ren",6,0,0,0,3,0
2025,t,"Toyoda, Hiroshi",61,13,4,0,16,0
2025,t,"Ueda, Kai",19,1,2,0,9,0
2025,t,"Umeno, Ryutaro",132,26,7,1,29,0
2025,t,"Watanabe, Ryo",24,3,5,0,8,0
2014,bs,"Adachi, Ryoichi",601,126,58,8,79,8
2014,bs,"Betancourt, Yuniesky",74,10,0,0,15,0
2014,bs,"Butler, Joey",66,12,9,4,19,2
2014,bs,"Dickson, Brandon",4,0,0,0,2,0
2014,bs,"Fusimi, Torai",5,0,0,0,1,0
2014,bs,"German, Esteban",595,133,54,4,95,7
2014,bs,"Goto, Shunta",277,69,17,2,55,5
2014,bs,"Hara, Takuya",185,40,14,0,27,2
2014,bs,"Hirano, Keiichi",517,121,37,7,55,1
2014,bs,"Ito, Hikaru",429,92,24,5,80,3
2014,bs,"Itoi, Yoshio",590,166,70,14,73,19
2014,bs,"Iwasaki, Kyohei",9,1,0,1,4,0
2014,bs,"Kaneko, Chihiro",8,1,0,0,5,0
2014,bs,"Kawabata, Takayoshi",184,45,12,7,25,2
2014,bs,"Kojima, Shuhei",1,0,0,0,1,0
2014,bs,"Maestri, Alessandro",3,0,0,0,2,0
2014,bs,"Matsuba, Takahiro",2,0,0,0,1,0
2014,bs,"Mitsumata, Taiki",1,0,0,0,1,0
2014,bs,"Miyazaki, Yuki",8,1,3,0,2,0
2014,bs,"Nakamura, Issei",64,14,4,0,11,0
2014,bs,"Nishi, Yuki",7,0,0,0,5,0
2014,bs,"Okada, Takahiro",533,127,37,17,107,24
2014,bs,"Pena, Wily Mo",572,128,59,10,124,32
2014,bs,"Sakaguchi, Tomotaka",382,76,47,2,45,2
2014,bs,"Sato, Tatsuya",2,0,0,0,2,0
2014,bs,"Shimada, Takuya",29,3,3,0,11,1
2014,bs,"Takahashi, Shinji",32,6,2,0,3,0
2014,bs,"Takeda, Kengo",10,1,1,0,3,0
2014,bs,"Takehara, Naotaka",43,11,3,0,5,1
2014,bs,"Tani, Yoshitomo",20,2,3,1,5,0
2014,bs,"Tomei, Daiki",3,0,0,0,0,0
2014,bs,"Tsuchiya, Teppei",102,20,10,1,20,1
2014,bs,"Tsutsumi, Yuki",16,2,0,0,2,0
2014,bs,"Yamamoto, Kazunao",16,1,1,1,2,0
2014,bs,"Yamazaki, Katsuki",79,7,2,1,20,0
2015,bs,"Adachi, Ryoichi",593,121,48,6,68,11
2015,bs,"Blanco, Tony",189,32,21,1,53,9
2015,bs,"Caraballo, Francisco",247,56,17,5,63,12
2015,bs,"Dickson, Brandon",5,1,0,0,1,0
2015,bs,"Fushimi, Torai",26,6,1,1,6,0
2015,bs,"German, Esteban",245,59,24,0,40,1
2015,bs,"Goto, Shunta",382,78,24,6,69,2
2015,bs,"Hara, Takuya",148,23,10,1,34,2
2015,bs,"Hirano, Keiichi",123,28,11,1,11,0
2015,bs,"Ito, Hikaru",290,67,29,1,53,1
2015,bs,"Itoi, Yoshio",565,127,72,8,78,17
2015,bs,"Iwasaki, Kyohei",113,27,8,1,23,4
2015,bs,"Kaneko, Chihiro",3,0,0,0,3,0
2015,bs,"Kawabata, Takayoshi",141,32,5,1,17,0
2015,bs,"Kojima, Shuhei",52,8,4,0,12,0
2015,bs,"Koyano, Eiichi",206,54,13,3,22,4
2015,bs,"Matsuba, Takahiro",3,0,0,0,2,0
2015,bs,"Miyazaki, Yuki",148,33,13,1,25,0
2015,bs,"Nakajima, Hiroyuki",483,100,53,12,93,10
2015,bs,"Nakamura, Issei",38,7,0,0,8,0
2015,bs,"Nishi, Yuki",2,0,0,0,0,0
2015,bs,"Nishino, Masahiro",213,58,18,2,25,3
2015,bs,"Oda, Yuya",97,29,4,1,23,2
2015,bs,"Okada, Takahiro",416,109,17,6,80,11
2015,bs,"Sakaguchi, Tomotaka",121,28,12,0,18,1
2015,bs,"Shimada, Takuya",152,30,12,0,30,2
2015,bs,"Takeda, Kengo",16,1,1,0,4,0
2015,bs,"Takehara, Naotaka",88,20,12,1,14,2
2015,bs,"Tanaka, Daisuke",1,0,0,0,1,0
2015,bs,"Tani, Yoshitomo",32,5,4,1,2,0
2015,bs,"Tomei, Daiki",4,1,0,0,3,0
2015,bs,"Tsuchiya, Teppei",22,3,0,0,2,0
2015,bs,"Tsutsumi, Yuki",5,0,0,0,3,0
2015,bs,"Wakatsuki, Kenya",11,1,0,0,2,0
2015,bs,"Yamamoto, Kazunao",8,0,0,0,3,0
2015,bs,"Yamasaki, Sachiya",3,1,0,0,0,0
2015,bs,"Yamazaki, Katsuki",188,30,13,8,31,0
2015,bs,"Yoshida, Kazumasa",1,0,0,0,1,0
2016,bs,"Adachi, Ryoichi",488,110,42,4,53,1
2016,bs,"Blanco, Tony",94,17,14,1,26,3
2016,bs,"Bogusevic, Brian",193,32,15,7,48,3
2016,bs,"Clark, Matt",34,5,5,0,11,2
2016,bs,"Dickson, Brandon",6,3,0,0,1,0
2016,bs,"Fushimi, Torai",35,8,0,2,6,0
2016,bs,"Goto, Shunta",239,41,11,2,40,1
2016,bs,"Hara, Takuya",43,7,5,0,7,0
2016,bs,"Ito, Hikaru",203,45,3,1,36,3
2016,bs,"Itoi, Yoshio",616,163,75,7,84,17
2016,bs,"Iwasaki, Kyohei",15,3,1,0,5,0
2016,bs,"Kawabata, Takayoshi",71,12,0,1,11,0
2016,bs,"Kojima, Shuhei",219,49,9,3,29,0
2016,bs,"Koyano, Eiichi",189,44,3,1,30,4
2016,bs,"Matsuba, Takahiro",2,2,0,0,0,0
2016,bs,"Miyazaki, Yuki",49,10,3,1,8,0
2016,bs,"Morel, Brent",348,75,30,6,88,8
2016,bs,"Mune, Yuma",4,0,0,0,3,0
2016,bs,"Nakajima, Hiroyuki",347,91,26,3,54,8
2016,bs,"Nakamura, Issei",5,1,0,0,1,0
2016,bs,"Nishi, Yuki",4,1,0,0,1,0
2016,bs,"Nishino, Masahiro",610,142,56,2,55,2
2016,bs,"Oda, Yuya",58,7,5,0,19,0
2016,bs,"Okada, Takahiro",513,129,47,7,105,20
2016,bs,"Okunami, Kyo",42,9,7,1,11,0
2016,bs,"Oshiro, Koji",177,36,5,0,38,0
2016,bs,"Shimada, Takuya",46,7,2,0,8,1
2016,bs,"Sonobe, Satoshi",57,11,2,1,24,1
2016,bs,"Sugimoto, Yutaro",3,0,0,0,2,0
2016,bs,"Suzuki, Kohei",43,7,1,0,8,0
2016,bs,"Takeda, Kengo",20,2,0,0,3,0
2016,bs,"Tomei, Daiki",5,1,0,0,3,0
2016,bs,"Tsutsumi, Yuki",1,0,0,0,0,0
2016,bs,"Wakatsuki, Kenya",262,52,4,6,42,0
2016,bs,"Yamada, Nobuyoshi",1,0,0,0,0,0
2016,bs,"Yamasaki, Sachiya",2,0,0,0,0,0
2016,bs,"Yamazaki, Katsuki",80,10,3,0,16,0
2016,bs,"Yoshida, Masataka",258,67,25,1,34,10
2017,bs,"Adachi, Ryoichi",380,64,37,10,61,3
2017,bs,"Akama, Ken",1,0,0,0,0,0
2017,bs,"Dickson, Brandon",1,0,0,0,0,0
2017,bs,"Fushimi, Torai",1,0,0,0,1,0
2017,bs,"Goto, Shunta",329,71,15,1,76,2
2017,bs,"Hirano, Yoshihisa",1,0,0,0,1,0
2017,bs,"Iida, Daisuke",3,0,0,0,2,0
2017,bs,"Ito, Hikaru",239,37,18,2,47,5
2017,bs,"Iwasaki, Kyohei",11,1,0,0,2,0
2017,bs,"Kaneko, Chihiro",5,0,0,0,3,0
2017,bs,"Kawabata, Takayoshi",28,6,0,0,2,0
2017,bs,"Kojima, Shuhei",182,35,7,0,21,2
2017,bs,"Koyano, Eiichi",506,130,28,3,60,6
2017,bs,"Marrero, Chris",319,82,29,5,84,20
2017,bs,"Matsuba, Takahiro",5,0,0,0,4,0
2017,bs,"Miyazaki, Yuki",146,37,6,1,32,2
2017,bs,"Morel, Brent",110,27,12,0,28,1
2017,bs,"Mune, Yuma",26,4,3,1,6,0
2017,bs,"Nakajima, Hiroyuki",489,123,46,7,93,9
2017,bs,"Nishi, Yuki",5,1,0,0,2,0
2017,bs,"Nishino, Masahiro",331,66,24,6,46,2
2017,bs,"Oda, Yuya",20,1,1,0,7,0
2017,bs,"Okada, Takahiro",593,134,83,5,141,31
2017,bs,"Okazaki, Daisuke",14,2,0,0,3,0
2017,bs,"Oshiro, Koji",400,85,16,3,59,2
2017,bs,"Romero, Stefen",424,107,27,6,98,26
2017,bs,"Shimada, Takuya",9,1,2,0,1,0
2017,bs,"Sugimoto, Yutaro",17,2,0,0,6,1
2017,bs,"Suzuki, Kohei",39,3,0,0,8,0
2017,bs,"Takeda, Kengo",219,61,5,3,47,2
2017,bs,"Tomei, Daiki",1,0,0,0,0,0
2017,bs,"Wakatsuki, Kenya",256,44,10,3,50,1
2017,bs,"Yamaoka, Taisuke",3,0,0,0,2,0
2017,bs,"Yamazaki, Katsuki",22,2,2,0,4,0
2017,bs,"Yoshida, Masataka",268,71,38,1,32,12
2017,bs,"Yoshida, Yuto",8,0,0,0,3,0
2018,bs,"Adachi, Ryoichi",514,102,25,3,64,3
2018,bs,"Albers, Andrew",5,0,0,0,2,0
2018,bs,"Fukuda, Shuhei",345,78,31,3,33,1
2018,bs,"Fushimi, Torai",201,51,12,2,39,1
2018,bs,"Goto, Shunta",43,8,3,2,12,0
2018,bs,"Higa, Motoki",1,0,0,0,1,0
2018,bs,"Iida, Daisuke",3,0,1,0,1,0
2018,bs,"Ito, Hikaru",16,0,2,0,3,0
2018,bs,"Kaneko, Chihiro",5,0,0,0,2,0
2018,bs,"Kojima, Shuhei",54,6,4,0,9,0
2018,bs,"Koyano, Eiichi",258,48,22,2,41,1
2018,bs,"Kuroki, Yuta",1,0,0,0,1,0
2018,bs,"Marrero, Chris",245,44,24,1,68,11
2018,bs,"Miyazaki, Yuki",102,20,14,3,22,3
2018,bs,"Mune, Yuma",289,62,15,3,53,5
2018,bs,"Nakajima, Hiroyuki",251,65,21,3,38,5
2018,bs,"Nishi, Yuki",4,0,0,0,3,0
2018,bs,"Nishimura, Ryo",93,17,3,0,27,2
2018,bs,"Nishino, Masahiro",207,55,12,0,28,0
2018,bs,"Nishiura, Hayato",7,1,1,0,3,0
2018,bs,"Oda, Yuya",164,41,12,3,38,2
2018,bs,"Okada, Takahiro",333,67,31,2,82,13
2018,bs,"Oshiro, Koji",428,87,28,3,77,4
2018,bs,"Romero, Stefen",501,105,42,10,114,25
2018,bs,"Shirasaki, Hiroyuki",73,16,3,2,20,1
2018,bs,"Sugimoto, Yutaro",14,3,1,1,3,2
2018,bs,"Suzuki, Kohei",22,3,0,2,4,0
2018,bs,"Tajima, Daiki",1,0,0,0,1,0
2018,bs,"Takeda, Kengo",107,21,2,2,20,1
2018,bs,"Wakatsuki, Kenya",302,66,7,2,80,1
2018,bs,"Yamaashi, Tatsuya",72,10,7,3,15,1
2018,bs,"Yamamoto, Yoshinobu",1,0,0,0,1,0
2018,bs,"Yamasaki, Sachiya",3,1,0,0,2,0
2018,bs,"Yamazaki, Katsuki",104,19,4,0,21,0
2018,bs,"Yoshida, Masataka",598,165,69,7,74,26
2018,bs,"Yoshida, Yuto",6,1,0,0,1,0
